사고번호,사고일시,요일,시군구,사고내용,사망자수,중상자수,경상자수,부상신고자수,사고유형,법규위반,노면상태,기상상태,도로형태,가해운전자 차종,가해운전자 성별,가해운전자 연령,가해운전자 상해정도,피해운전자 차종,피해운전자 성별,피해운전자 연령,피해운전자 상해정도
2020012300100575,2020년 1월 23일 18시,목요일,충청북도 진천군 문백면,경상사고,0,0,2,0,차대차 - 측면충돌,중앙선침범,건조,맑음,단일로 - 기타,화물,남,60세,상해없음,승용,남,38세,상해없음
2020012300100708,2020년 1월 23일 21시,목요일,충청북도 청주시 청원구 사천동,경상사고,0,0,1,0,차대차 - 기타,교차로운행방법위반,건조,맑음,교차로 - 교차로안,승합,여,52세,상해없음,기타불명,남,50세,경상
2020012300100709,2020년 1월 23일 21시,목요일,충청북도 청주시 흥덕구 가경동,경상사고,0,0,1,0,차대차 - 측면충돌,안전거리미확보,건조,맑음,단일로 - 기타,승용,여,38세,상해없음,이륜,남,18세,경상
2020012300100757,2020년 1월 23일 23시,목요일,충청북도 충주시 연수동,경상사고,0,0,1,0,차대차 - 추돌,안전운전불이행,건조,맑음,교차로 - 교차로부근,승용,남,48세,상해없음,승용,남,59세,경상
2020012400100040,2020년 1월 24일 02시,금요일,충청북도 청주시 서원구 사창동,경상사고,0,0,1,0,차대사람 - 횡단중,안전운전불이행,건조,맑음,교차로 - 교차로안,승용,남,28세,상해없음,보행자,여,23세,경상
2020012400100041,2020년 1월 24일 02시,금요일,충청북도 청주시 서원구 남이면,경상사고,0,0,1,0,차대차 - 추돌,안전운전불이행,건조,맑음,단일로 - 기타,화물,남,63세,상해없음,승용,남,28세,경상
2020012400100052,2020년 1월 24일 03시,금요일,충청북도 청주시 청원구 오창읍,경상사고,0,0,1,0,차량단독 - 공작물충돌,안전운전불이행,건조,맑음,교차로 - 교차로안,승용,남,28세,경상,,,,
2020012400100062,2020년 1월 24일 04시,금요일,충청북도 충주시 칠금동,경상사고,0,0,2,0,차대차 - 정면충돌,신호위반,건조,맑음,교차로 - 교차로안,승용,남,48세,상해없음,승용,남,23세,경상
2020012400100063,2020년 1월 24일 04시,금요일,충청북도 괴산군 괴산읍,경상사고,0,0,2,0,차대차 - 측면충돌,직진우회전진행방해,건조,맑음,교차로 - 교차로안,승용,남,49세,경상,화물,남,42세,경상
2020012400100099,2020년 1월 24일 08시,금요일,충청북도 충주시 대소원면,경상사고,0,0,2,0,차대차 - 추돌,안전운전불이행,건조,맑음,단일로 - 기타,승용,남,37세,상해없음,승용,남,33세,경상
2020012400100108,2020년 1월 24일 09시,금요일,충청북도 음성군 감곡면,경상사고,0,0,1,0,차대사람 - 차도통행중,기타,건조,맑음,단일로 - 기타,승용,남,40세,상해없음,보행자,남,74세,경상
2020012400100111,2020년 1월 24일 09시,금요일,충청북도 청주시 서원구 현도면,중상사고,0,1,16,1,차대차 - 기타,안전운전불이행,건조,맑음,단일로 - 기타,승합,남,67세,상해없음,승합,남,49세,상해없음
2020012400100155,2020년 1월 24일 11시,금요일,충청북도 청주시 서원구 사창동,경상사고,0,0,1,0,차대차 - 기타,안전운전불이행,건조,맑음,교차로 - 교차로부근,원동기,남,49세,경상,승용,남,45세,상해없음
2020012400100177,2020년 1월 24일 12시,금요일,충청북도 청주시 상당구 문의면,경상사고,0,0,2,0,차대차 - 추돌,안전운전불이행,건조,맑음,단일로 - 지하차도(도로)내,승용,남,39세,상해없음,승용,남,35세,경상
2020012400100212,2020년 1월 24일 13시,금요일,충청북도 진천군 문백면,중상사고,0,1,1,0,차대차 - 추돌,안전거리미확보,건조,맑음,단일로 - 기타,승용,남,30세,상해없음,승용,여,51세,경상
2020012400100263,2020년 1월 24일 15시,금요일,충청북도 제천시 중앙로2가,경상사고,0,0,2,0,차대차 - 기타,안전거리미확보,건조,맑음,기타 - 기타,승용,남,78세,상해없음,승합,남,32세,상해없음
2020012400100264,2020년 1월 24일 15시,금요일,충청북도 음성군 음성읍,경상사고,0,0,1,0,차대차 - 측면충돌,교차로운행방법위반,건조,맑음,교차로 - 교차로안,승용,남,62세,상해없음,승용,남,33세,경상
2020012400100289,2020년 1월 24일 16시,금요일,충청북도 청주시 청원구 율량동,경상사고,0,0,3,0,차대차 - 기타,신호위반,건조,맑음,교차로 - 교차로부근,승용,남,62세,상해없음,승용,남,38세,경상
2020012400100290,2020년 1월 24일 16시,금요일,충청북도 옥천군 옥천읍,경상사고,0,0,1,0,차대차 - 측면충돌,기타,건조,맑음,교차로 - 교차로안,이륜,여,71세,경상,승용,남,21세,상해없음
2020012400100291,2020년 1월 24일 16시,금요일,충청북도 청주시 상당구 금천동,경상사고,0,0,2,0,차대차 - 측면충돌,교차로운행방법위반,건조,맑음,교차로 - 교차로안,승용,남,29세,경상,승용,남,59세,경상
2020012400100335,2020년 1월 24일 18시,금요일,충청북도 청주시 상당구 남일면,중상사고,0,1,0,0,차대사람 - 기타,안전운전불이행,건조,맑음,단일로 - 기타,승용,남,40세,상해없음,보행자,남,64세,중상
2020012400100420,2020년 1월 24일 21시,금요일,충청북도 청주시 서원구 죽림동,경상사고,0,0,2,0,차대차 - 기타,신호위반,건조,맑음,교차로 - 교차로안,승용,여,26세,상해없음,승용,남,53세,경상
2020012400100437,2020년 1월 24일 22시,금요일,충청북도 충주시 문화동,경상사고,0,0,4,0,차대차 - 추돌,안전운전불이행,건조,맑음,단일로 - 기타,승용,남,23세,상해없음,승용,남,24세,경상
2020012500100002,2020년 1월 25일 00시,토요일,충청북도 괴산군 괴산읍,경상사고,0,0,1,0,차대차 - 측면충돌,신호위반,건조,맑음,교차로 - 교차로안,승용,남,54세,상해없음,승용,여,55세,경상
2020012500100003,2020년 1월 25일 00시,토요일,충청북도 청주시 서원구 개신동,경상사고,0,0,2,0,차대차 - 측면충돌,신호위반,건조,맑음,교차로 - 교차로안,승용,남,49세,상해없음,승용,남,54세,상해없음
2020012500100041,2020년 1월 25일 06시,토요일,충청북도 충주시 산척면,중상사고,0,1,2,0,차대차 - 추돌,안전운전불이행,건조,맑음,교차로 - 교차로부근,승용,여,53세,경상,승용,남,64세,중상
2020012500100047,2020년 1월 25일 07시,토요일,충청북도 제천시 화산동,경상사고,0,0,2,0,차대차 - 측면충돌,기타,건조,맑음,기타 - 기타,승용,남,55세,경상,승용,남,49세,상해없음
2020012500100048,2020년 1월 25일 07시,토요일,충청북도 진천군 진천읍,경상사고,0,0,2,0,차대차 - 정면충돌,중앙선침범,건조,맑음,단일로 - 기타,승용,남,40세,상해없음,승용,남,61세,경상
2020012500100149,2020년 1월 25일 13시,토요일,충청북도 단양군 대강면,경상사고,0,0,2,0,차대차 - 측면충돌,직진우회전진행방해,건조,맑음,교차로 - 교차로안,화물,남,58세,상해없음,승용,남,40세,경상
2020012500100196,2020년 1월 25일 15시,토요일,충청북도 청주시 흥덕구 가경동,경상사고,0,0,2,0,차대차 - 측면충돌,안전운전불이행,건조,맑음,단일로 - 기타,승용,여,25세,상해없음,승용,남,57세,경상
2020012500100197,2020년 1월 25일 15시,토요일,충청북도 옥천군 옥천읍,중상사고,0,1,0,0,차량단독 - 공작물충돌,안전운전불이행,건조,맑음,단일로 - 기타,승용,남,62세,상해없음,,,,
2020012500100301,2020년 1월 25일 20시,토요일,충청북도 제천시 신백동,경상사고,0,0,1,0,차대차 - 기타,안전운전불이행,건조,맑음,단일로 - 기타,승용,남,51세,상해없음,화물,남,60세,경상
2020012500100302,2020년 1월 25일 20시,토요일,충청북도 청주시 서원구 분평동,경상사고,0,0,1,0,차대사람 - 횡단중,안전운전불이행,건조,맑음,단일로 - 지하차도(도로)내,승용,남,23세,상해없음,보행자,여,58세,경상
2020012500100337,2020년 1월 25일 22시,토요일,충청북도 청주시 흥덕구 운천동,경상사고,0,0,4,0,차대차 - 추돌,안전운전불이행,건조,맑음,교차로 - 교차로부근,승합,남,54세,상해없음,승용,남,22세,경상
2020012600100005,2020년 1월 26일 00시,일요일,충청북도 충주시 봉방동,경상사고,0,0,3,0,차대차 - 기타,안전운전불이행,건조,맑음,교차로 - 교차로부근,승용,여,38세,상해없음,승용,남,32세,경상
2020012600100032,2020년 1월 26일 03시,일요일,충청북도 청주시 서원구 현도면,경상사고,0,0,3,0,차대차 - 추돌,안전운전불이행,건조,맑음,단일로 - 기타,승용,남,22세,기타불명,승용,남,49세,경상
2020012600100155,2020년 1월 26일 14시,일요일,충청북도 제천시 의림동,경상사고,0,0,2,0,차대차 - 추돌,안전운전불이행,건조,맑음,교차로 - 교차로부근,승용,남,62세,상해없음,승용,남,39세,경상
2020012600100209,2020년 1월 26일 17시,일요일,충청북도 청주시 청원구 내덕동,경상사고,0,0,1,0,차대차 - 정면충돌,신호위반,건조,맑음,교차로 - 교차로안,승용,남,32세,상해없음,이륜,남,37세,경상
2020012600100229,2020년 1월 26일 18시,일요일,충청북도 제천시 청전동,경상사고,0,0,5,0,차대차 - 측면충돌,직진우회전진행방해,건조,맑음,교차로 - 교차로안,승용,남,60세,상해없음,승용,남,51세,경상
2020012600100230,2020년 1월 26일 18시,일요일,충청북도 청주시 서원구 분평동,경상사고,0,0,2,0,차대차 - 추돌,안전운전불이행,건조,맑음,단일로 - 기타,기타불명,기타불명,미분류,기타불명,승용,여,26세,경상
2020012600100257,2020년 1월 26일 19시,일요일,충청북도 청주시 서원구 개신동,중상사고,0,1,2,0,차대차 - 정면충돌,중앙선침범,건조,맑음,교차로 - 교차로안,이륜,남,59세,중상,승용,남,47세,상해없음
2020012600100307,2020년 1월 26일 21시,일요일,충청북도 청주시 서원구 사창동,경상사고,0,0,2,0,차대차 - 측면충돌,신호위반,건조,맑음,단일로 - 기타,승용,남,43세,상해없음,승용,남,25세,경상
2020012600100308,2020년 1월 26일 21시,일요일,충청북도 청주시 흥덕구 오송읍,경상사고,0,0,5,0,차대차 - 추돌,안전거리미확보,건조,맑음,단일로 - 기타,승용,남,51세,경상,승용,남,59세,경상
2020012600100323,2020년 1월 26일 22시,일요일,충청북도 청주시 청원구 율량동,경상사고,0,0,1,0,차대차 - 기타,차로위반,건조,맑음,단일로 - 기타,승용,여,49세,상해없음,승용,남,58세,상해없음
2020012700100007,2020년 1월 27일 00시,월요일,충청북도 진천군 광혜원면,경상사고,0,0,1,0,차대사람 - 기타,안전운전불이행,건조,맑음,단일로 - 기타,승용,남,36세,상해없음,보행자,남,47세,경상
2020012700100048,2020년 1월 27일 03시,월요일,충청북도 충주시 연수동,경상사고,0,0,1,0,차대사람 - 기타,안전운전불이행,건조,맑음,교차로 - 교차로안,승용,남,24세,상해없음,보행자,남,18세,경상
2020012700100096,2020년 1월 27일 08시,월요일,충청북도 진천군 백곡면,경상사고,0,0,1,0,차량단독 - 전도전복 - 전도,안전운전불이행,건조,맑음,단일로 - 기타,이륜,남,24세,경상,,,,
2020012700100131,2020년 1월 27일 11시,월요일,충청북도 제천시 하소동,경상사고,0,0,2,0,차대차 - 측면충돌,신호위반,건조,맑음,교차로 - 교차로안,승용,남,56세,경상,승용,여,49세,경상
2020012700100187,2020년 1월 27일 14시,월요일,충청북도 제천시 산곡동,경상사고,0,0,4,0,차대차 - 측면충돌,안전운전불이행,건조,맑음,기타 - 기타,승용,남,48세,경상,화물,남,38세,경상
2020012700100207,2020년 1월 27일 15시,월요일,충청북도 음성군 음성읍,경상사고,0,0,1,0,차대차 - 후진중충돌,안전운전불이행,건조,맑음,교차로 - 교차로부근,승용,남,81세,상해없음,승용,남,27세,경상
2020012700100208,2020년 1월 27일 15시,월요일,충청북도 옥천군 청산면,경상사고,0,0,1,0,차량단독 - 도로외이탈 - 추락,안전운전불이행,젖음/습기,비,단일로 - 기타,승용,남,32세,경상,,,,
2020012700100209,2020년 1월 27일 15시,월요일,충청북도 단양군 매포읍,경상사고,0,0,1,1,차량단독 - 공작물충돌,안전운전불이행,젖음/습기,비,기타 - 기타,승용,여,58세,경상,,,,
2020012700100238,2020년 1월 27일 16시,월요일,충청북도 청주시 흥덕구 오송읍,경상사고,0,0,1,0,차대차 - 후진중충돌,안전운전불이행,젖음/습기,비,단일로 - 기타,승용,남,51세,상해없음,이륜,남,31세,경상
2020012700100253,2020년 1월 27일 17시,월요일,충청북도 충주시 용산동,중상사고,0,1,0,0,차대사람 - 횡단중,안전운전불이행,젖음/습기,비,단일로 - 기타,승용,남,24세,상해없음,보행자,여,45세,중상
2020012700100254,2020년 1월 27일 17시,월요일,충청북도 청주시 서원구 남이면,경상사고,0,0,1,0,차대차 - 후진중충돌,안전운전불이행,젖음/습기,비,교차로 - 교차로부근,승용,여,66세,상해없음,승용,남,33세,경상
2020012700100285,2020년 1월 27일 18시,월요일,충청북도 음성군 음성읍,사망사고,1,0,0,0,차량단독 - 공작물충돌,안전운전불이행,젖음/습기,비,교차로 - 교차로부근,화물,남,61세,사망,,,,
2020012700100286,2020년 1월 27일 18시,월요일,충청북도 청주시 흥덕구 복대동,중상사고,0,1,2,0,차대차 - 측면충돌,신호위반,젖음/습기,비,교차로 - 교차로안,승용,남,31세,경상,승용,여,33세,중상
2020012700100287,2020년 1월 27일 18시,월요일,충청북도 청주시 서원구 수곡동,중상사고,0,1,0,0,차대사람 - 횡단중,신호위반,젖음/습기,비,교차로 - 교차로횡단보도내,승용,남,56세,상해없음,보행자,여,21세,중상
2020012700100330,2020년 1월 27일 19시,월요일,충청북도 충주시 교현동,경상사고,0,0,1,1,차대사람 - 횡단중,안전운전불이행,젖음/습기,비,교차로 - 교차로안,이륜,남,25세,부상신고,보행자,남,59세,경상
2020012700100331,2020년 1월 27일 19시,월요일,충청북도 청주시 흥덕구 비하동,경상사고,0,0,1,0,차대차 - 기타,신호위반,젖음/습기,비,교차로 - 교차로안,기타불명,기타불명,미분류,기타불명,이륜,남,23세,경상
2020012700100332,2020년 1월 27일 19시,월요일,충청북도 청주시 서원구 모충동,경상사고,0,0,1,0,차대차 - 측면충돌,교차로운행방법위반,건조,맑음,교차로 - 교차로안,이륜,남,45세,경상,승용,남,27세,상해없음
2020012700100367,2020년 1월 27일 20시,월요일,충청북도 청주시 흥덕구 오송읍,부상신고사고,0,0,0,1,차대사람 - 횡단중,안전운전불이행,건조,맑음,단일로 - 기타,기타불명,기타불명,미분류,기타불명,보행자,남,27세,부상신고
2020012700100368,2020년 1월 27일 20시,월요일,충청북도 청주시 흥덕구 비하동,경상사고,0,0,6,0,차대차 - 기타,차로위반,젖음/습기,비,단일로 - 기타,승용,남,44세,경상,승용,남,42세,경상
2020012700100370,2020년 1월 27일 20시,월요일,충청북도 청주시 흥덕구 강내면,중상사고,0,1,4,1,차대차 - 추돌,안전거리미확보,젖음/습기,비,단일로 - 기타,승용,남,30세,상해없음,승합,남,35세,중상
2020012700100405,2020년 1월 27일 21시,월요일,충청북도 제천시 중앙로2가,경상사고,0,0,1,0,차대차 - 추돌,안전운전불이행,젖음/습기,비,교차로 - 교차로부근,승용,남,53세,상해없음,승용,남,59세,경상
2020012700100406,2020년 1월 27일 21시,월요일,충청북도 제천시 중앙로2가,경상사고,0,0,3,0,차대차 - 기타,신호위반,젖음/습기,비,교차로 - 교차로안,승용,남,53세,상해없음,승용,남,65세,경상
2020012700100407,2020년 1월 27일 21시,월요일,충청북도 음성군 맹동면,경상사고,0,0,1,0,차대차 - 추돌,안전운전불이행,젖음/습기,비,교차로 - 교차로부근,승용,남,30세,상해없음,승용,남,40세,경상
2020012700100408,2020년 1월 27일 21시,월요일,충청북도 청주시 흥덕구 복대동,경상사고,0,0,1,0,차대차 - 추돌,안전운전불이행,젖음/습기,비,단일로 - 기타,승용,여,32세,상해없음,승용,여,22세,경상
2020012700100431,2020년 1월 27일 22시,월요일,충청북도 충주시 봉방동,중상사고,0,1,0,0,차대사람 - 횡단중,안전운전불이행,건조,맑음,기타 - 기타,승합,남,50세,상해없음,보행자,남,55세,중상
2020012700100449,2020년 1월 27일 23시,월요일,충청북도 제천시 장락동,경상사고,0,0,1,0,차대차 - 추돌,안전운전불이행,젖음/습기,비,교차로 - 교차로부근,승용,남,28세,상해없음,승용,여,53세,경상
2020012800100029,2020년 1월 28일 03시,화요일,충청북도 청주시 상당구 방서동,경상사고,0,0,2,0,차대차 - 후진중충돌,안전운전불이행,건조,맑음,교차로 - 교차로부근,승용,여,47세,상해없음,승용,남,32세,경상
2020012800100072,2020년 1월 28일 07시,화요일,충청북도 충주시 산척면,중상사고,0,2,0,0,차대차 - 기타,안전운전불이행,건조,맑음,단일로 - 기타,화물,남,56세,중상,농기계,남,59세,중상
2020012800100100,2020년 1월 28일 08시,화요일,충청북도 충주시 중앙탑면,경상사고,0,0,2,0,차대차 - 측면충돌,안전운전불이행,건조,맑음,교차로 - 교차로안,승용,여,42세,상해없음,승용,여,38세,경상
2020012800100101,2020년 1월 28일 08시,화요일,충청북도 괴산군 청천면,중상사고,0,1,1,0,차대차 - 측면충돌,안전운전불이행,건조,맑음,교차로 - 교차로부근,농기계,남,64세,상해없음,화물,남,33세,경상
2020012800100102,2020년 1월 28일 08시,화요일,충청북도 청주시 흥덕구 송정동,경상사고,0,0,2,0,차대차 - 기타,안전운전불이행,건조,맑음,교차로 - 교차로부근,승용,남,44세,상해없음,승용,여,32세,경상
2020012800100103,2020년 1월 28일 08시,화요일,충청북도 청주시 서원구 남이면,경상사고,0,0,2,0,차대차 - 기타,안전운전불이행,건조,맑음,단일로 - 기타,승용,여,40세,경상,건설기계,남,52세,경상
2020012800100126,2020년 1월 28일 09시,화요일,충청북도 청주시 청원구 오창읍,경상사고,0,0,2,0,차대차 - 기타,안전운전불이행,건조,맑음,단일로 - 기타,승용,여,38세,상해없음,승용,여,44세,경상
2020012800100127,2020년 1월 28일 09시,화요일,충청북도 충주시 충의동,경상사고,0,0,1,0,차대사람 - 기타,안전운전불이행,건조,맑음,단일로 - 기타,승용,남,63세,상해없음,보행자,여,45세,경상
2020012800100160,2020년 1월 28일 10시,화요일,충청북도 충주시 금릉동,경상사고,0,0,1,0,차대차 - 기타,차로위반,건조,맑음,교차로 - 교차로부근,승용,남,80세,상해없음,승용,남,28세,경상
2020012800100161,2020년 1월 28일 10시,화요일,충청북도 충주시 엄정면,경상사고,0,0,1,0,차대차 - 측면충돌,안전운전불이행,건조,맑음,교차로 - 교차로안,승용,남,81세,상해없음,승용,여,56세,경상
2020012800100305,2020년 1월 28일 15시,화요일,충청북도 청주시 서원구 사창동,경상사고,0,0,1,0,차대차 - 후진중충돌,안전운전불이행,건조,맑음,교차로 - 교차로부근,승용,남,62세,상해없음,이륜,남,21세,경상
2020012800100331,2020년 1월 28일 16시,화요일,충청북도 진천군 진천읍,중상사고,0,1,0,0,차대차 - 측면충돌,차로위반,건조,맑음,교차로 - 교차로부근,승용,여,38세,상해없음,승용,남,54세,중상
2020012800100332,2020년 1월 28일 16시,화요일,충청북도 청주시 흥덕구 오송읍,경상사고,0,0,2,0,차대차 - 측면충돌,안전운전불이행,건조,맑음,교차로 - 교차로횡단보도내,이륜,남,31세,경상,자전거,남,12세,경상
2020012800100387,2020년 1월 28일 18시,화요일,충청북도 청주시 서원구 사창동,경상사고,0,0,1,0,차대차 - 기타,안전운전불이행,건조,맑음,교차로 - 교차로부근,승용,여,65세,상해없음,승용,여,54세,경상
2020012800100434,2020년 1월 28일 19시,화요일,충청북도 청주시 서원구 산남동,경상사고,0,0,1,0,차대차 - 추돌,안전운전불이행,건조,맑음,교차로 - 교차로부근,승용,남,48세,상해없음,승용,남,63세,경상
2020012800100481,2020년 1월 28일 21시,화요일,충청북도 충주시 중앙탑면,중상사고,0,1,0,0,차대차 - 측면충돌,안전운전불이행,건조,흐림,단일로 - 기타,승용,남,27세,상해없음,이륜,남,39세,중상
2020012800100503,2020년 1월 28일 22시,화요일,충청북도 청주시 청원구 주중동,중상사고,0,1,2,0,차대차 - 추돌,안전운전불이행,건조,맑음,교차로 - 교차로부근,승용,남,55세,상해없음,화물,남,68세,경상
2020012900100020,2020년 1월 29일 01시,수요일,충청북도 괴산군 괴산읍,중상사고,0,1,0,0,차대사람 - 기타,안전운전불이행,건조,맑음,단일로 - 기타,승용,여,65세,상해없음,보행자,여,81세,중상
2020012900100021,2020년 1월 29일 01시,수요일,충청북도 청주시 서원구 수곡동,중상사고,0,1,0,0,차대차 - 측면충돌,안전운전불이행,건조,맑음,단일로 - 기타,승용,남,59세,상해없음,이륜,남,19세,중상
2020012900100050,2020년 1월 29일 05시,수요일,충청북도 충주시 칠금동,중상사고,0,1,0,0,차량단독 - 공작물충돌,안전운전불이행,건조,흐림,단일로 - 기타,화물,남,56세,중상,,,,
2020012900100075,2020년 1월 29일 07시,수요일,충청북도 청주시 청원구 우암동,중상사고,0,1,0,0,차대차 - 기타,신호위반,건조,맑음,교차로 - 교차로안,승합,남,53세,상해없음,자전거,남,83세,중상
2020012900100098,2020년 1월 29일 08시,수요일,충청북도 옥천군 옥천읍,중상사고,0,2,1,0,차대차 - 측면충돌,신호위반,건조,맑음,교차로 - 교차로안,화물,남,50세,경상,승용,남,40세,중상
2020012900100146,2020년 1월 29일 10시,수요일,충청북도 음성군 맹동면,중상사고,0,1,1,0,차대차 - 측면충돌,직진우회전진행방해,젖음/습기,맑음,교차로 - 교차로안,승용,남,42세,경상,승용,여,51세,중상
2020012900100164,2020년 1월 29일 11시,수요일,충청북도 충주시 연수동,중상사고,0,1,0,0,차대차 - 정면충돌,직진우회전진행방해,건조,맑음,교차로 - 교차로안,승용,여,46세,상해없음,이륜,남,29세,중상
2020012900100200,2020년 1월 29일 12시,수요일,충청북도 충주시 교현동,경상사고,0,0,6,0,차대차 - 기타,안전운전불이행,건조,맑음,단일로 - 기타,승용,여,43세,경상,승용,남,21세,경상
2020012900100201,2020년 1월 29일 12시,수요일,충청북도 음성군 맹동면,경상사고,0,0,3,0,차대차 - 추돌,안전거리미확보,건조,맑음,단일로 - 기타,승용,남,41세,경상,승용,여,70세,경상
2020012900100202,2020년 1월 29일 12시,수요일,충청북도 진천군 덕산면,중상사고,0,2,1,0,차대차 - 측면충돌,안전거리미확보,건조,맑음,교차로 - 교차로안,승용,남,41세,경상,승용,남,23세,중상
2020012900100203,2020년 1월 29일 12시,수요일,충청북도 진천군 이월면,경상사고,0,0,1,0,차대차 - 측면충돌,안전운전불이행,건조,맑음,주차장 - 주차장,승용,남,20세,상해없음,화물,남,70세,경상
2020012900100204,2020년 1월 29일 12시,수요일,충청북도 청주시 흥덕구 석소동,경상사고,0,0,1,0,차대차 - 기타,안전운전불이행,건조,맑음,기타 - 기타,화물,남,64세,상해없음,승용,남,25세,경상
2020012900100229,2020년 1월 29일 13시,수요일,충청북도 충주시 노은면,중상사고,0,1,1,0,차대차 - 기타,안전운전불이행,건조,맑음,단일로 - 기타,승합,남,55세,상해없음,승용,남,71세,경상
2020012900100252,2020년 1월 29일 14시,수요일,충청북도 청주시 흥덕구 가경동,경상사고,0,0,1,0,차대차 - 측면충돌,신호위반,건조,맑음,교차로 - 교차로안,승용,남,28세,상해없음,승용,여,29세,경상
2020012900100253,2020년 1월 29일 14시,수요일,충청북도 음성군 삼성면,경상사고,0,0,1,0,차대차 - 추돌,안전운전불이행,건조,맑음,단일로 - 기타,화물,남,28세,상해없음,화물,남,52세,상해없음
2020012900100283,2020년 1월 29일 15시,수요일,충청북도 청주시 상당구 석교동,경상사고,0,0,1,0,차대차 - 측면충돌,안전운전불이행,건조,맑음,교차로 - 교차로안,승용,여,66세,경상,승용,남,71세,상해없음
2020012900100314,2020년 1월 29일 16시,수요일,충청북도 청주시 서원구 사직동,중상사고,0,1,0,0,차대차 - 기타,안전운전불이행,건조,맑음,교차로 - 교차로안,이륜,남,82세,중상,승합,남,54세,상해없음
2020012900100315,2020년 1월 29일 16시,수요일,충청북도 청주시 흥덕구 송정동,경상사고,0,0,2,0,차대차 - 측면충돌,안전거리미확보,건조,맑음,교차로 - 교차로부근,승용,여,49세,상해없음,승용,여,39세,경상
2020012900100343,2020년 1월 29일 17시,수요일,충청북도 청주시 청원구 오창읍,경상사고,0,0,2,0,차대차 - 기타,안전운전불이행,건조,맑음,교차로 - 교차로부근,승용,남,28세,상해없음,승용,여,32세,경상
2020012900100344,2020년 1월 29일 17시,수요일,충청북도 충주시 중앙탑면,경상사고,0,0,1,0,차대차 - 기타,안전운전불이행,건조,맑음,단일로 - 기타,화물,남,68세,상해없음,승용,남,47세,경상
2020012900100345,2020년 1월 29일 17시,수요일,충청북도 옥천군 옥천읍,경상사고,0,0,2,0,차대차 - 추돌,안전운전불이행,건조,맑음,교차로 - 교차로부근,승용,남,64세,상해없음,승용,남,40세,경상
2020012900100346,2020년 1월 29일 17시,수요일,충청북도 청주시 흥덕구 복대동,경상사고,0,0,1,0,차대차 - 후진중충돌,안전운전불이행,건조,맑음,교차로 - 교차로안,화물,남,54세,상해없음,이륜,남,34세,경상
2020012900100347,2020년 1월 29일 17시,수요일,충청북도 청주시 흥덕구 송절동,경상사고,0,0,1,0,차대차 - 측면충돌,신호위반,건조,맑음,교차로 - 교차로안,승용,남,42세,상해없음,승용,여,41세,경상
2020012900100380,2020년 1월 29일 18시,수요일,충청북도 청주시 서원구 사창동,중상사고,0,1,0,0,차대사람 - 기타,안전운전불이행,건조,맑음,단일로 - 기타,승용,남,49세,상해없음,보행자,남,80세,중상
2020012900100381,2020년 1월 29일 18시,수요일,충청북도 음성군 맹동면,중상사고,0,1,0,0,차대차 - 측면충돌,안전운전불이행,건조,맑음,교차로 - 교차로부근,승용,남,59세,상해없음,이륜,여,67세,중상
2020012900100465,2020년 1월 29일 21시,수요일,충청북도 청주시 상당구 용암동,경상사고,0,0,2,0,차대차 - 기타,신호위반,건조,맑음,교차로 - 교차로안,승용,남,43세,상해없음,승용,여,29세,경상
2020012900100488,2020년 1월 29일 22시,수요일,충청북도 청주시 서원구 모충동,경상사고,0,0,1,0,차대차 - 추돌,안전운전불이행,건조,맑음,교차로 - 교차로안,승용,남,33세,상해없음,승용,남,51세,경상
2020012900100489,2020년 1월 29일 22시,수요일,충청북도 청주시 상당구 남문로1가동,경상사고,0,0,1,0,차대차 - 측면충돌,신호위반,건조,맑음,단일로 - 지하차도(도로)내,승용,여,36세,상해없음,승용,남,29세,경상
2020012900100490,2020년 1월 29일 22시,수요일,충청북도 음성군 금왕읍,사망사고,1,1,0,0,차대차 - 추돌,과속,건조,맑음,단일로 - 기타,승용,남,44세,사망,건설기계,남,57세,중상
2020012900100508,2020년 1월 29일 23시,수요일,충청북도 제천시 청전동,경상사고,0,0,3,0,차대차 - 기타,안전운전불이행,건조,맑음,단일로 - 기타,승용,여,31세,상해없음,승용,남,40세,상해없음
2020013000100013,2020년 1월 30일 01시,목요일,충청북도 제천시 남천동,경상사고,0,0,1,0,차대사람 - 횡단중,보행자보호의무위반,건조,맑음,교차로 - 교차로횡단보도내,승용,남,31세,상해없음,보행자,남,60세,경상
2020013000100014,2020년 1월 30일 01시,목요일,충청북도 음성군 감곡면,중상사고,0,2,0,0,차량단독 - 도로외이탈 - 추락,안전운전불이행,건조,맑음,교차로 - 교차로부근,이륜,남,16세,중상,,,,
2020013000100015,2020년 1월 30일 01시,목요일,충청북도 청주시 서원구 장암동,경상사고,0,0,2,0,차대차 - 측면충돌,안전운전불이행,건조,맑음,교차로 - 교차로안,화물,남,58세,경상,승합,남,27세,경상
2020013000100029,2020년 1월 30일 03시,목요일,충청북도 제천시 청전동,경상사고,0,0,2,0,차대차 - 정면충돌,신호위반,건조,맑음,교차로 - 교차로안,승용,남,19세,상해없음,승용,여,18세,경상
2020013000100056,2020년 1월 30일 06시,목요일,충청북도 진천군 진천읍,중상사고,0,1,0,0,차대사람 - 기타,안전운전불이행,건조,맑음,단일로 - 기타,승용,남,82세,상해없음,보행자,남,56세,중상
2020013000100080,2020년 1월 30일 07시,목요일,충청북도 청주시 청원구 주중동,경상사고,0,0,1,0,차대차 - 기타,안전운전불이행,건조,맑음,단일로 - 기타,승합,남,69세,상해없음,승용,여,43세,경상