사고번호,사고일시,요일,시군구,사고내용,사망자수,중상자수,경상자수,부상신고자수,사고유형,법규위반,노면상태,기상상태,도로형태,가해운전자 차종,가해운전자 성별,가해운전자 연령,가해운전자 상해정도,피해운전자 차종,피해운전자 성별,피해운전자 연령,피해운전자 상해정도
2020021900100702,2020년 2월 19일 23시,수요일,충청북도 청주시 서원구 사직동,경상사고,0,0,1,0,차대차 - 추돌,차로위반,건조,맑음,교차로 - 교차로부근,승용,남,49세,상해없음,승용,남,61세,상해없음
2020021900100703,2020년 2월 19일 23시,수요일,충청북도 충주시 문화동,경상사고,0,0,2,0,차대차 - 기타,신호위반,젖음/습기,흐림,교차로 - 교차로안,이륜,남,51세,기타불명,승용,남,40세,경상
2020022000100053,2020년 2월 20일 05시,목요일,충청북도 청주시 청원구 우암동,경상사고,0,0,1,0,차대사람 - 횡단중,안전운전불이행,건조,맑음,교차로 - 교차로횡단보도내,승용,남,25세,상해없음,보행자,남,83세,경상
2020022000100066,2020년 2월 20일 06시,목요일,충청북도 청주시 흥덕구 복대동,중상사고,0,1,0,0,차대차 - 추돌,중앙선침범,건조,맑음,교차로 - 교차로부근,승용,남,46세,상해없음,화물,남,41세,중상
2020022000100117,2020년 2월 20일 08시,목요일,충청북도 증평군 증평읍,경상사고,0,0,1,0,차대차 - 측면충돌,직진우회전진행방해,건조,맑음,교차로 - 교차로안,승용,여,26세,상해없음,승용,여,23세,경상
2020022000100118,2020년 2월 20일 08시,목요일,충청북도 옥천군 옥천읍,경상사고,0,0,1,0,차대차 - 정면충돌,안전운전불이행,건조,맑음,단일로 - 기타,승용,여,31세,상해없음,승용,남,32세,경상
2020022000100160,2020년 2월 20일 09시,목요일,충청북도 청주시 서원구 모충동,경상사고,0,0,1,0,차대차 - 측면충돌,신호위반,건조,맑음,교차로 - 교차로부근,승용,남,58세,상해없음,승용,여,41세,경상
2020022000100219,2020년 2월 20일 11시,목요일,충청북도 청주시 흥덕구 정봉동,중상사고,0,1,0,0,차대차 - 추돌,신호위반,건조,맑음,교차로 - 교차로안,화물,남,63세,상해없음,이륜,남,53세,중상
2020022000100297,2020년 2월 20일 13시,목요일,충청북도 충주시 중앙탑면,경상사고,0,0,2,0,차대차 - 측면충돌,신호위반,건조,맑음,교차로 - 교차로안,승용,여,31세,상해없음,승용,여,38세,경상
2020022000100298,2020년 2월 20일 13시,목요일,충청북도 청주시 상당구 용암동,중상사고,0,1,0,0,차대차 - 측면충돌,교차로운행방법위반,건조,맑음,교차로 - 교차로안,승용,여,53세,상해없음,원동기,남,57세,중상
2020022000100299,2020년 2월 20일 13시,목요일,충청북도 청주시 상당구 서문동,경상사고,0,0,1,0,차대차 - 측면충돌,안전운전불이행,건조,맑음,단일로 - 지하차도(도로)내,승용,여,44세,상해없음,승용,여,54세,경상
2020022000100331,2020년 2월 20일 14시,목요일,충청북도 청주시 청원구 율량동,경상사고,0,0,2,0,차대차 - 측면충돌,안전거리미확보,건조,맑음,단일로 - 기타,승용,남,67세,상해없음,승용,남,58세,경상
2020022000100332,2020년 2월 20일 14시,목요일,충청북도 청주시 상당구 미원면,중상사고,0,1,0,0,차대차 - 기타,안전운전불이행,건조,맑음,단일로 - 기타,자전거,남,13세,중상,승용,남,47세,상해없음
2020022000100369,2020년 2월 20일 15시,목요일,충청북도 청주시 흥덕구 오송읍,경상사고,0,0,1,0,차대차 - 측면충돌,안전거리미확보,건조,맑음,교차로 - 교차로부근,승용,여,57세,상해없음,화물,남,60세,경상
2020022000100416,2020년 2월 20일 16시,목요일,충청북도 제천시 장락동,경상사고,0,0,1,0,차대차 - 측면충돌,직진우회전진행방해,건조,맑음,교차로 - 교차로안,승용,남,65세,상해없음,승용,여,41세,경상
2020022000100417,2020년 2월 20일 16시,목요일,충청북도 청주시 흥덕구 가경동,경상사고,0,0,1,0,차대차 - 측면충돌,기타,건조,맑음,교차로 - 교차로안,승용,여,40세,상해없음,자전거,남,8세,경상
2020022000100418,2020년 2월 20일 16시,목요일,충청북도 청주시 상당구 금천동,경상사고,0,0,1,0,차대차 - 추돌,안전운전불이행,건조,맑음,교차로 - 교차로부근,승용,남,50세,상해없음,승용,여,43세,경상
2020022000100457,2020년 2월 20일 17시,목요일,충청북도 음성군 대소면,경상사고,0,0,1,0,차대차 - 측면충돌,차로위반,건조,맑음,단일로 - 기타,특수,남,67세,상해없음,승용,남,26세,경상
2020022000100508,2020년 2월 20일 18시,목요일,충청북도 청주시 청원구 오창읍,경상사고,0,0,3,0,차대차 - 측면충돌,안전운전불이행,건조,맑음,단일로 - 기타,승용,남,61세,상해없음,승용,남,28세,경상
2020022000100601,2020년 2월 20일 20시,목요일,충청북도 청주시 흥덕구 가경동,경상사고,0,0,1,0,차대차 - 기타,안전운전불이행,건조,맑음,단일로 - 기타,승용,남,50세,상해없음,이륜,남,58세,경상
2020022000100602,2020년 2월 20일 20시,목요일,충청북도 청주시 상당구 용암동,경상사고,0,0,1,0,차대차 - 측면충돌,신호위반,건조,맑음,교차로 - 교차로안,승용,남,45세,상해없음,승용,여,60세,경상
2020022000100646,2020년 2월 20일 21시,목요일,충청북도 충주시 교현동,경상사고,0,0,1,0,차대차 - 추돌,안전운전불이행,건조,흐림,기타 - 기타,승용,남,56세,상해없음,승용,남,49세,경상
2020022000100670,2020년 2월 20일 22시,목요일,충청북도 청주시 흥덕구 강서동,경상사고,0,0,1,0,차대차 - 측면충돌,안전운전불이행,건조,맑음,교차로 - 교차로안,승용,여,48세,상해없음,승용,남,26세,경상
2020022000100696,2020년 2월 20일 23시,목요일,충청북도 청주시 서원구 성화동,경상사고,0,0,1,0,차대차 - 기타,안전운전불이행,건조,맑음,교차로 - 교차로부근,승용,남,31세,상해없음,승용,남,65세,경상
2020022100100009,2020년 2월 21일 00시,금요일,충청북도 청주시 청원구 오창읍,중상사고,0,1,0,0,차대차 - 추돌,신호위반,건조,맑음,교차로 - 교차로부근,승용,남,45세,상해없음,승용,남,37세,중상
2020022100100010,2020년 2월 21일 00시,금요일,충청북도 진천군 진천읍,경상사고,0,0,1,0,차량단독 - 공작물충돌,안전운전불이행,건조,맑음,단일로 - 기타,화물,남,52세,경상,,,,
2020022100100011,2020년 2월 21일 00시,금요일,충청북도 청주시 흥덕구 복대동,경상사고,0,0,2,0,차대차 - 추돌,안전운전불이행,건조,맑음,교차로 - 교차로부근,승용,남,28세,상해없음,승용,남,62세,경상
2020022100100012,2020년 2월 21일 00시,금요일,충청북도 청주시 흥덕구 봉명동,경상사고,0,0,2,0,차대차 - 추돌,불법유턴,건조,맑음,교차로 - 교차로안,승용,여,43세,상해없음,승용,남,41세,경상
2020022100100013,2020년 2월 21일 00시,금요일,충청북도 청주시 흥덕구 강내면,중상사고,0,1,0,0,차량단독 - 공작물충돌,안전운전불이행,건조,맑음,단일로 - 기타,승용,남,26세,중상,,,,
2020022100100072,2020년 2월 21일 05시,금요일,충청북도 음성군 금왕읍,중상사고,0,1,0,0,차대사람 - 횡단중,안전운전불이행,건조,맑음,단일로 - 기타,화물,남,54세,상해없음,보행자,남,27세,중상
2020022100100073,2020년 2월 21일 05시,금요일,충청북도 청주시 상당구 남주동,경상사고,0,0,3,0,차대차 - 측면충돌,교차로운행방법위반,건조,흐림,교차로 - 교차로안,승용,남,61세,경상,화물,남,30세,경상
2020022100100088,2020년 2월 21일 06시,금요일,충청북도 청주시 흥덕구 오송읍,경상사고,0,0,1,0,차대차 - 기타,안전운전불이행,건조,맑음,교차로 - 교차로안,승용,남,55세,상해없음,승용,남,23세,경상
2020022100100089,2020년 2월 21일 06시,금요일,충청북도 청주시 서원구 산남동,부상신고사고,0,0,0,1,차대차 - 추돌,안전운전불이행,건조,맑음,교차로 - 교차로부근,승합,남,46세,상해없음,승용,여,47세,부상신고
2020022100100143,2020년 2월 21일 08시,금요일,충청북도 진천군 광혜원면,경상사고,0,0,1,0,차대차 - 측면충돌,안전운전불이행,건조,맑음,교차로 - 교차로안,화물,남,58세,상해없음,승용,남,45세,경상
2020022100100144,2020년 2월 21일 08시,금요일,충청북도 진천군 진천읍,경상사고,0,0,4,0,차대차 - 측면충돌,신호위반,건조,맑음,교차로 - 교차로안,승용,여,51세,경상,승용,남,33세,경상
2020022100100145,2020년 2월 21일 08시,금요일,충청북도 청주시 흥덕구 봉명동,경상사고,0,0,1,0,차대차 - 추돌,안전운전불이행,건조,맑음,교차로 - 교차로부근,승용,여,34세,상해없음,화물,남,52세,경상
2020022100100207,2020년 2월 21일 10시,금요일,충청북도 음성군 금왕읍,경상사고,0,0,1,0,차대차 - 측면충돌,교차로운행방법위반,건조,맑음,주차장 - 주차장,승용,여,60세,상해없음,승용,여,55세,경상
2020022100100208,2020년 2월 21일 10시,금요일,충청북도 청주시 흥덕구 복대동,경상사고,0,0,2,0,차대차 - 측면충돌,안전거리미확보,건조,맑음,단일로 - 기타,승용,남,62세,상해없음,승용,여,55세,경상
2020022100100228,2020년 2월 21일 11시,금요일,충청북도 청주시 흥덕구 신봉동,경상사고,0,0,1,0,차대차 - 측면충돌,안전운전불이행,건조,맑음,교차로 - 교차로횡단보도내,승용,여,59세,상해없음,자전거,남,65세,경상
2020022100100229,2020년 2월 21일 11시,금요일,충청북도 청주시 상당구 영운동,중상사고,0,1,1,0,차대차 - 추돌,안전운전불이행,건조,맑음,교차로 - 교차로부근,승용,여,35세,상해없음,승용,여,22세,중상
2020022100100292,2020년 2월 21일 13시,금요일,충청북도 청주시 청원구 오창읍,중상사고,0,1,0,0,차대차 - 측면충돌,안전운전불이행,건조,맑음,단일로 - 기타,건설기계,남,39세,상해없음,자전거,여,86세,중상
2020022100100293,2020년 2월 21일 13시,금요일,충청북도 청주시 흥덕구 가경동,경상사고,0,0,3,0,차대차 - 측면충돌,신호위반,건조,맑음,교차로 - 교차로안,승용,여,52세,경상,화물,남,64세,경상
2020022100100321,2020년 2월 21일 14시,금요일,충청북도 충주시 달천동,중상사고,0,1,1,0,차대차 - 측면충돌,안전운전불이행,건조,맑음,교차로 - 교차로안,건설기계,남,58세,경상,화물,남,29세,중상
2020022100100355,2020년 2월 21일 15시,금요일,충청북도 청주시 흥덕구 봉명동,경상사고,0,0,2,0,차대차 - 기타,안전운전불이행,건조,맑음,단일로 - 기타,화물,남,52세,상해없음,승용,남,68세,경상
2020022100100356,2020년 2월 21일 15시,금요일,충청북도 청주시 상당구 북문로1가동,경상사고,0,0,1,0,차대차 - 추돌,안전운전불이행,건조,맑음,단일로 - 기타,이륜,남,16세,상해없음,승용,남,44세,경상
2020022100100425,2020년 2월 21일 17시,금요일,충청북도 청주시 서원구 산남동,부상신고사고,0,0,0,1,차량단독 - 공작물충돌,안전운전불이행,건조,맑음,단일로 - 터널,화물,남,39세,부상신고,,,,
2020022100100461,2020년 2월 21일 18시,금요일,충청북도 청주시 청원구 사천동,경상사고,0,0,1,0,차대차 - 추돌,안전운전불이행,건조,맑음,단일로 - 기타,승용,남,63세,상해없음,승용,남,56세,경상
2020022100100462,2020년 2월 21일 18시,금요일,충청북도 제천시 청전동,경상사고,0,0,1,0,차대차 - 측면충돌,차로위반,건조,맑음,단일로 - 기타,승용,남,68세,상해없음,승용,여,27세,경상
2020022100100463,2020년 2월 21일 18시,금요일,충청북도 청주시 흥덕구 비하동,중상사고,0,1,0,0,차대차 - 측면충돌,신호위반,건조,맑음,단일로 - 기타,승용,남,48세,상해없음,승용,남,54세,중상
2020022100100512,2020년 2월 21일 19시,금요일,충청북도 청주시 청원구 오창읍,경상사고,0,0,1,0,차대사람 - 횡단중,보행자보호의무위반,건조,맑음,교차로 - 교차로안,승용,남,43세,상해없음,보행자,여,19세,경상
2020022100100513,2020년 2월 21일 19시,금요일,충청북도 청주시 청원구 오창읍,경상사고,0,0,4,0,차대차 - 추돌,안전운전불이행,건조,맑음,교차로 - 교차로부근,승용,남,35세,상해없음,승용,여,48세,경상
2020022100100570,2020년 2월 21일 20시,금요일,충청북도 청주시 청원구 오창읍,경상사고,0,0,2,0,차대차 - 후진중충돌,안전운전불이행,젖음/습기,비,단일로 - 기타,승용,남,50세,상해없음,승용,남,51세,기타불명
2020022100100571,2020년 2월 21일 20시,금요일,충청북도 청주시 흥덕구 강내면,중상사고,0,1,0,0,차량단독 - 기타,안전운전불이행,기타,맑음,단일로 - 기타,이륜,남,29세,중상,,,,
2020022100100611,2020년 2월 21일 21시,금요일,충청북도 음성군 금왕읍,경상사고,0,0,1,0,차대차 - 측면충돌,교차로운행방법위반,젖음/습기,비,교차로 - 교차로안,승용,여,50세,상해없음,승용,남,53세,상해없음
2020022100100685,2020년 2월 21일 23시,금요일,충청북도 청주시 청원구 우암동,경상사고,0,0,1,0,차대사람 - 횡단중,신호위반,젖음/습기,비,교차로 - 교차로부근,기타불명,기타불명,미분류,기타불명,보행자,여,19세,경상
2020022200100018,2020년 2월 22일 00시,토요일,충청북도 청주시 청원구 율량동,경상사고,0,0,1,0,차대차 - 측면충돌,안전거리미확보,젖음/습기,비,단일로 - 기타,승합,남,63세,기타불명,승용,남,29세,경상
2020022200100019,2020년 2월 22일 00시,토요일,충청북도 진천군 진천읍,경상사고,0,0,2,0,차대차 - 측면충돌,안전운전불이행,건조,맑음,교차로 - 교차로안,승용,남,31세,상해없음,승용,남,37세,경상
2020022200100051,2020년 2월 22일 01시,토요일,충청북도 청주시 서원구 개신동,경상사고,0,0,1,0,차대차 - 추돌,안전운전불이행,젖음/습기,비,단일로 - 기타,이륜,남,41세,경상,승합,남,56세,상해없음
2020022200100069,2020년 2월 22일 02시,토요일,충청북도 제천시 명동,경상사고,0,0,1,0,차대차 - 정면충돌,신호위반,젖음/습기,비,교차로 - 교차로안,승용,남,61세,상해없음,이륜,남,19세,경상
2020022200100127,2020년 2월 22일 08시,토요일,충청북도 충주시 주덕읍,경상사고,0,0,1,0,차대사람 - 기타,기타,건조,맑음,단일로 - 기타,승합,남,48세,상해없음,보행자,여,32세,경상
2020022200100157,2020년 2월 22일 10시,토요일,충청북도 청주시 흥덕구 옥산면,중상사고,0,1,0,0,차대차 - 측면충돌,안전운전불이행,건조,맑음,교차로 - 교차로안,이륜,남,75세,중상,승용,남,42세,기타불명
2020022200100185,2020년 2월 22일 11시,토요일,충청북도 청주시 흥덕구 강서동,경상사고,0,0,1,0,차대차 - 기타,안전운전불이행,건조,맑음,단일로 - 기타,승용,남,45세,상해없음,승용,남,54세,경상
2020022200100220,2020년 2월 22일 12시,토요일,충청북도 청주시 흥덕구 오송읍,경상사고,0,0,1,0,차량단독 - 공작물충돌,안전운전불이행,건조,맑음,교차로 - 교차로부근,승용,남,27세,경상,,,,
2020022200100335,2020년 2월 22일 16시,토요일,충청북도 충주시 산척면,경상사고,0,0,2,0,차대차 - 정면충돌,안전운전불이행,건조,맑음,단일로 - 기타,승용,남,40세,상해없음,승용,남,63세,경상
2020022200100400,2020년 2월 22일 19시,토요일,충청북도 청주시 상당구 북문로1가동,경상사고,0,0,2,0,차대차 - 추돌,안전운전불이행,건조,맑음,교차로 - 교차로부근,승용,남,25세,상해없음,승용,남,69세,경상
2020022200100426,2020년 2월 22일 20시,토요일,충청북도 제천시 영천동,경상사고,0,0,1,0,차대차 - 측면충돌,교차로운행방법위반,건조,맑음,교차로 - 교차로안,승용,여,34세,상해없음,이륜,남,21세,경상
2020022200100427,2020년 2월 22일 20시,토요일,충청북도 청주시 상당구 용암동,중상사고,0,1,0,0,차대차 - 기타,중앙선침범,건조,맑음,단일로 - 기타,승용,남,64세,상해없음,원동기,남,20세,중상
2020022200100450,2020년 2월 22일 21시,토요일,충청북도 음성군 대소면,중상사고,0,1,5,0,차대차 - 측면충돌,신호위반,건조,맑음,교차로 - 교차로안,승용,남,32세,상해없음,승용,남,43세,경상
2020022200100471,2020년 2월 22일 22시,토요일,충청북도 청주시 청원구 오창읍,경상사고,0,0,2,0,차대차 - 측면충돌,교차로운행방법위반,건조,맑음,교차로 - 교차로안,화물,남,64세,상해없음,승용,남,27세,경상
2020022200100472,2020년 2월 22일 22시,토요일,충청북도 충주시 칠금동,경상사고,0,0,1,0,차대사람 - 기타,안전운전불이행,건조,맑음,단일로 - 기타,승용,남,54세,상해없음,보행자,여,49세,경상
2020022200100473,2020년 2월 22일 22시,토요일,충청북도 청주시 상당구 석교동,경상사고,0,0,2,0,차대차 - 측면충돌,신호위반,건조,맑음,교차로 - 교차로안,승용,여,47세,상해없음,승용,남,24세,경상
2020022300100043,2020년 2월 23일 05시,일요일,충청북도 제천시 청전동,중상사고,0,1,0,0,차대사람 - 횡단중,안전운전불이행,건조,맑음,단일로 - 지하차도(도로)내,승용,남,25세,상해없음,보행자,여,76세,중상
2020022300100063,2020년 2월 23일 08시,일요일,충청북도 영동군 심천면,중상사고,0,1,0,0,차대차 - 측면충돌,중앙선침범,건조,맑음,단일로 - 기타,화물,남,67세,상해없음,이륜,남,69세,중상
2020022300100091,2020년 2월 23일 10시,일요일,충청북도 청주시 흥덕구 가경동,경상사고,0,0,2,0,차대차 - 추돌,안전거리미확보,건조,맑음,교차로 - 교차로부근,승용,남,51세,상해없음,승용,여,45세,경상
2020022300100104,2020년 2월 23일 11시,일요일,충청북도 충주시 연수동,경상사고,0,0,1,0,차대차 - 정면충돌,신호위반,건조,맑음,교차로 - 교차로안,화물,남,58세,상해없음,승용,남,45세,경상
2020022300100105,2020년 2월 23일 11시,일요일,충청북도 충주시 교현동,경상사고,0,0,1,0,차대차 - 측면충돌,안전운전불이행,건조,맑음,교차로 - 교차로안,승용,남,61세,상해없음,승용,여,54세,경상
2020022300100106,2020년 2월 23일 11시,일요일,충청북도 청주시 흥덕구 가경동,경상사고,0,0,1,0,차대차 - 기타,안전운전불이행,건조,맑음,단일로 - 기타,승용,남,71세,상해없음,화물,남,21세,경상
2020022300100146,2020년 2월 23일 13시,일요일,충청북도 충주시 금릉동,부상신고사고,0,0,0,1,차량단독 - 전도전복 - 전도,교차로운행방법위반,건조,맑음,교차로 - 교차로안,자전거,남,42세,부상신고,,,,
2020022300100147,2020년 2월 23일 13시,일요일,충청북도 증평군 증평읍,중상사고,0,1,0,0,차대차 - 정면충돌,중앙선침범,건조,맑음,단일로 - 기타,승용,남,36세,상해없음,이륜,남,33세,중상
2020022300100171,2020년 2월 23일 14시,일요일,충청북도 충주시 교현동,경상사고,0,0,1,0,차대차 - 기타,중앙선침범,건조,맑음,단일로 - 기타,승용,남,32세,상해없음,이륜,남,30세,경상
2020022300100189,2020년 2월 23일 15시,일요일,충청북도 청주시 흥덕구 강서동,경상사고,0,0,1,0,차대차 - 기타,교차로운행방법위반,건조,맑음,교차로 - 교차로안,승용,여,25세,상해없음,이륜,남,34세,경상
2020022300100205,2020년 2월 23일 16시,일요일,충청북도 음성군 맹동면,경상사고,0,0,2,0,차대차 - 측면충돌,신호위반,건조,맑음,교차로 - 교차로안,승용,여,48세,상해없음,승용,여,28세,경상
2020022300100206,2020년 2월 23일 16시,일요일,충청북도 청주시 서원구 분평동,중상사고,0,1,0,0,차대차 - 기타,안전운전불이행,건조,맑음,교차로 - 교차로안,승용,남,60세,기타불명,이륜,남,44세,중상
2020022300100230,2020년 2월 23일 17시,일요일,충청북도 제천시 영천동,경상사고,0,0,1,0,차대차 - 측면충돌,안전운전불이행,건조,맑음,기타 - 기타,승용,여,62세,상해없음,승용,남,74세,경상
2020022300100255,2020년 2월 23일 18시,일요일,충청북도 청주시 청원구 오창읍,중상사고,0,1,2,0,차대차 - 측면충돌,교차로운행방법위반,건조,맑음,교차로 - 교차로안,승용,남,53세,상해없음,이륜,남,56세,중상
2020022300100256,2020년 2월 23일 18시,일요일,충청북도 음성군 맹동면,경상사고,0,0,2,0,차대차 - 측면충돌,신호위반,건조,맑음,교차로 - 교차로안,승용,남,25세,상해없음,승용,남,69세,경상
2020022300100281,2020년 2월 23일 19시,일요일,충청북도 진천군 진천읍,경상사고,0,0,2,0,차대차 - 측면충돌,안전운전불이행,건조,맑음,기타 - 기타,승용,남,53세,상해없음,승용,여,54세,경상
2020022300100306,2020년 2월 23일 20시,일요일,충청북도 청주시 흥덕구 오송읍,경상사고,0,0,2,0,차대차 - 추돌,안전거리미확보,건조,맑음,기타 - 기타,승용,여,57세,상해없음,승용,남,57세,경상
2020022300100307,2020년 2월 23일 20시,일요일,충청북도 청주시 흥덕구 복대동,중상사고,0,1,0,0,차대차 - 추돌,안전운전불이행,건조,맑음,교차로 - 교차로부근,승용,남,67세,상해없음,원동기,남,59세,중상
2020022300100328,2020년 2월 23일 21시,일요일,충청북도 충주시 금릉동,경상사고,0,0,1,0,차대사람 - 기타,안전운전불이행,건조,맑음,교차로 - 교차로부근,승용,여,59세,상해없음,보행자,남,60세,경상
2020022300100358,2020년 2월 23일 23시,일요일,충청북도 청주시 청원구 오창읍,경상사고,0,0,1,0,차대차 - 기타,안전운전불이행,건조,맑음,단일로 - 기타,승용,남,25세,상해없음,승용,남,40세,경상
2020022400100013,2020년 2월 24일 02시,월요일,충청북도 진천군 진천읍,중상사고,0,1,0,0,차량단독 - 공작물충돌,안전운전불이행,건조,맑음,교차로 - 교차로안,승용,남,39세,상해없음,,,,
2020022400100016,2020년 2월 24일 03시,월요일,충청북도 청주시 서원구 산남동,경상사고,0,0,6,0,차대차 - 측면충돌,직진우회전진행방해,건조,맑음,교차로 - 교차로안,승용,남,54세,경상,승용,남,63세,경상
2020022400100028,2020년 2월 24일 05시,월요일,충청북도 청주시 흥덕구 오송읍,경상사고,0,0,2,0,차대차 - 기타,신호위반,건조,맑음,교차로 - 교차로안,이륜,남,16세,경상,승용,여,58세,경상
2020022400100091,2020년 2월 24일 08시,월요일,충청북도 단양군 단양읍,중상사고,0,1,1,0,차대차 - 측면충돌,안전운전불이행,건조,맑음,교차로 - 교차로안,승용,남,63세,경상,승용,남,76세,중상
2020022400100092,2020년 2월 24일 08시,월요일,충청북도 청주시 흥덕구 옥산면,중상사고,0,1,0,0,차대차 - 측면충돌,과속,건조,맑음,단일로 - 기타,승용,남,29세,상해없음,이륜,남,62세,중상
2020022400100167,2020년 2월 24일 11시,월요일,충청북도 제천시 송학면,경상사고,0,0,1,0,차량단독 - 공작물충돌,안전운전불이행,건조,맑음,기타 - 기타,승용,남,45세,경상,,,,
2020022400100168,2020년 2월 24일 11시,월요일,충청북도 괴산군 괴산읍,중상사고,0,1,1,0,차대차 - 측면충돌,교차로운행방법위반,건조,맑음,교차로 - 교차로안,승용,남,71세,상해없음,승용,여,47세,중상
2020022400100169,2020년 2월 24일 11시,월요일,충청북도 청주시 서원구 남이면,경상사고,0,0,1,0,차대차 - 추돌,안전거리미확보,건조,맑음,단일로 - 기타,화물,남,32세,상해없음,승합,남,27세,경상
2020022400100236,2020년 2월 24일 13시,월요일,충청북도 옥천군 군서면,경상사고,0,0,1,0,차대차 - 측면충돌,안전운전불이행,건조,맑음,단일로 - 기타,승용,여,29세,상해없음,이륜,남,73세,경상
2020022400100237,2020년 2월 24일 13시,월요일,충청북도 청주시 흥덕구 복대동,경상사고,0,0,1,0,차대차 - 기타,신호위반,건조,맑음,단일로 - 기타,이륜,남,30세,상해없음,자전거,여,32세,경상
2020022400100272,2020년 2월 24일 14시,월요일,충청북도 제천시 천남동,중상사고,0,4,1,0,차대차 - 정면충돌,중앙선침범,건조,맑음,교차로 - 교차로부근,화물,남,67세,중상,승용,여,39세,중상
2020022400100308,2020년 2월 24일 15시,월요일,충청북도 제천시 장락동,경상사고,0,0,1,0,차대차 - 측면충돌,직진우회전진행방해,건조,맑음,교차로 - 교차로안,승용,남,47세,상해없음,승용,남,68세,경상
2020022400100309,2020년 2월 24일 15시,월요일,충청북도 청주시 상당구 용담동,경상사고,0,0,2,0,차대차 - 측면충돌,신호위반,건조,맑음,교차로 - 교차로안,승용,여,26세,상해없음,승용,남,46세,상해없음
2020022400100335,2020년 2월 24일 16시,월요일,충청북도 청주시 청원구 율량동,경상사고,0,0,1,0,차대차 - 추돌,안전운전불이행,건조,맑음,단일로 - 기타,승용,남,69세,상해없음,승용,여,56세,경상
2020022400100336,2020년 2월 24일 16시,월요일,충청북도 제천시 영천동,경상사고,0,0,2,0,차대차 - 측면충돌,중앙선침범,건조,맑음,교차로 - 교차로안,승용,남,45세,상해없음,승용,남,34세,경상
2020022400100356,2020년 2월 24일 17시,월요일,충청북도 청주시 청원구 내수읍,중상사고,0,1,3,0,차대차 - 측면충돌,안전거리미확보,건조,맑음,단일로 - 기타,승용,남,29세,경상,승용,남,33세,중상
2020022400100357,2020년 2월 24일 17시,월요일,충청북도 음성군 음성읍,부상신고사고,0,0,0,1,차량단독 - 공작물충돌,안전운전불이행,건조,맑음,주차장 - 주차장,승용,남,51세,부상신고,,,,
2020022400100382,2020년 2월 24일 18시,월요일,충청북도 진천군 진천읍,경상사고,0,0,1,0,차대차 - 측면충돌,안전운전불이행,건조,맑음,단일로 - 기타,승용,여,37세,상해없음,이륜,남,36세,경상
2020022400100419,2020년 2월 24일 19시,월요일,충청북도 진천군 진천읍,중상사고,0,1,0,0,차대차 - 측면충돌,안전운전불이행,건조,맑음,단일로 - 기타,이륜,남,42세,중상,승용,남,20세,상해없음
2020022400100458,2020년 2월 24일 20시,월요일,충청북도 청주시 흥덕구 외북동,중상사고,0,2,0,0,차대차 - 추돌,신호위반,건조,맑음,교차로 - 교차로안,승용,남,28세,상해없음,승합,남,27세,중상
2020022400100483,2020년 2월 24일 21시,월요일,충청북도 충주시 호암동,경상사고,0,0,1,0,차대차 - 측면충돌,안전운전불이행,건조,맑음,교차로 - 교차로부근,승용,남,26세,상해없음,자전거,여,24세,경상
2020022500100010,2020년 2월 25일 00시,화요일,충청북도 음성군 대소면,사망사고,1,0,0,0,차량단독 - 공작물충돌,안전운전불이행,젖음/습기,비,단일로 - 기타,승용,남,46세,사망,,,,
2020022500100064,2020년 2월 25일 06시,화요일,충청북도 증평군 증평읍,중상사고,0,1,1,0,차대차 - 측면충돌,신호위반,젖음/습기,비,교차로 - 교차로안,승용,남,32세,경상,승용,남,41세,중상
2020022500100099,2020년 2월 25일 08시,화요일,충청북도 충주시 산척면,경상사고,0,0,1,0,차대차 - 기타,신호위반,젖음/습기,비,교차로 - 교차로부근,건설기계,남,32세,상해없음,특수,남,53세,경상
2020022500100153,2020년 2월 25일 10시,화요일,충청북도 괴산군 사리면,중상사고,0,1,0,0,차대차 - 측면충돌,안전운전불이행,건조,맑음,교차로 - 교차로안,승용,남,61세,상해없음,화물,남,71세,중상
2020022500100175,2020년 2월 25일 11시,화요일,충청북도 충주시 교현동,경상사고,0,0,1,0,차대차 - 측면충돌,신호위반,젖음/습기,비,교차로 - 교차로안,화물,남,72세,상해없음,화물,남,33세,경상
2020022500100222,2020년 2월 25일 13시,화요일,충청북도 제천시 고명동,경상사고,0,0,2,0,차대차 - 기타,안전거리미확보,젖음/습기,비,교차로 - 교차로부근,승용,남,60세,상해없음,화물,남,47세,상해없음
2020022500100223,2020년 2월 25일 13시,화요일,충청북도 음성군 맹동면,경상사고,0,0,2,0,차대차 - 측면충돌,직진우회전진행방해,젖음/습기,비,교차로 - 교차로안,승용,남,32세,경상,승용,남,50세,경상
2020022500100243,2020년 2월 25일 14시,화요일,충청북도 청주시 상당구 문화동,경상사고,0,0,1,0,차대차 - 측면충돌,신호위반,젖음/습기,맑음,교차로 - 교차로부근,승용,여,29세,상해없음,승용,남,24세,경상
2020022500100344,2020년 2월 25일 18시,화요일,충청북도 충주시 교현동,경상사고,0,0,1,0,차대차 - 기타,신호위반,건조,맑음,교차로 - 교차로안,승용,여,40세,상해없음,화물,남,45세,상해없음
2020022500100345,2020년 2월 25일 18시,화요일,충청북도 음성군 대소면,경상사고,0,0,1,0,차대사람 - 기타,안전운전불이행,건조,흐림,교차로 - 교차로부근,화물,남,43세,상해없음,보행자,남,43세,경상