사고번호,사고일시,요일,시군구,사고내용,사망자수,중상자수,경상자수,부상신고자수,사고유형,법규위반,노면상태,기상상태,도로형태,가해운전자 차종,가해운전자 성별,가해운전자 연령,가해운전자 상해정도,피해운전자 차종,피해운전자 성별,피해운전자 연령,피해운전자 상해정도
2020030400100173,2020년 3월 4일 13시,수요일,충청북도 제천시 영천동,경상사고,0,0,1,0,차대차 - 추돌,안전운전불이행,건조,맑음,교차로 - 교차로부근,화물,남,22세,상해없음,화물,남,26세,상해없음
2020030400100218,2020년 3월 4일 15시,수요일,충청북도 증평군 증평읍,경상사고,0,0,1,0,차대차 - 측면충돌,안전운전불이행,건조,맑음,교차로 - 교차로안,이륜,남,38세,경상,화물,남,58세,상해없음
2020030400100236,2020년 3월 4일 16시,수요일,충청북도 청주시 흥덕구 옥산면,중상사고,0,1,2,0,차대차 - 측면충돌,교차로운행방법위반,건조,맑음,교차로 - 교차로안,승용,여,57세,경상,승용,남,31세,중상
2020030400100237,2020년 3월 4일 16시,수요일,충청북도 청주시 서원구 남이면,경상사고,0,0,1,0,차대차 - 기타,안전운전불이행,건조,맑음,단일로 - 기타,승용,남,50세,상해없음,승용,여,42세,경상
2020030400100270,2020년 3월 4일 17시,수요일,충청북도 충주시 교현동,경상사고,0,0,1,1,차대차 - 측면충돌,신호위반,건조,맑음,교차로 - 교차로안,승용,여,43세,부상신고,승용,남,67세,경상
2020030400100271,2020년 3월 4일 17시,수요일,충청북도 제천시 남천동,경상사고,0,0,1,0,차대사람 - 길가장자리구역통행중,안전운전불이행,건조,맑음,단일로 - 지하차도(도로)내,승용,여,55세,기타불명,보행자,남,40세,경상
2020030400100272,2020년 3월 4일 17시,수요일,충청북도 청주시 흥덕구 가경동,경상사고,0,0,2,0,차대차 - 측면충돌,교차로운행방법위반,건조,맑음,교차로 - 교차로안,승용,남,62세,경상,승용,여,39세,경상
2020030400100297,2020년 3월 4일 18시,수요일,충청북도 청주시 흥덕구 오송읍,경상사고,0,0,1,0,차대사람 - 횡단중,안전운전불이행,건조,맑음,단일로 - 기타,승용,여,39세,상해없음,보행자,여,26세,경상
2020030400100335,2020년 3월 4일 19시,수요일,충청북도 충주시 칠금동,경상사고,0,0,1,0,차대차 - 후진중충돌,안전운전불이행,건조,맑음,단일로 - 기타,승용,남,54세,상해없음,승용,남,25세,경상
2020030400100336,2020년 3월 4일 19시,수요일,충청북도 진천군 진천읍,경상사고,0,0,1,0,차대차 - 측면충돌,차로위반,건조,맑음,교차로 - 교차로부근,화물,남,55세,상해없음,승용,남,19세,경상
2020030400100396,2020년 3월 4일 21시,수요일,충청북도 청주시 청원구 주중동,경상사고,0,0,1,0,차대차 - 측면충돌,신호위반,건조,맑음,교차로 - 교차로안,승용,여,22세,상해없음,승용,남,55세,경상
2020030400100419,2020년 3월 4일 22시,수요일,충청북도 청주시 상당구 가덕면,경상사고,0,0,1,0,차량단독 - 공작물충돌,안전운전불이행,건조,맑음,단일로 - 기타,승용,여,59세,경상,,,,
2020030500100006,2020년 3월 5일 00시,목요일,충청북도 보은군 탄부면,사망사고,2,0,2,0,차대차 - 추돌,안전운전불이행,건조,맑음,기타 - 기타,특수,남,57세,경상,화물,남,56세,경상
2020030500100017,2020년 3월 5일 01시,목요일,충청북도 청주시 흥덕구 복대동,경상사고,0,0,3,0,차대차 - 측면충돌,신호위반,건조,맑음,교차로 - 교차로안,승용,남,70세,상해없음,승용,남,40세,경상
2020030500100038,2020년 3월 5일 04시,목요일,충청북도 충주시 주덕읍,경상사고,0,0,1,0,차대차 - 기타,안전거리미확보,건조,맑음,단일로 - 기타,화물,여,49세,상해없음,승용,남,41세,경상
2020030500100046,2020년 3월 5일 05시,목요일,충청북도 충주시 주덕읍,중상사고,0,1,0,0,차대차 - 측면충돌,신호위반,건조,맑음,교차로 - 교차로안,원동기,남,56세,중상,승용,남,38세,상해없음
2020030500100056,2020년 3월 5일 06시,목요일,충청북도 청주시 청원구 주중동,경상사고,0,0,1,0,차대차 - 기타,안전운전불이행,건조,맑음,단일로 - 기타,승용,여,46세,상해없음,화물,남,51세,경상
2020030500100098,2020년 3월 5일 08시,목요일,충청북도 청주시 청원구 오창읍,경상사고,0,0,1,0,차대차 - 기타,직진우회전진행방해,건조,맑음,교차로 - 교차로부근,화물,남,59세,상해없음,화물,남,43세,상해없음
2020030500100099,2020년 3월 5일 08시,목요일,충청북도 충주시 교현동,경상사고,0,0,1,0,차대차 - 기타,안전운전불이행,건조,맑음,단일로 - 기타,승용,남,55세,상해없음,화물,남,33세,상해없음
2020030500100193,2020년 3월 5일 12시,목요일,충청북도 청주시 흥덕구 봉명동,경상사고,0,0,1,0,차대차 - 기타,안전운전불이행,건조,맑음,단일로 - 기타,이륜,남,24세,상해없음,이륜,여,45세,경상
2020030500100217,2020년 3월 5일 13시,목요일,충청북도 제천시 고암동,부상신고사고,0,0,0,1,차대차 - 측면충돌,직진우회전진행방해,건조,맑음,교차로 - 교차로안,원동기,남,20세,부상신고,승용,여,39세,상해없음
2020030500100238,2020년 3월 5일 14시,목요일,충청북도 청주시 청원구 내수읍,중상사고,0,3,3,1,차대차 - 정면충돌,안전운전불이행,건조,맑음,단일로 - 기타,승합,남,67세,상해없음,화물,남,59세,경상
2020030500100239,2020년 3월 5일 14시,목요일,충청북도 충주시 성서동,경상사고,0,0,1,0,차대차 - 기타,안전운전불이행,건조,맑음,단일로 - 기타,승용,남,18세,상해없음,승용,여,46세,경상
2020030500100288,2020년 3월 5일 16시,목요일,충청북도 청주시 흥덕구 봉명동,경상사고,0,0,1,0,차대사람 - 기타,안전운전불이행,건조,맑음,단일로 - 기타,승용,여,67세,상해없음,보행자,여,62세,경상
2020030500100356,2020년 3월 5일 18시,목요일,충청북도 청주시 흥덕구 복대동,경상사고,0,0,1,0,차대차 - 기타,안전운전불이행,건조,맑음,단일로 - 기타,이륜,남,44세,경상,승용,여,38세,상해없음
2020030500100397,2020년 3월 5일 19시,목요일,충청북도 음성군 금왕읍,경상사고,0,0,2,0,차대차 - 추돌,안전거리미확보,건조,맑음,교차로 - 교차로안,승용,남,47세,상해없음,승용,남,29세,경상
2020030500100398,2020년 3월 5일 19시,목요일,충청북도 음성군 맹동면,경상사고,0,0,1,0,차대차 - 측면충돌,안전운전불이행,건조,맑음,교차로 - 교차로안,승용,남,40세,상해없음,화물,남,47세,경상
2020030500100399,2020년 3월 5일 19시,목요일,충청북도 청주시 서원구 남이면,중상사고,0,1,0,0,차대차 - 측면충돌,중앙선침범,건조,맑음,교차로 - 교차로부근,승용,남,72세,상해없음,이륜,남,24세,중상
2020030500100427,2020년 3월 5일 20시,목요일,충청북도 청주시 청원구 율량동,경상사고,0,0,2,0,차대차 - 기타,신호위반,건조,맑음,교차로 - 교차로안,승용,여,28세,상해없음,승용,여,37세,경상
2020030500100446,2020년 3월 5일 21시,목요일,충청북도 충주시 교현동,경상사고,0,0,1,0,차대차 - 기타,안전운전불이행,건조,맑음,단일로 - 기타,화물,남,18세,상해없음,화물,남,48세,기타불명
2020030500100447,2020년 3월 5일 21시,목요일,충청북도 단양군 단성면,경상사고,0,0,3,0,차대차 - 추돌,안전운전불이행,건조,맑음,단일로 - 기타,승용,남,49세,경상,승합,남,41세,경상
2020030500100448,2020년 3월 5일 21시,목요일,충청북도 청주시 흥덕구 가경동,경상사고,0,0,2,0,차대차 - 측면충돌,중앙선침범,건조,맑음,교차로 - 교차로부근,승용,여,48세,상해없음,승용,여,53세,경상
2020030500100472,2020년 3월 5일 22시,목요일,충청북도 청주시 서원구 사창동,중상사고,0,1,0,0,차대사람 - 기타,신호위반,건조,흐림,교차로 - 교차로횡단보도내,이륜,남,18세,상해없음,보행자,여,19세,중상
2020030500100493,2020년 3월 5일 23시,목요일,충청북도 청주시 흥덕구 복대동,경상사고,0,0,2,0,차대차 - 추돌,안전운전불이행,건조,맑음,교차로 - 교차로부근,승용,남,27세,상해없음,승용,남,50세,경상
2020030500100494,2020년 3월 5일 23시,목요일,충청북도 청주시 서원구 모충동,중상사고,0,1,2,0,차대차 - 측면충돌,안전운전불이행,건조,맑음,단일로 - 지하차도(도로)내,승용,남,65세,상해없음,승용,남,41세,경상
2020030600100045,2020년 3월 6일 05시,금요일,충청북도 진천군 광혜원면,경상사고,0,0,1,0,차대차 - 측면충돌,중앙선침범,건조,흐림,단일로 - 기타,승용,남,66세,상해없음,화물,남,50세,경상
2020030600100058,2020년 3월 6일 06시,금요일,충청북도 청주시 청원구 내수읍,중상사고,0,2,1,0,차대차 - 기타,안전거리미확보,젖음/습기,안개,단일로 - 기타,화물,남,55세,경상,농기계,남,77세,중상
2020030600100059,2020년 3월 6일 06시,금요일,충청북도 영동군 영동읍,사망사고,1,0,0,0,차대사람 - 횡단중,보행자보호의무위반,건조,맑음,교차로 - 교차로횡단보도내,화물,남,48세,상해없음,보행자,여,67세,사망
2020030600100104,2020년 3월 6일 08시,금요일,충청북도 청주시 청원구 내덕동,경상사고,0,0,1,0,차대차 - 추돌,안전거리미확보,건조,맑음,교차로 - 교차로부근,승용,여,55세,상해없음,승용,남,44세,경상
2020030600100158,2020년 3월 6일 10시,금요일,충청북도 충주시 연수동,경상사고,0,0,2,0,차대차 - 측면충돌,안전거리미확보,건조,맑음,교차로 - 교차로안,승용,남,20세,상해없음,승용,남,52세,경상
2020030600100159,2020년 3월 6일 10시,금요일,충청북도 충주시 산척면,경상사고,0,0,1,0,차대차 - 측면충돌,안전운전불이행,건조,맑음,단일로 - 지하차도(도로)내,특수,남,60세,상해없음,승용,남,68세,경상
2020030600100213,2020년 3월 6일 12시,금요일,충청북도 음성군 감곡면,경상사고,0,0,2,0,차대차 - 측면충돌,안전운전불이행,건조,맑음,단일로 - 기타,승용,남,57세,경상,승용,여,55세,경상
2020030600100238,2020년 3월 6일 13시,금요일,충청북도 청주시 흥덕구 복대동,중상사고,0,1,0,0,차대사람 - 횡단중,안전운전불이행,건조,맑음,교차로 - 교차로횡단보도내,승용,남,23세,상해없음,보행자,남,74세,중상
2020030600100271,2020년 3월 6일 14시,금요일,충청북도 제천시 모산동,경상사고,0,0,1,0,차대차 - 기타,기타,건조,맑음,교차로 - 교차로부근,화물,남,32세,상해없음,건설기계,남,34세,상해없음
2020030600100272,2020년 3월 6일 14시,금요일,충청북도 청주시 흥덕구 복대동,경상사고,0,0,2,0,차대차 - 추돌,안전거리미확보,건조,맑음,단일로 - 기타,건설기계,남,65세,상해없음,승용,여,49세,경상
2020030600100305,2020년 3월 6일 15시,금요일,충청북도 괴산군 괴산읍,중상사고,0,1,0,0,차대사람 - 횡단중,보행자보호의무위반,건조,맑음,교차로 - 교차로안,화물,여,59세,상해없음,보행자,남,79세,중상
2020030600100385,2020년 3월 6일 17시,금요일,충청북도 제천시 천남동,경상사고,0,0,1,0,차대차 - 측면충돌,신호위반,건조,맑음,교차로 - 교차로안,화물,남,59세,상해없음,승용,여,60세,경상
2020030600100386,2020년 3월 6일 17시,금요일,충청북도 진천군 백곡면,경상사고,0,0,1,0,차대차 - 정면충돌,중앙선침범,건조,맑음,단일로 - 기타,승용,남,72세,상해없음,화물,남,70세,경상
2020030600100431,2020년 3월 6일 18시,금요일,충청북도 충주시 호암동,중상사고,0,1,0,0,차대차 - 기타,안전거리미확보,건조,맑음,단일로 - 기타,이륜,남,57세,중상,화물,남,52세,상해없음
2020030600100432,2020년 3월 6일 18시,금요일,충청북도 충주시 교현동,경상사고,0,0,6,0,차대차 - 측면충돌,안전운전불이행,건조,맑음,교차로 - 교차로안,승용,남,54세,경상,승용,여,22세,경상
2020030600100433,2020년 3월 6일 18시,금요일,충청북도 청주시 서원구 남이면,경상사고,0,0,3,0,차대차 - 추돌,안전운전불이행,건조,맑음,단일로 - 지하차도(도로)내,화물,남,70세,경상,화물,남,57세,경상
2020030600100468,2020년 3월 6일 19시,금요일,충청북도 청주시 청원구 우암동,경상사고,0,0,3,0,차대차 - 추돌,안전운전불이행,건조,맑음,교차로 - 교차로부근,승용,남,64세,상해없음,승용,남,30세,경상
2020030600100506,2020년 3월 6일 20시,금요일,충청북도 충주시 교현동,사망사고,1,0,0,0,차대사람 - 횡단중,안전운전불이행,건조,맑음,단일로 - 기타,이륜,남,56세,상해없음,보행자,여,56세,사망
2020030600100507,2020년 3월 6일 20시,금요일,충청북도 진천군 이월면,경상사고,0,0,2,0,차대차 - 측면충돌,안전운전불이행,건조,맑음,단일로 - 기타,승용,남,44세,경상,승용,여,31세,경상
2020030600100508,2020년 3월 6일 20시,금요일,충청북도 청주시 서원구 산남동,경상사고,0,0,1,0,차대차 - 측면충돌,안전운전불이행,건조,맑음,교차로 - 교차로안,화물,남,49세,상해없음,승용,남,39세,상해없음
2020030600100529,2020년 3월 6일 21시,금요일,충청북도 충주시 호암동,경상사고,0,0,1,0,차대차 - 정면충돌,신호위반,건조,맑음,교차로 - 교차로안,승용,여,26세,상해없음,승용,남,66세,경상
2020030600100574,2020년 3월 6일 23시,금요일,충청북도 청주시 흥덕구 봉명동,경상사고,0,0,2,0,차대차 - 측면충돌,신호위반,건조,맑음,교차로 - 교차로안,승용,남,64세,경상,승용,남,31세,경상
2020030700100035,2020년 3월 7일 03시,토요일,충청북도 제천시 청전동,경상사고,0,0,2,0,차대차 - 측면충돌,안전거리미확보,건조,맑음,교차로 - 교차로부근,승용,여,55세,경상,화물,남,63세,경상
2020030700100111,2020년 3월 7일 10시,토요일,충청북도 청주시 상당구 수동,경상사고,0,0,1,0,차대차 - 정면충돌,안전운전불이행,건조,맑음,교차로 - 교차로안,승용,남,66세,상해없음,승용,여,53세,경상
2020030700100174,2020년 3월 7일 12시,토요일,충청북도 청주시 흥덕구 비하동,경상사고,0,0,1,1,차대차 - 기타,교차로운행방법위반,건조,맑음,교차로 - 교차로안,승용,여,37세,부상신고,이륜,남,45세,경상
2020030700100199,2020년 3월 7일 13시,토요일,충청북도 청주시 흥덕구 복대동,경상사고,0,0,2,0,차대차 - 기타,교차로운행방법위반,건조,맑음,교차로 - 교차로안,승용,남,68세,상해없음,승용,여,46세,경상
2020030700100239,2020년 3월 7일 15시,토요일,충청북도 제천시 왕암동,경상사고,0,0,1,0,차대차 - 측면충돌,신호위반,건조,맑음,교차로 - 교차로안,승용,남,52세,상해없음,승용,남,25세,경상
2020030700100265,2020년 3월 7일 16시,토요일,충청북도 충주시 용산동,경상사고,0,0,1,0,차대차 - 기타,신호위반,건조,맑음,교차로 - 교차로안,승용,여,45세,상해없음,이륜,남,85세,경상
2020030700100266,2020년 3월 7일 16시,토요일,충청북도 청주시 흥덕구 강서동,중상사고,0,1,3,0,차대차 - 측면충돌,교차로운행방법위반,건조,맑음,교차로 - 교차로안,승용,여,33세,경상,승용,남,61세,중상
2020030700100289,2020년 3월 7일 17시,토요일,충청북도 청주시 청원구 율량동,경상사고,0,0,2,0,차대차 - 추돌,안전운전불이행,건조,맑음,교차로 - 교차로부근,승용,남,17세,상해없음,승용,남,25세,경상
2020030700100290,2020년 3월 7일 17시,토요일,충청북도 충주시 동량면,중상사고,0,1,0,0,차량단독 - 도로외이탈 - 기타,안전운전불이행,젖음/습기,맑음,기타 - 기타,화물,남,79세,중상,,,,
2020030700100311,2020년 3월 7일 18시,토요일,충청북도 청주시 청원구 북이면,경상사고,0,0,1,0,차량단독 - 공작물충돌,안전운전불이행,건조,맑음,단일로 - 기타,승용,남,38세,경상,,,,
2020030700100312,2020년 3월 7일 18시,토요일,충청북도 충주시 연수동,중상사고,0,1,1,0,차대차 - 기타,안전운전불이행,건조,맑음,교차로 - 교차로안,승용,여,68세,중상,화물,남,60세,경상
2020030700100415,2020년 3월 7일 22시,토요일,충청북도 청주시 청원구 오동동,중상사고,0,1,0,0,차대사람 - 기타,안전운전불이행,건조,맑음,단일로 - 기타,승용,남,35세,상해없음,보행자,남,38세,중상
2020030700100416,2020년 3월 7일 22시,토요일,충청북도 청주시 청원구 오창읍,중상사고,0,2,0,0,차대차 - 측면충돌,과속,젖음/습기,맑음,단일로 - 기타,이륜,남,35세,중상,이륜,남,32세,중상
2020030700100417,2020년 3월 7일 22시,토요일,충청북도 충주시 연수동,경상사고,0,0,1,0,차대차 - 측면충돌,중앙선침범,건조,흐림,단일로 - 기타,승용,남,55세,상해없음,이륜,남,42세,경상
2020030800100006,2020년 3월 8일 00시,일요일,충청북도 충주시 대소원면,경상사고,0,0,1,0,차대차 - 기타,안전운전불이행,건조,흐림,교차로 - 교차로안,승용,남,51세,상해없음,승용,남,49세,경상
2020030800100007,2020년 3월 8일 00시,일요일,충청북도 제천시 청전동,경상사고,0,0,1,0,차대차 - 측면충돌,안전거리미확보,건조,맑음,교차로 - 교차로안,이륜,남,20세,경상,화물,남,53세,상해없음
2020030800100026,2020년 3월 8일 02시,일요일,충청북도 청주시 흥덕구 봉명동,경상사고,0,0,3,0,차대차 - 추돌,안전운전불이행,건조,맑음,교차로 - 교차로안,승용,남,62세,상해없음,이륜,남,24세,경상
2020030800100101,2020년 3월 8일 10시,일요일,충청북도 청주시 흥덕구 가경동,경상사고,0,0,2,0,차대차 - 기타,교차로운행방법위반,건조,맑음,교차로 - 교차로안,승용,여,59세,상해없음,승용,남,55세,경상
2020030800100170,2020년 3월 8일 14시,일요일,충청북도 청주시 서원구 사직동,중상사고,0,1,0,0,차대차 - 측면충돌,안전운전불이행,건조,맑음,교차로 - 교차로부근,승용,여,24세,상해없음,승용,남,62세,중상
2020030800100218,2020년 3월 8일 16시,일요일,충청북도 제천시 신월동,사망사고,1,0,0,0,차대차 - 정면충돌,과속,건조,맑음,교차로 - 교차로안,승용,남,62세,상해없음,자전거,남,66세,사망
2020030800100219,2020년 3월 8일 16시,일요일,충청북도 증평군 증평읍,경상사고,0,0,1,0,차대차 - 측면충돌,교차로운행방법위반,건조,맑음,교차로 - 교차로안,승용,남,67세,상해없음,화물,남,62세,경상
2020030800100220,2020년 3월 8일 16시,일요일,충청북도 청주시 상당구 서문동,중상사고,0,1,1,0,차대차 - 후진중충돌,안전운전불이행,건조,맑음,단일로 - 지하차도(도로)내,승용,남,42세,상해없음,승용,남,21세,경상
2020030800100356,2020년 3월 8일 22시,일요일,충청북도 충주시 연수동,경상사고,0,0,3,0,차대차 - 기타,직진우회전진행방해,건조,맑음,교차로 - 교차로안,승용,여,56세,경상,승용,남,34세,경상
2020030900100012,2020년 3월 9일 01시,월요일,충청북도 음성군 대소면,경상사고,0,0,1,0,차대차 - 측면충돌,안전운전불이행,건조,맑음,교차로 - 교차로부근,화물,남,53세,상해없음,화물,남,23세,경상
2020030900100043,2020년 3월 9일 06시,월요일,충청북도 청주시 서원구 성화동,경상사고,0,0,2,0,차대차 - 측면충돌,신호위반,건조,맑음,교차로 - 교차로안,승용,남,69세,상해없음,승용,남,67세,경상
2020030900100044,2020년 3월 9일 06시,월요일,충청북도 청주시 흥덕구 문암동,경상사고,0,0,1,0,차대차 - 기타,안전거리미확보,건조,맑음,단일로 - 기타,승용,남,69세,상해없음,승용,남,36세,경상
2020030900100045,2020년 3월 9일 06시,월요일,충청북도 청주시 서원구 수곡동,경상사고,0,0,1,0,차대차 - 측면충돌,안전운전불이행,건조,맑음,교차로 - 교차로안,승용,남,54세,상해없음,자전거,남,41세,경상
2020030900100091,2020년 3월 9일 08시,월요일,충청북도 청주시 청원구 내덕동,경상사고,0,0,1,0,차대차 - 기타,차로위반,건조,맑음,교차로 - 교차로부근,화물,남,73세,상해없음,승용,여,26세,경상
2020030900100092,2020년 3월 9일 08시,월요일,충청북도 충주시 문화동,경상사고,0,0,1,0,차대차 - 기타,안전운전불이행,건조,맑음,교차로 - 교차로부근,화물,남,54세,상해없음,승용,여,41세,경상
2020030900100093,2020년 3월 9일 08시,월요일,충청북도 청주시 흥덕구 신봉동,경상사고,0,0,1,0,차대차 - 기타,안전운전불이행,건조,맑음,교차로 - 교차로부근,승용,남,27세,상해없음,승용,여,48세,경상
2020030900100124,2020년 3월 9일 09시,월요일,충청북도 충주시 살미면,중상사고,0,1,0,0,차대차 - 측면충돌,신호위반,건조,맑음,교차로 - 교차로안,화물,남,64세,상해없음,승용,여,64세,중상
2020030900100125,2020년 3월 9일 09시,월요일,충청북도 제천시 교동,중상사고,0,1,0,0,차대사람 - 횡단중,보행자보호의무위반,건조,맑음,교차로 - 교차로횡단보도내,화물,남,65세,상해없음,보행자,여,72세,중상
2020030900100155,2020년 3월 9일 10시,월요일,충청북도 괴산군 문광면,중상사고,0,1,0,0,차량단독 - 공작물충돌,안전운전불이행,건조,맑음,단일로 - 기타,화물,남,58세,중상,,,,
2020030900100208,2020년 3월 9일 12시,월요일,충청북도 진천군 진천읍,경상사고,0,0,1,0,차량단독 - 전도전복 - 전도,안전운전불이행,건조,맑음,단일로 - 기타,건설기계,남,68세,경상,,,,
2020030900100209,2020년 3월 9일 12시,월요일,충청북도 청주시 상당구 용암동,경상사고,0,0,1,0,차대차 - 기타,교차로운행방법위반,건조,맑음,교차로 - 교차로안,승합,남,35세,상해없음,이륜,남,23세,경상
2020030900100240,2020년 3월 9일 13시,월요일,충청북도 청주시 상당구 금천동,경상사고,0,0,1,0,차대차 - 기타,안전운전불이행,건조,맑음,교차로 - 교차로안,승용,남,70세,상해없음,승용,여,32세,경상
2020030900100268,2020년 3월 9일 14시,월요일,충청북도 충주시 종민동,중상사고,0,2,0,0,차량단독 - 도로외이탈 - 추락,안전운전불이행,건조,맑음,단일로 - 기타,승용,여,53세,중상,,,,
2020030900100295,2020년 3월 9일 15시,월요일,충청북도 청주시 청원구 오창읍,중상사고,0,1,0,0,차대차 - 측면충돌,안전운전불이행,건조,맑음,단일로 - 기타,화물,남,48세,상해없음,화물,남,30세,중상
2020030900100347,2020년 3월 9일 17시,월요일,충청북도 충주시 교현동,경상사고,0,0,2,0,차대차 - 추돌,안전운전불이행,건조,맑음,교차로 - 교차로부근,승용,남,63세,상해없음,승용,남,59세,경상
2020030900100348,2020년 3월 9일 17시,월요일,충청북도 제천시 두학동,경상사고,0,0,1,0,차대차 - 추돌,기타,건조,맑음,교차로 - 교차로안,승용,남,64세,상해없음,승용,여,49세,경상
2020030900100376,2020년 3월 9일 18시,월요일,충청북도 진천군 진천읍,경상사고,0,0,1,0,차대차 - 정면충돌,안전운전불이행,건조,맑음,교차로 - 교차로안,승용,남,35세,상해없음,이륜,남,23세,경상
2020030900100450,2020년 3월 9일 20시,월요일,충청북도 제천시 봉양읍,중상사고,0,1,1,0,차대차 - 추돌,안전운전불이행,건조,흐림,교차로 - 교차로부근,화물,남,58세,경상,승합,남,56세,중상
2020030900100480,2020년 3월 9일 21시,월요일,충청북도 제천시 하소동,경상사고,0,0,1,0,차대차 - 측면충돌,직진우회전진행방해,건조,맑음,교차로 - 교차로안,승용,남,55세,상해없음,이륜,남,58세,경상
2020030900100481,2020년 3월 9일 21시,월요일,충청북도 청주시 흥덕구 복대동,중상사고,0,1,0,0,차대사람 - 차도통행중,안전운전불이행,젖음/습기,비,단일로 - 기타,화물,남,45세,상해없음,보행자,남,51세,중상
2020030900100512,2020년 3월 9일 22시,월요일,충청북도 청주시 흥덕구 오송읍,중상사고,0,1,0,0,차대차 - 추돌,안전운전불이행,젖음/습기,비,교차로 - 교차로부근,승용,남,37세,상해없음,승용,남,40세,중상
2020030900100513,2020년 3월 9일 22시,월요일,충청북도 청주시 흥덕구 옥산면,경상사고,0,0,1,0,차대차 - 측면충돌,안전운전불이행,젖음/습기,비,단일로 - 기타,승용,남,49세,상해없음,이륜,남,61세,경상
2020030900100531,2020년 3월 9일 23시,월요일,충청북도 청주시 흥덕구 가경동,경상사고,0,0,1,0,차대차 - 추돌,안전운전불이행,젖음/습기,비,교차로 - 교차로부근,승용,남,32세,상해없음,승용,남,51세,경상
2020031000100011,2020년 3월 10일 00시,화요일,충청북도 청주시 흥덕구 봉명동,경상사고,0,0,3,0,차대차 - 측면충돌,안전거리미확보,젖음/습기,비,단일로 - 기타,승용,남,23세,경상,승용,남,57세,경상
2020031000100032,2020년 3월 10일 01시,화요일,충청북도 청주시 청원구 내덕동,중상사고,0,1,0,0,차대차 - 추돌,안전운전불이행,젖음/습기,비,교차로 - 교차로부근,승용,남,69세,중상,승용,남,57세,상해없음
2020031000100047,2020년 3월 10일 03시,화요일,충청북도 충주시 성서동,경상사고,0,0,2,0,차량단독 - 전도전복 - 전도,안전운전불이행,건조,맑음,단일로 - 기타,이륜,남,15세,상해없음,,,,
2020031000100099,2020년 3월 10일 08시,화요일,충청북도 괴산군 청천면,경상사고,0,0,2,0,차대차 - 측면충돌,안전운전불이행,건조,맑음,교차로 - 교차로안,승용,여,49세,경상,승용,여,51세,경상
2020031000100100,2020년 3월 10일 08시,화요일,충청북도 청주시 서원구 현도면,중상사고,0,1,0,0,차대차 - 기타,안전운전불이행,젖음/습기,비,교차로 - 교차로안,화물,남,54세,상해없음,화물,남,41세,중상
2020031000100122,2020년 3월 10일 09시,화요일,충청북도 청주시 흥덕구 오송읍,경상사고,0,0,1,0,차대차 - 측면충돌,안전운전불이행,젖음/습기,비,교차로 - 교차로부근,화물,남,64세,상해없음,승용,남,49세,경상
2020031000100187,2020년 3월 10일 12시,화요일,충청북도 청주시 서원구 개신동,경상사고,0,0,1,0,차대차 - 측면충돌,신호위반,건조,맑음,교차로 - 교차로안,승용,여,43세,상해없음,화물,남,56세,경상
2020031000100188,2020년 3월 10일 12시,화요일,충청북도 영동군 영동읍,경상사고,0,0,1,0,차대차 - 측면충돌,안전운전불이행,젖음/습기,비,교차로 - 교차로안,승용,여,49세,경상,화물,남,66세,상해없음
2020031000100213,2020년 3월 10일 13시,화요일,충청북도 충주시 연수동,경상사고,0,0,1,0,차대차 - 기타,신호위반,젖음/습기,비,기타 - 기타,승용,여,74세,상해없음,이륜,남,77세,경상
2020031000100214,2020년 3월 10일 13시,화요일,충청북도 음성군 삼성면,경상사고,0,0,2,0,차대차 - 측면충돌,교차로운행방법위반,건조,맑음,교차로 - 교차로안,승용,여,56세,경상,화물,남,54세,경상
2020031000100244,2020년 3월 10일 14시,화요일,충청북도 충주시 앙성면,경상사고,0,0,1,0,차대사람 - 횡단중,안전운전불이행,젖음/습기,비,단일로 - 기타,승용,남,60세,상해없음,보행자,여,51세,경상
2020031000100287,2020년 3월 10일 16시,화요일,충청북도 청주시 흥덕구 비하동,경상사고,0,0,1,0,차대차 - 기타,안전운전불이행,건조,맑음,단일로 - 기타,화물,남,63세,상해없음,이륜,남,47세,경상
2020031000100316,2020년 3월 10일 17시,화요일,충청북도 청주시 상당구 용암동,경상사고,0,0,2,0,차량단독 - 공작물충돌,안전운전불이행,건조,맑음,기타 - 기타,승용,여,55세,경상,,,,
2020031000100375,2020년 3월 10일 19시,화요일,충청북도 청주시 흥덕구 봉명동,경상사고,0,0,1,0,차대차 - 정면충돌,교차로운행방법위반,건조,맑음,교차로 - 교차로안,승용,남,39세,상해없음,이륜,남,30세,경상
2020031000100376,2020년 3월 10일 19시,화요일,충청북도 청주시 상당구 가덕면,중상사고,0,1,0,0,차대차 - 측면충돌,안전운전불이행,건조,맑음,단일로 - 기타,화물,남,65세,상해없음,승용,남,53세,중상
2020031000100377,2020년 3월 10일 19시,화요일,충청북도 청주시 상당구 용정동,경상사고,0,0,2,0,차대차 - 측면충돌,안전운전불이행,건조,맑음,교차로 - 교차로안,특수,남,40세,경상,화물,남,51세,경상
2020031000100413,2020년 3월 10일 20시,화요일,충청북도 청주시 청원구 율량동,경상사고,0,0,1,0,차대사람 - 기타,안전운전불이행,건조,맑음,교차로 - 교차로안,승용,여,57세,상해없음,보행자,남,45세,경상
2020031000100414,2020년 3월 10일 20시,화요일,충청북도 제천시 신동,경상사고,0,0,1,0,차대차 - 기타,중앙선침범,젖음/습기,비,단일로 - 지하차도(도로)내,기타불명,기타불명,미분류,기타불명,승용,여,53세,경상
2020031000100415,2020년 3월 10일 20시,화요일,충청북도 청주시 흥덕구 복대동,경상사고,0,0,1,0,차대차 - 기타,교차로운행방법위반,건조,맑음,교차로 - 교차로안,승용,여,26세,상해없음,이륜,남,44세,경상