사고번호,사고일시,요일,시군구,사고내용,사망자수,중상자수,경상자수,부상신고자수,사고유형,법규위반,노면상태,기상상태,도로형태,가해운전자 차종,가해운전자 성별,가해운전자 연령,가해운전자 상해정도,피해운전자 차종,피해운전자 성별,피해운전자 연령,피해운전자 상해정도
2020031000100460,2020년 3월 10일 22시,화요일,충청북도 청주시 흥덕구 비하동,경상사고,0,0,1,0,차대차 - 정면충돌,안전운전불이행,건조,맑음,교차로 - 교차로부근,승용,남,59세,상해없음,승용,남,32세,경상
2020031000100461,2020년 3월 10일 22시,화요일,충청북도 청주시 상당구 용암동,경상사고,0,0,1,0,차대사람 - 기타,안전운전불이행,건조,맑음,교차로 - 교차로부근,승용,남,27세,상해없음,보행자,남,52세,경상
2020031000100462,2020년 3월 10일 22시,화요일,충청북도 청주시 상당구 용암동,중상사고,0,1,1,0,차대차 - 측면충돌,교차로운행방법위반,건조,맑음,교차로 - 교차로안,승용,남,38세,경상,이륜,남,23세,중상
2020031100100050,2020년 3월 11일 06시,수요일,충청북도 증평군 증평읍,경상사고,0,0,1,0,차대사람 - 횡단중,보행자보호의무위반,건조,맑음,교차로 - 교차로횡단보도내,승용,남,64세,상해없음,보행자,남,53세,경상
2020031100100089,2020년 3월 11일 08시,수요일,충청북도 음성군 원남면,경상사고,0,0,1,0,차대차 - 추돌,안전운전불이행,건조,맑음,단일로 - 지하차도(도로)내,화물,남,57세,상해없음,화물,남,64세,경상
2020031100100090,2020년 3월 11일 08시,수요일,충청북도 음성군 대소면,경상사고,0,0,3,0,차대차 - 추돌,안전거리미확보,건조,맑음,단일로 - 지하차도(도로)내,승합,남,62세,상해없음,승용,남,49세,경상
2020031100100091,2020년 3월 11일 08시,수요일,충청북도 청주시 흥덕구 복대동,경상사고,0,0,1,0,차대차 - 기타,직진우회전진행방해,건조,맑음,교차로 - 교차로안,승용,남,63세,상해없음,이륜,남,28세,경상
2020031100100117,2020년 3월 11일 09시,수요일,충청북도 영동군 영동읍,경상사고,0,0,2,0,차대차 - 측면충돌,차로위반,건조,맑음,단일로 - 기타,승용,남,61세,상해없음,승용,남,25세,경상
2020031100100141,2020년 3월 11일 10시,수요일,충청북도 보은군 마로면,경상사고,0,0,1,0,차대차 - 기타,기타,건조,맑음,단일로 - 기타,승용,남,36세,상해없음,화물,남,37세,경상
2020031100100191,2020년 3월 11일 12시,수요일,충청북도 청주시 청원구 사천동,경상사고,0,0,5,0,차대차 - 기타,안전운전불이행,건조,맑음,단일로 - 기타,화물,남,46세,상해없음,승용,남,32세,경상
2020031100100246,2020년 3월 11일 14시,수요일,충청북도 진천군 초평면,경상사고,0,0,1,0,차대차 - 측면충돌,교차로운행방법위반,건조,맑음,교차로 - 교차로안,승용,남,72세,경상,승용,남,56세,상해없음
2020031100100247,2020년 3월 11일 14시,수요일,충청북도 청주시 흥덕구 오송읍,경상사고,0,0,1,0,차대차 - 측면충돌,안전거리미확보,건조,맑음,단일로 - 기타,특수,남,51세,상해없음,승용,여,27세,경상
2020031100100248,2020년 3월 11일 14시,수요일,충청북도 청주시 서원구 분평동,경상사고,0,0,1,2,차대차 - 기타,안전운전불이행,건조,맑음,교차로 - 교차로부근,기타불명,기타불명,미분류,기타불명,승용,남,28세,경상
2020031100100349,2020년 3월 11일 17시,수요일,충청북도 청주시 청원구 북이면,중상사고,0,2,3,0,차대차 - 측면충돌,안전운전불이행,건조,맑음,단일로 - 기타,승용,남,23세,경상,화물,남,61세,중상
2020031100100350,2020년 3월 11일 17시,수요일,충청북도 청주시 청원구 사천동,경상사고,0,0,3,0,차대차 - 측면충돌,안전운전불이행,건조,맑음,단일로 - 기타,승용,여,45세,경상,화물,남,32세,경상
2020031100100351,2020년 3월 11일 17시,수요일,충청북도 청주시 흥덕구 외북동,부상신고사고,0,0,0,1,차대차 - 기타,안전운전불이행,건조,맑음,단일로 - 기타,자전거,남,33세,부상신고,승용,여,49세,상해없음
2020031100100352,2020년 3월 11일 17시,수요일,충청북도 청주시 흥덕구 운천동,중상사고,0,1,0,0,차대사람 - 횡단중,보행자보호의무위반,건조,맑음,교차로 - 교차로횡단보도내,승용,남,77세,상해없음,보행자,남,31세,중상
2020031100100353,2020년 3월 11일 17시,수요일,충청북도 청주시 상당구 북문로2가동,경상사고,0,0,1,0,차대사람 - 횡단중,신호위반,건조,맑음,단일로 - 기타,승용,남,79세,상해없음,보행자,남,48세,경상
2020031100100397,2020년 3월 11일 18시,수요일,충청북도 청주시 상당구 북문로2가동,경상사고,0,0,1,0,차대사람 - 횡단중,신호위반,건조,맑음,교차로 - 교차로횡단보도내,승용,남,69세,상해없음,보행자,여,12세,경상
2020031100100438,2020년 3월 11일 19시,수요일,충청북도 음성군 삼성면,경상사고,0,0,1,0,차대차 - 정면충돌,중앙선침범,건조,맑음,단일로 - 지하차도(도로)내,승용,남,55세,상해없음,승용,남,28세,경상
2020031100100439,2020년 3월 11일 19시,수요일,충청북도 단양군 단양읍,경상사고,0,0,2,0,차대차 - 기타,안전운전불이행,건조,맑음,기타 - 기타,승용,남,23세,경상,특수,남,40세,경상
2020031100100487,2020년 3월 11일 21시,수요일,충청북도 청주시 서원구 수곡동,중상사고,0,1,1,0,차대차 - 추돌,안전운전불이행,건조,맑음,단일로 - 지하차도(도로)내,승용,남,32세,상해없음,승용,남,36세,상해없음
2020031100100509,2020년 3월 11일 22시,수요일,충청북도 음성군 삼성면,경상사고,0,0,1,0,차대차 - 후진중충돌,안전운전불이행,건조,맑음,단일로 - 기타,승용,남,56세,상해없음,승용,남,49세,경상
2020031100100525,2020년 3월 11일 23시,수요일,충청북도 청주시 흥덕구 복대동,경상사고,0,0,1,0,차대차 - 기타,안전운전불이행,건조,맑음,교차로 - 교차로안,승용,남,52세,상해없음,이륜,남,19세,경상
2020031200100030,2020년 3월 12일 03시,목요일,충청북도 영동군 추풍령면,부상신고사고,0,0,0,1,차대차 - 정면충돌,안전운전불이행,건조,맑음,단일로 - 기타,자전거,남,34세,부상신고,승용,여,36세,상해없음
2020031200100043,2020년 3월 12일 05시,목요일,충청북도 청주시 서원구 사직동,중상사고,0,1,0,0,차대차 - 측면충돌,신호위반,건조,맑음,교차로 - 교차로안,승용,남,66세,상해없음,화물,남,66세,중상
2020031200100074,2020년 3월 12일 07시,목요일,충청북도 청주시 청원구 사천동,경상사고,0,0,2,0,차대차 - 기타,차로위반,건조,맑음,단일로 - 기타,승용,남,41세,상해없음,승용,여,29세,경상
2020031200100075,2020년 3월 12일 07시,목요일,충청북도 충주시 대소원면,경상사고,0,0,1,0,차대차 - 측면충돌,신호위반,건조,맑음,교차로 - 교차로부근,건설기계,남,49세,상해없음,승용,남,22세,경상
2020031200100129,2020년 3월 12일 09시,목요일,충청북도 청주시 서원구 수곡동,경상사고,0,0,1,0,차대차 - 측면충돌,교차로운행방법위반,건조,맑음,교차로 - 교차로안,승용,여,57세,상해없음,자전거,여,70세,경상
2020031200100182,2020년 3월 12일 11시,목요일,충청북도 충주시 수안보면,경상사고,0,0,3,0,차대차 - 정면충돌,직진우회전진행방해,건조,맑음,교차로 - 교차로안,승용,남,41세,경상,화물,남,38세,경상
2020031200100217,2020년 3월 12일 12시,목요일,충청북도 충주시 안림동,경상사고,0,0,2,0,차대차 - 추돌,안전운전불이행,건조,맑음,단일로 - 기타,승용,여,48세,경상,승용,여,26세,경상
2020031200100218,2020년 3월 12일 12시,목요일,충청북도 청주시 흥덕구 오송읍,경상사고,0,0,1,0,차대차 - 측면충돌,안전거리미확보,건조,맑음,교차로 - 교차로부근,승용,여,55세,상해없음,승용,여,26세,경상
2020031200100256,2020년 3월 12일 13시,목요일,충청북도 청주시 상당구 문의면,중상사고,0,3,0,0,차대차 - 정면충돌,중앙선침범,건조,맑음,단일로 - 기타,승용,남,77세,중상,특수,남,43세,상해없음
2020031200100312,2020년 3월 12일 15시,목요일,충청북도 청주시 청원구 율량동,경상사고,0,0,2,0,차대차 - 기타,교차로운행방법위반,건조,맑음,교차로 - 교차로부근,승용,여,64세,경상,승용,여,55세,경상
2020031200100313,2020년 3월 12일 15시,목요일,충청북도 음성군 금왕읍,경상사고,0,0,2,0,차대차 - 측면충돌,교차로운행방법위반,건조,맑음,교차로 - 교차로안,승용,여,45세,경상,승용,여,53세,경상
2020031200100344,2020년 3월 12일 16시,목요일,충청북도 청주시 서원구 모충동,경상사고,0,0,1,0,차대사람 - 기타,안전운전불이행,건조,맑음,주차장 - 주차장,승용,여,66세,상해없음,보행자,여,34세,경상
2020031200100414,2020년 3월 12일 18시,목요일,충청북도 옥천군 옥천읍,경상사고,0,0,1,0,차대차 - 측면충돌,직진우회전진행방해,건조,맑음,교차로 - 교차로안,이륜,남,33세,경상,승용,남,73세,상해없음
2020031200100415,2020년 3월 12일 18시,목요일,충청북도 진천군 진천읍,경상사고,0,0,1,0,차대차 - 측면충돌,안전운전불이행,건조,맑음,단일로 - 기타,승용,여,55세,상해없음,자전거,남,79세,경상
2020031200100416,2020년 3월 12일 18시,목요일,충청북도 청주시 서원구 분평동,경상사고,0,0,2,0,차대차 - 측면충돌,안전거리미확보,건조,맑음,교차로 - 교차로부근,승용,남,39세,경상,승용,남,27세,경상
2020031200100487,2020년 3월 12일 20시,목요일,충청북도 제천시 모산동,사망사고,1,0,0,0,차대사람 - 횡단중,안전운전불이행,건조,흐림,단일로 - 지하차도(도로)내,승용,남,43세,상해없음,보행자,남,69세,사망
2020031200100523,2020년 3월 12일 21시,목요일,충청북도 충주시 안림동,경상사고,0,0,3,0,차대차 - 측면충돌,신호위반,건조,흐림,교차로 - 교차로안,승용,남,52세,상해없음,승용,남,33세,경상
2020031300100007,2020년 3월 13일 00시,금요일,충청북도 제천시 신월동,중상사고,0,1,0,0,차량단독 - 공작물충돌,안전운전불이행,건조,맑음,단일로 - 기타,이륜,여,23세,중상,,,,
2020031300100008,2020년 3월 13일 00시,금요일,충청북도 청주시 흥덕구 송정동,중상사고,0,1,0,0,차량단독 - 기타,안전운전불이행,건조,맑음,단일로 - 기타,승용,남,39세,중상,,,,
2020031300100019,2020년 3월 13일 01시,금요일,충청북도 청주시 상당구 북문로2가동,경상사고,0,0,2,0,차대차 - 측면충돌,신호위반,건조,맑음,교차로 - 교차로안,승용,남,24세,상해없음,승용,남,49세,경상
2020031300100034,2020년 3월 13일 04시,금요일,충청북도 음성군 대소면,경상사고,0,0,1,0,차량단독 - 공작물충돌,안전운전불이행,건조,맑음,교차로 - 교차로안,승용,남,26세,경상,,,,
2020031300100074,2020년 3월 13일 08시,금요일,충청북도 제천시 하소동,경상사고,0,0,1,0,차대차 - 측면충돌,신호위반,건조,맑음,교차로 - 교차로안,승용,여,33세,상해없음,승용,남,43세,경상
2020031300100120,2020년 3월 13일 10시,금요일,충청북도 제천시 명동,중상사고,0,1,0,0,차대차 - 추돌,과속,건조,맑음,단일로 - 기타,이륜,남,18세,상해없음,자전거,남,80세,중상
2020031300100121,2020년 3월 13일 10시,금요일,충청북도 단양군 매포읍,경상사고,0,0,2,0,차량단독 - 공작물충돌,안전운전불이행,건조,맑음,기타 - 기타,승용,여,24세,경상,,,,
2020031300100153,2020년 3월 13일 11시,금요일,충청북도 옥천군 옥천읍,경상사고,0,0,1,0,차대차 - 측면충돌,안전운전불이행,건조,맑음,단일로 - 기타,승용,여,36세,상해없음,승용,남,55세,경상
2020031300100236,2020년 3월 13일 14시,금요일,충청북도 청주시 상당구 북문로2가동,경상사고,0,0,1,0,차대차 - 기타,교차로운행방법위반,건조,맑음,교차로 - 교차로안,승용,남,28세,상해없음,자전거,여,75세,경상
2020031300100237,2020년 3월 13일 14시,금요일,충청북도 충주시 중앙탑면,경상사고,0,0,4,0,차대차 - 기타,신호위반,건조,맑음,교차로 - 교차로안,승용,남,30세,경상,승용,남,63세,경상
2020031300100238,2020년 3월 13일 14시,금요일,충청북도 충주시 연수동,경상사고,0,0,1,0,차대차 - 기타,안전운전불이행,건조,맑음,단일로 - 기타,승용,남,79세,상해없음,원동기,남,55세,경상
2020031300100239,2020년 3월 13일 14시,금요일,충청북도 증평군 증평읍,경상사고,0,0,4,0,차대차 - 측면충돌,안전운전불이행,건조,맑음,단일로 - 기타,승용,여,46세,경상,승용,남,37세,경상
2020031300100240,2020년 3월 13일 14시,금요일,충청북도 단양군 매포읍,중상사고,0,1,0,0,차대차 - 추돌,안전운전불이행,건조,맑음,기타 - 기타,건설기계,남,36세,상해없음,승용,남,53세,중상
2020031300100241,2020년 3월 13일 14시,금요일,충청북도 청주시 상당구 남일면,경상사고,0,0,1,0,차대차 - 측면충돌,안전운전불이행,건조,맑음,교차로 - 교차로부근,화물,남,50세,상해없음,승합,남,39세,상해없음
2020031300100268,2020년 3월 13일 15시,금요일,충청북도 청주시 상당구 수동,경상사고,0,0,1,0,차대차 - 기타,교차로운행방법위반,건조,맑음,교차로 - 교차로안,이륜,남,22세,경상,승용,남,21세,상해없음
2020031300100269,2020년 3월 13일 15시,금요일,충청북도 괴산군 장연면,경상사고,0,0,5,0,차대차 - 추돌,안전운전불이행,건조,맑음,단일로 - 기타,승합,남,29세,상해없음,승용,남,53세,경상
2020031300100298,2020년 3월 13일 16시,금요일,충청북도 제천시 하소동,경상사고,0,0,3,0,차대차 - 측면충돌,안전운전불이행,건조,맑음,주차장 - 주차장,승용,남,73세,경상,승용,여,28세,경상
2020031300100299,2020년 3월 13일 16시,금요일,충청북도 단양군 매포읍,중상사고,0,1,0,0,차대차 - 추돌,안전운전불이행,건조,맑음,기타 - 기타,특수,남,64세,상해없음,승용,남,51세,중상
2020031300100436,2020년 3월 13일 20시,금요일,충청북도 청주시 청원구 오창읍,경상사고,0,0,1,0,차량단독 - 공작물충돌,안전운전불이행,건조,맑음,교차로 - 교차로부근,승용,남,61세,경상,,,,
2020031300100474,2020년 3월 13일 21시,금요일,충청북도 충주시 성남동,경상사고,0,0,2,0,차대차 - 기타,안전운전불이행,건조,맑음,교차로 - 교차로안,승용,남,54세,상해없음,승합,남,42세,경상
2020031300100499,2020년 3월 13일 22시,금요일,충청북도 음성군 음성읍,경상사고,0,0,1,1,차대차 - 측면충돌,교차로운행방법위반,건조,맑음,교차로 - 교차로안,승용,남,22세,부상신고,승용,남,29세,경상
2020031300100521,2020년 3월 13일 23시,금요일,충청북도 청주시 서원구 분평동,중상사고,0,1,0,0,차량단독 - 공작물충돌,안전운전불이행,건조,맑음,교차로 - 교차로안,승용,남,41세,중상,,,,
2020031400100036,2020년 3월 14일 01시,토요일,충청북도 제천시 모산동,중상사고,0,2,0,0,차대차 - 정면충돌,중앙선침범,건조,맑음,단일로 - 기타,승용,남,26세,상해없음,승용,남,24세,중상
2020031400100057,2020년 3월 14일 03시,토요일,충청북도 충주시 칠금동,중상사고,0,1,0,0,차대차 - 측면충돌,신호위반,건조,흐림,교차로 - 교차로안,승용,남,24세,상해없음,승용,여,41세,중상
2020031400100058,2020년 3월 14일 03시,토요일,충청북도 청주시 상당구 용암동,경상사고,0,0,1,0,차대차 - 기타,신호위반,건조,맑음,교차로 - 교차로안,승용,남,58세,상해없음,승용,남,27세,경상
2020031400100074,2020년 3월 14일 05시,토요일,충청북도 청주시 청원구 오창읍,사망사고,1,0,0,0,차량단독 - 공작물충돌,안전운전불이행,건조,맑음,단일로 - 기타,승용,남,25세,사망,,,,
2020031400100075,2020년 3월 14일 05시,토요일,충청북도 제천시 청전동,중상사고,0,1,0,0,차대차 - 측면충돌,안전운전불이행,건조,맑음,교차로 - 교차로안,승용,남,26세,기타불명,승용,남,68세,중상
2020031400100085,2020년 3월 14일 06시,토요일,충청북도 제천시 의림동,중상사고,0,1,1,0,차대차 - 측면충돌,신호위반,건조,맑음,교차로 - 교차로안,승용,남,21세,상해없음,승용,여,56세,경상
2020031400100112,2020년 3월 14일 08시,토요일,충청북도 청주시 서원구 성화동,경상사고,0,0,2,0,차대차 - 측면충돌,직진우회전진행방해,건조,맑음,교차로 - 교차로안,승용,남,53세,경상,화물,남,48세,경상
2020031400100181,2020년 3월 14일 11시,토요일,충청북도 청주시 서원구 수곡동,경상사고,0,0,1,0,차대차 - 추돌,안전운전불이행,건조,맑음,교차로 - 교차로부근,승용,남,76세,상해없음,승용,여,42세,경상
2020031400100206,2020년 3월 14일 12시,토요일,충청북도 청주시 청원구 오창읍,사망사고,1,0,1,0,차대차 - 측면충돌,신호위반,건조,맑음,교차로 - 교차로안,이륜,남,72세,사망,승용,남,42세,경상
2020031400100207,2020년 3월 14일 12시,토요일,충청북도 옥천군 옥천읍,경상사고,0,0,1,0,차대차 - 측면충돌,직진우회전진행방해,건조,맑음,교차로 - 교차로안,화물,남,55세,상해없음,이륜,여,61세,경상
2020031400100208,2020년 3월 14일 12시,토요일,충청북도 청주시 서원구 죽림동,경상사고,0,0,1,0,차대차 - 측면충돌,안전운전불이행,건조,맑음,교차로 - 교차로안,승용,여,42세,상해없음,승용,남,46세,경상
2020031400100274,2020년 3월 14일 14시,토요일,충청북도 청주시 서원구 수곡동,중상사고,0,1,1,0,차대차 - 측면충돌,안전운전불이행,건조,맑음,교차로 - 교차로안,승용,남,26세,상해없음,승용,남,37세,경상
2020031400100277,2020년 3월 14일 14시,토요일,충청북도 청주시 서원구 남이면,중상사고,0,1,0,0,차대차 - 기타,안전운전불이행,건조,맑음,기타 - 기타,승용,여,57세,상해없음,승용,여,51세,중상
2020031400100375,2020년 3월 14일 17시,토요일,충청북도 충주시 호암동,경상사고,0,0,2,0,차대차 - 측면충돌,안전운전불이행,건조,맑음,교차로 - 교차로부근,승용,여,57세,경상,승용,남,40세,경상
2020031400100465,2020년 3월 14일 20시,토요일,충청북도 진천군 진천읍,경상사고,0,0,2,1,차대차 - 측면충돌,차로위반,건조,맑음,교차로 - 교차로안,승용,남,57세,상해없음,승용,남,22세,경상
2020031400100502,2020년 3월 14일 22시,토요일,충청북도 제천시 자작동,경상사고,0,0,3,0,차대차 - 추돌,안전운전불이행,건조,맑음,단일로 - 지하차도(도로)내,승용,남,21세,상해없음,승용,여,24세,경상
2020031500100033,2020년 3월 15일 02시,일요일,충청북도 청주시 흥덕구 비하동,경상사고,0,0,1,0,차대차 - 추돌,안전운전불이행,건조,맑음,교차로 - 교차로부근,승용,남,20세,상해없음,승용,남,39세,경상
2020031500100098,2020년 3월 15일 10시,일요일,충청북도 청주시 상당구 서문동,경상사고,0,0,1,0,차대차 - 추돌,안전운전불이행,건조,맑음,교차로 - 교차로안,승용,남,28세,상해없음,승용,남,67세,경상
2020031500100113,2020년 3월 15일 11시,일요일,충청북도 보은군 수한면,경상사고,0,0,1,0,차대차 - 측면충돌,안전운전불이행,건조,맑음,단일로 - 기타,특수,남,36세,경상,농기계,남,62세,상해없음
2020031500100114,2020년 3월 15일 11시,일요일,충청북도 청주시 흥덕구 복대동,경상사고,0,0,1,0,차대차 - 측면충돌,안전운전불이행,건조,맑음,교차로 - 교차로안,승용,남,59세,상해없음,승용,남,48세,경상
2020031500100129,2020년 3월 15일 12시,일요일,충청북도 진천군 초평면,중상사고,0,1,3,0,차대차 - 측면충돌,안전운전불이행,건조,맑음,단일로 - 지하차도(도로)내,승용,여,63세,중상,승합,남,47세,경상
2020031500100144,2020년 3월 15일 13시,일요일,충청북도 청주시 청원구 주중동,경상사고,0,0,1,0,차대차 - 측면충돌,안전거리미확보,건조,맑음,단일로 - 기타,승용,남,58세,상해없음,이륜,남,25세,경상
2020031500100183,2020년 3월 15일 15시,일요일,충청북도 충주시 단월동,경상사고,0,0,1,0,차대차 - 기타,직진우회전진행방해,건조,맑음,교차로 - 교차로안,승용,여,66세,상해없음,승용,남,32세,경상
2020031500100184,2020년 3월 15일 15시,일요일,충청북도 청주시 상당구 용암동,경상사고,0,0,2,0,차대차 - 측면충돌,안전운전불이행,건조,맑음,단일로 - 기타,화물,남,52세,상해없음,승용,여,31세,경상
2020031500100202,2020년 3월 15일 16시,일요일,충청북도 충주시 성서동,경상사고,0,0,1,0,차대차 - 기타,안전운전불이행,건조,맑음,교차로 - 교차로안,승용,남,85세,상해없음,승용,남,57세,경상
2020031500100271,2020년 3월 15일 19시,일요일,충청북도 충주시 호암동,중상사고,0,2,0,0,차대차 - 기타,안전거리미확보,건조,맑음,교차로 - 교차로부근,승용,남,66세,상해없음,승용,남,23세,중상
2020031500100272,2020년 3월 15일 19시,일요일,충청북도 괴산군 연풍면,중상사고,0,1,0,0,차대차 - 기타,차로위반,건조,맑음,단일로 - 기타,특수,남,71세,상해없음,승용,여,53세,중상
2020031500100302,2020년 3월 15일 20시,일요일,충청북도 보은군 수한면,중상사고,0,1,0,0,차량단독 - 도로외이탈 - 추락,안전운전불이행,건조,맑음,교차로 - 교차로부근,승용,남,59세,중상,,,,
2020031500100303,2020년 3월 15일 20시,일요일,충청북도 진천군 백곡면,경상사고,0,0,2,0,차대차 - 추돌,안전운전불이행,건조,맑음,단일로 - 기타,승용,여,59세,상해없음,승용,여,56세,경상
2020031500100345,2020년 3월 15일 23시,일요일,충청북도 청주시 청원구 오창읍,경상사고,0,0,1,0,차대차 - 기타,안전운전불이행,건조,맑음,교차로 - 교차로부근,승용,남,33세,상해없음,승용,남,54세,경상
2020031600100010,2020년 3월 16일 01시,월요일,충청북도 청주시 흥덕구 봉명동,중상사고,0,1,0,0,차대차 - 측면충돌,신호위반,건조,맑음,교차로 - 교차로안,승용,여,56세,상해없음,승용,남,23세,중상
2020031600100011,2020년 3월 16일 01시,월요일,충청북도 진천군 초평면,경상사고,0,0,3,0,차대차 - 추돌,과속,건조,맑음,단일로 - 기타,승용,남,53세,경상,화물,남,61세,경상
2020031600100012,2020년 3월 16일 01시,월요일,충청북도 진천군 초평면,경상사고,0,0,1,2,차대차 - 추돌,안전운전불이행,건조,맑음,단일로 - 기타,화물,남,61세,경상,승용,남,53세,부상신고
2020031600100019,2020년 3월 16일 04시,월요일,충청북도 청주시 흥덕구 봉명동,경상사고,0,0,1,0,차대차 - 기타,신호위반,건조,맑음,교차로 - 교차로안,승용,남,26세,상해없음,승용,남,20세,경상
2020031600100037,2020년 3월 16일 06시,월요일,충청북도 청주시 청원구 내덕동,경상사고,0,0,1,0,차대사람 - 기타,안전운전불이행,건조,맑음,교차로 - 교차로부근,화물,남,49세,상해없음,보행자,여,63세,경상
2020031600100038,2020년 3월 16일 06시,월요일,충청북도 청주시 상당구 서문동,경상사고,0,0,3,0,차대차 - 측면충돌,교차로운행방법위반,건조,맑음,교차로 - 교차로안,승용,남,49세,경상,승용,남,31세,경상
2020031600100087,2020년 3월 16일 08시,월요일,충청북도 진천군 광혜원면,경상사고,0,0,2,0,차량단독 - 전도전복 - 전도,안전운전불이행,건조,맑음,단일로 - 기타,원동기,남,17세,상해없음,,,,
2020031600100129,2020년 3월 16일 09시,월요일,충청북도 청주시 서원구 개신동,경상사고,0,0,2,0,차대차 - 기타,안전운전불이행,건조,맑음,교차로 - 교차로부근,승용,여,61세,상해없음,승용,남,51세,경상
2020031600100162,2020년 3월 16일 10시,월요일,충청북도 보은군 장안면,경상사고,0,0,1,0,차대차 - 추돌,안전운전불이행,건조,맑음,단일로 - 기타,화물,남,27세,상해없음,승용,남,63세,경상
2020031600100198,2020년 3월 16일 11시,월요일,충청북도 충주시 연수동,경상사고,0,0,1,0,차대사람 - 횡단중,안전운전불이행,건조,맑음,단일로 - 기타,기타불명,기타불명,미분류,기타불명,보행자,여,79세,경상
2020031600100199,2020년 3월 16일 11시,월요일,충청북도 청주시 서원구 수곡동,경상사고,0,0,3,0,차대차 - 측면충돌,교차로운행방법위반,건조,맑음,교차로 - 교차로안,승용,여,73세,경상,승용,여,28세,경상
2020031600100221,2020년 3월 16일 12시,월요일,충청북도 진천군 덕산면,경상사고,0,0,2,0,차대차 - 측면충돌,신호위반,건조,맑음,교차로 - 교차로안,승용,여,33세,상해없음,승용,남,58세,경상
2020031600100222,2020년 3월 16일 12시,월요일,충청북도 청주시 상당구 용암동,중상사고,0,1,0,0,차대차 - 측면충돌,신호위반,건조,맑음,교차로 - 교차로안,승용,여,35세,상해없음,이륜,남,49세,중상
2020031600100244,2020년 3월 16일 13시,월요일,충청북도 단양군 대강면,경상사고,0,0,1,0,차량단독 - 공작물충돌,안전운전불이행,건조,맑음,기타 - 기타,화물,남,71세,경상,,,,
2020031600100245,2020년 3월 16일 13시,월요일,충청북도 청주시 상당구 용암동,경상사고,0,0,1,0,차량단독 - 기타,안전운전불이행,건조,맑음,교차로 - 교차로부근,승용,남,39세,상해없음,,,,
2020031600100272,2020년 3월 16일 14시,월요일,충청북도 보은군 보은읍,경상사고,0,0,1,0,차대사람 - 차도통행중,안전운전불이행,건조,맑음,단일로 - 기타,기타불명,기타불명,미분류,기타불명,보행자,남,77세,경상
2020031600100332,2020년 3월 16일 16시,월요일,충청북도 청주시 상당구 방서동,경상사고,0,0,1,0,차대차 - 측면충돌,안전운전불이행,건조,맑음,교차로 - 교차로부근,승용,남,80세,상해없음,승용,여,58세,경상
2020031600100405,2020년 3월 16일 18시,월요일,충청북도 청주시 서원구 개신동,경상사고,0,0,1,0,차대사람 - 횡단중,안전운전불이행,건조,맑음,단일로 - 기타,승용,여,60세,상해없음,보행자,여,64세,경상
2020031600100406,2020년 3월 16일 18시,월요일,충청북도 청주시 청원구 오창읍,중상사고,0,1,1,0,차대차 - 측면충돌,신호위반,건조,맑음,교차로 - 교차로안,승합,남,56세,상해없음,승용,남,40세,중상
2020031600100407,2020년 3월 16일 18시,월요일,충청북도 청주시 청원구 내덕동,경상사고,0,0,4,0,차대차 - 측면충돌,직진우회전진행방해,건조,맑음,교차로 - 교차로안,승용,남,58세,경상,승용,여,45세,경상
2020031600100408,2020년 3월 16일 18시,월요일,충청북도 청주시 흥덕구 복대동,중상사고,0,1,0,0,차대차 - 측면충돌,안전거리미확보,건조,맑음,단일로 - 기타,이륜,여,59세,중상,승용,남,57세,상해없음
2020031600100451,2020년 3월 16일 19시,월요일,충청북도 제천시 중앙로2가,중상사고,0,1,0,0,차대차 - 측면충돌,신호위반,건조,맑음,교차로 - 교차로안,승용,여,67세,상해없음,승용,남,50세,중상
2020031600100452,2020년 3월 16일 19시,월요일,충청북도 청주시 서원구 성화동,경상사고,0,0,1,0,차대차 - 기타,신호위반,건조,맑음,교차로 - 교차로안,이륜,남,34세,경상,승용,남,66세,상해없음
2020031600100485,2020년 3월 16일 20시,월요일,충청북도 청주시 청원구 내덕동,경상사고,0,0,1,0,차대차 - 기타,신호위반,건조,맑음,교차로 - 교차로안,승용,남,30세,상해없음,승용,남,38세,경상
2020031600100486,2020년 3월 16일 20시,월요일,충청북도 청주시 상당구 용암동,중상사고,0,1,0,0,차대차 - 기타,안전운전불이행,건조,맑음,교차로 - 교차로부근,승용,남,64세,상해없음,자전거,남,54세,중상
2020031600100526,2020년 3월 16일 22시,월요일,충청북도 청주시 흥덕구 가경동,중상사고,0,1,0,0,차대차 - 기타,신호위반,건조,맑음,단일로 - 기타,기타불명,기타불명,미분류,기타불명,승합,남,35세,상해없음
2020031700100005,2020년 3월 17일 00시,화요일,충청북도 충주시 성남동,경상사고,0,0,5,0,차대차 - 측면충돌,신호위반,건조,흐림,교차로 - 교차로안,승용,남,16세,경상,승용,남,53세,경상
2020031700100036,2020년 3월 17일 05시,화요일,충청북도 진천군 문백면,경상사고,0,0,2,0,차대차 - 측면충돌,차로위반,건조,맑음,단일로 - 기타,승용,남,36세,상해없음,승용,남,27세,경상
2020031700100048,2020년 3월 17일 06시,화요일,충청북도 괴산군 문광면,중상사고,0,1,0,0,차대차 - 추돌,안전운전불이행,건조,맑음,단일로 - 터널,화물,남,46세,상해없음,건설기계,남,51세,중상
2020031700100132,2020년 3월 17일 10시,화요일,충청북도 충주시 성남동,중상사고,0,1,2,0,차대차 - 기타,직진우회전진행방해,건조,맑음,교차로 - 교차로안,승용,남,30세,경상,이륜,남,65세,중상