사고번호,사고일시,요일,시군구,사고내용,사망자수,중상자수,경상자수,부상신고자수,사고유형,법규위반,노면상태,기상상태,도로형태,가해운전자 차종,가해운전자 성별,가해운전자 연령,가해운전자 상해정도,피해운전자 차종,피해운전자 성별,피해운전자 연령,피해운전자 상해정도
2020032300100086,2020년 3월 23일 08시,월요일,충청북도 괴산군 괴산읍,중상사고,0,1,0,0,차대차 - 추돌,안전운전불이행,건조,맑음,교차로 - 교차로부근,승용,남,51세,상해없음,승용,남,34세,중상
2020032300100087,2020년 3월 23일 08시,월요일,충청북도 진천군 진천읍,중상사고,0,1,0,0,차대사람 - 횡단중,안전운전불이행,건조,맑음,교차로 - 교차로안,승용,여,45세,상해없음,보행자,여,59세,중상
2020032300100125,2020년 3월 23일 09시,월요일,충청북도 청주시 청원구 정하동,경상사고,0,0,1,0,차대차 - 기타,안전운전불이행,건조,맑음,교차로 - 교차로안,기타불명,기타불명,미분류,기타불명,자전거,남,57세,경상
2020032300100126,2020년 3월 23일 09시,월요일,충청북도 청주시 상당구 용암동,경상사고,0,0,1,0,차대사람 - 기타,안전운전불이행,건조,맑음,단일로 - 기타,기타불명,기타불명,미분류,기타불명,보행자,여,53세,경상
2020032300100203,2020년 3월 23일 11시,월요일,충청북도 청주시 흥덕구 운천동,경상사고,0,0,2,0,차대차 - 측면충돌,교차로운행방법위반,건조,맑음,교차로 - 교차로안,승용,남,61세,상해없음,승용,여,34세,경상
2020032300100204,2020년 3월 23일 11시,월요일,충청북도 청주시 서원구 장성동,중상사고,0,1,0,0,차대차 - 기타,안전운전불이행,건조,맑음,단일로 - 기타,승용,남,46세,상해없음,이륜,남,76세,중상
2020032300100205,2020년 3월 23일 11시,월요일,충청북도 진천군 문백면,경상사고,0,0,1,0,차대차 - 측면충돌,안전거리미확보,건조,맑음,단일로 - 기타,화물,남,48세,상해없음,화물,남,55세,경상
2020032300100231,2020년 3월 23일 12시,월요일,충청북도 청주시 상당구 북문로3가동,중상사고,0,1,0,0,차대차 - 기타,안전운전불이행,건조,맑음,교차로 - 교차로안,승용,여,63세,상해없음,자전거,여,33세,중상
2020032300100232,2020년 3월 23일 12시,월요일,충청북도 청주시 서원구 사창동,중상사고,0,1,0,0,차대차 - 기타,신호위반,건조,맑음,교차로 - 교차로안,승용,여,23세,상해없음,이륜,남,39세,중상
2020032300100257,2020년 3월 23일 13시,월요일,충청북도 충주시 칠금동,경상사고,0,0,1,0,차대차 - 추돌,안전운전불이행,건조,맑음,교차로 - 교차로부근,승용,여,61세,상해없음,승용,여,39세,경상
2020032300100258,2020년 3월 23일 13시,월요일,충청북도 제천시 장락동,중상사고,0,1,0,0,차대차 - 측면충돌,직진우회전진행방해,건조,맑음,교차로 - 교차로안,승용,남,47세,상해없음,승용,여,52세,중상
2020032300100259,2020년 3월 23일 13시,월요일,충청북도 청주시 흥덕구 송절동,경상사고,0,0,1,0,차대차 - 기타,안전거리미확보,건조,맑음,교차로 - 교차로부근,승용,남,34세,상해없음,이륜,남,62세,경상
2020032300100284,2020년 3월 23일 14시,월요일,충청북도 충주시 봉방동,경상사고,0,0,1,0,차대사람 - 기타,안전운전불이행,건조,맑음,단일로 - 기타,승용,남,72세,상해없음,보행자,남,12세,경상
2020032300100285,2020년 3월 23일 14시,월요일,충청북도 괴산군 연풍면,사망사고,1,0,0,0,차량단독 - 전도전복 - 전도,안전운전불이행,건조,맑음,단일로 - 기타,이륜,남,76세,사망,,,,
2020032300100315,2020년 3월 23일 15시,월요일,충청북도 청주시 청원구 오창읍,중상사고,0,2,0,0,차대차 - 추돌,안전운전불이행,건조,맑음,교차로 - 교차로부근,화물,남,66세,상해없음,승용,남,76세,중상
2020032300100316,2020년 3월 23일 15시,월요일,충청북도 청주시 서원구 개신동,경상사고,0,0,2,0,차대차 - 기타,안전운전불이행,건조,맑음,교차로 - 교차로부근,승용,여,51세,경상,승용,여,30세,경상
2020032300100317,2020년 3월 23일 15시,월요일,충청북도 청주시 상당구 용암동,경상사고,0,0,2,0,차대차 - 측면충돌,안전운전불이행,건조,맑음,교차로 - 교차로안,승용,남,65세,경상,승용,남,64세,경상
2020032300100352,2020년 3월 23일 16시,월요일,충청북도 청주시 흥덕구 복대동,경상사고,0,0,1,0,차대차 - 기타,교차로운행방법위반,건조,맑음,교차로 - 교차로부근,승합,남,77세,상해없음,승용,여,44세,경상
2020032300100376,2020년 3월 23일 17시,월요일,충청북도 음성군 삼성면,중상사고,0,4,1,0,차대차 - 정면충돌,중앙선침범,건조,맑음,교차로 - 교차로부근,승용,남,46세,경상,화물,남,54세,중상
2020032300100417,2020년 3월 23일 18시,월요일,충청북도 제천시 신백동,경상사고,0,0,2,1,차대차 - 추돌,안전운전불이행,건조,맑음,기타 - 기타,화물,남,53세,상해없음,승용,여,54세,경상
2020032300100449,2020년 3월 23일 19시,월요일,충청북도 청주시 상당구 문의면,중상사고,0,1,0,0,차대차 - 추돌,안전운전불이행,건조,맑음,단일로 - 기타,승용,남,63세,상해없음,농기계,남,58세,중상
2020032300100526,2020년 3월 23일 21시,월요일,충청북도 청주시 청원구 우암동,중상사고,0,1,0,0,차대사람 - 차도통행중,교차로운행방법위반,건조,맑음,교차로 - 교차로안,승용,남,38세,상해없음,보행자,여,57세,중상
2020032300100527,2020년 3월 23일 21시,월요일,충청북도 음성군 맹동면,경상사고,0,0,1,0,차대차 - 측면충돌,교차로운행방법위반,건조,맑음,교차로 - 교차로안,승용,남,59세,기타불명,이륜,남,53세,경상
2020032300100546,2020년 3월 23일 22시,월요일,충청북도 청주시 흥덕구 가경동,중상사고,0,1,0,0,차대차 - 기타,안전운전불이행,건조,맑음,단일로 - 기타,승용,남,48세,상해없음,이륜,남,46세,중상
2020032400100032,2020년 3월 24일 03시,화요일,충청북도 청주시 흥덕구 복대동,중상사고,0,1,0,0,차대차 - 기타,안전운전불이행,건조,맑음,단일로 - 기타,승용,남,36세,상해없음,원동기,남,22세,중상
2020032400100093,2020년 3월 24일 08시,화요일,충청북도 제천시 명동,경상사고,0,0,1,0,차대차 - 측면충돌,안전거리미확보,건조,맑음,교차로 - 교차로부근,승용,남,73세,상해없음,승용,여,36세,경상
2020032400100094,2020년 3월 24일 08시,화요일,충청북도 보은군 탄부면,중상사고,0,1,0,0,차대사람 - 길가장자리구역통행중,안전운전불이행,건조,맑음,단일로 - 기타,개인형이동수단(PM),여,48세,상해없음,보행자,남,71세,중상
2020032400100095,2020년 3월 24일 08시,화요일,충청북도 청주시 흥덕구 강내면,경상사고,0,0,1,0,차대차 - 후진중충돌,불법유턴,건조,맑음,교차로 - 교차로부근,승용,여,74세,상해없음,승용,여,42세,경상
2020032400100123,2020년 3월 24일 09시,화요일,충청북도 음성군 생극면,중상사고,0,1,0,0,차대차 - 측면충돌,신호위반,건조,맑음,교차로 - 교차로안,화물,남,55세,상해없음,화물,여,61세,중상
2020032400100153,2020년 3월 24일 10시,화요일,충청북도 청주시 청원구 주중동,경상사고,0,0,4,0,차대차 - 기타,신호위반,건조,맑음,교차로 - 교차로안,승용,남,82세,경상,승용,여,59세,경상
2020032400100154,2020년 3월 24일 10시,화요일,충청북도 보은군 장안면,중상사고,0,1,1,0,차대사람 - 차도통행중,안전운전불이행,건조,맑음,교차로 - 교차로안,이륜,남,58세,경상,보행자,여,78세,중상
2020032400100155,2020년 3월 24일 10시,화요일,충청북도 옥천군 옥천읍,경상사고,0,0,1,1,차대차 - 추돌,안전운전불이행,젖음/습기,맑음,단일로 - 기타,화물,남,65세,부상신고,승용,남,57세,경상
2020032400100156,2020년 3월 24일 10시,화요일,충청북도 진천군 진천읍,경상사고,0,0,1,0,차대차 - 측면충돌,교차로운행방법위반,건조,맑음,교차로 - 교차로안,원동기,남,23세,경상,화물,남,37세,상해없음
2020032400100182,2020년 3월 24일 11시,화요일,충청북도 충주시 연수동,경상사고,0,0,1,0,차대차 - 측면충돌,안전운전불이행,건조,맑음,기타 - 기타,승용,남,77세,상해없음,승용,남,26세,경상
2020032400100183,2020년 3월 24일 11시,화요일,충청북도 제천시 명동,경상사고,0,0,2,0,차대차 - 측면충돌,직진우회전진행방해,건조,맑음,교차로 - 교차로안,승용,남,60세,경상,승용,남,72세,경상
2020032400100184,2020년 3월 24일 11시,화요일,충청북도 음성군 음성읍,경상사고,0,0,1,0,차대차 - 측면충돌,교차로운행방법위반,건조,맑음,교차로 - 교차로안,승용,남,73세,기타불명,승용,여,25세,경상
2020032400100215,2020년 3월 24일 12시,화요일,충청북도 청주시 상당구 방서동,중상사고,0,1,0,0,차대차 - 기타,신호위반,건조,맑음,교차로 - 교차로안,승용,남,55세,상해없음,승용,남,46세,중상
2020032400100276,2020년 3월 24일 14시,화요일,충청북도 제천시 모산동,경상사고,0,0,3,0,차대차 - 정면충돌,교차로운행방법위반,건조,맑음,교차로 - 교차로안,화물,남,51세,경상,승용,여,54세,경상
2020032400100277,2020년 3월 24일 14시,화요일,충청북도 제천시 대랑동,중상사고,0,2,2,0,차대차 - 추돌,안전거리미확보,건조,맑음,교차로 - 교차로부근,승용,여,59세,중상,승용,남,65세,경상
2020032400100278,2020년 3월 24일 14시,화요일,충청북도 청주시 흥덕구 강내면,경상사고,0,0,3,0,차대차 - 기타,교차로운행방법위반,건조,맑음,교차로 - 교차로안,승용,남,53세,상해없음,승합,남,61세,상해없음
2020032400100279,2020년 3월 24일 14시,화요일,충청북도 청주시 상당구 남일면,경상사고,0,0,2,0,차대차 - 기타,신호위반,건조,맑음,교차로 - 교차로안,화물,남,73세,기타불명,승용,남,29세,경상
2020032400100316,2020년 3월 24일 15시,화요일,충청북도 옥천군 옥천읍,경상사고,0,0,1,0,차대차 - 기타,기타,건조,맑음,교차로 - 교차로부근,승용,여,58세,상해없음,화물,남,51세,경상
2020032400100346,2020년 3월 24일 16시,화요일,충청북도 청주시 청원구 오창읍,중상사고,0,1,0,0,차대사람 - 횡단중,안전운전불이행,건조,맑음,교차로 - 교차로부근,승용,남,31세,상해없음,보행자,여,66세,중상
2020032400100391,2020년 3월 24일 17시,화요일,충청북도 청주시 흥덕구 화계동,경상사고,0,0,3,0,차대차 - 추돌,안전거리미확보,건조,맑음,교차로 - 교차로부근,승용,남,54세,상해없음,승용,여,38세,경상
2020032400100419,2020년 3월 24일 18시,화요일,충청북도 제천시 왕암동,경상사고,0,0,1,0,차대차 - 측면충돌,신호위반,건조,맑음,교차로 - 교차로안,특수,남,68세,상해없음,승용,남,33세,경상
2020032400100547,2020년 3월 24일 23시,화요일,충청북도 괴산군 장연면,경상사고,0,0,2,0,차대차 - 추돌,안전운전불이행,건조,맑음,단일로 - 지하차도(도로)내,승용,남,59세,경상,화물,남,47세,경상
2020032500100005,2020년 3월 25일 00시,수요일,충청북도 제천시 서부동,경상사고,0,0,1,0,차대차 - 추돌,안전운전불이행,건조,맑음,교차로 - 교차로부근,승용,남,43세,상해없음,승용,남,47세,경상
2020032500100012,2020년 3월 25일 01시,수요일,충청북도 청주시 청원구 내덕동,경상사고,0,0,2,0,차대차 - 측면충돌,차로위반,건조,맑음,단일로 - 기타,승용,남,25세,상해없음,승용,남,61세,경상
2020032500100084,2020년 3월 25일 08시,수요일,충청북도 청주시 청원구 내덕동,경상사고,0,0,2,0,차대차 - 기타,교차로운행방법위반,건조,맑음,교차로 - 교차로안,승용,여,61세,경상,승용,여,52세,경상
2020032500100085,2020년 3월 25일 08시,수요일,충청북도 충주시 풍동,중상사고,0,2,0,0,차대차 - 기타,안전운전불이행,건조,맑음,단일로 - 기타,특수,남,43세,중상,화물,남,43세,중상
2020032500100086,2020년 3월 25일 08시,수요일,충청북도 음성군 금왕읍,경상사고,0,0,2,0,차대차 - 측면충돌,안전거리미확보,건조,맑음,단일로 - 기타,승용,남,70세,상해없음,승용,남,48세,경상
2020032500100140,2020년 3월 25일 10시,수요일,충청북도 청주시 흥덕구 신촌동,경상사고,0,0,1,0,차대차 - 기타,안전운전불이행,건조,맑음,교차로 - 교차로부근,화물,남,56세,상해없음,승용,남,70세,경상
2020032500100175,2020년 3월 25일 11시,수요일,충청북도 청주시 청원구 오창읍,경상사고,0,0,1,0,차대차 - 기타,안전운전불이행,건조,맑음,단일로 - 기타,화물,남,54세,경상,화물,남,53세,상해없음
2020032500100215,2020년 3월 25일 12시,수요일,충청북도 충주시 교현동,중상사고,0,1,0,0,차대사람 - 기타,안전운전불이행,건조,맑음,주차장 - 주차장,승용,여,59세,상해없음,보행자,여,79세,중상
2020032500100216,2020년 3월 25일 12시,수요일,충청북도 청주시 상당구 운동동,경상사고,0,0,3,0,차대차 - 기타,안전운전불이행,건조,맑음,단일로 - 기타,특수,남,62세,상해없음,승용,여,56세,경상
2020032500100308,2020년 3월 25일 15시,수요일,충청북도 음성군 금왕읍,중상사고,0,1,0,0,차대차 - 측면충돌,교차로운행방법위반,건조,맑음,교차로 - 교차로안,승용,여,58세,상해없음,이륜,남,75세,중상
2020032500100340,2020년 3월 25일 16시,수요일,충청북도 제천시 천남동,경상사고,0,0,1,0,차대차 - 측면충돌,차로위반,건조,맑음,교차로 - 교차로부근,승용,남,34세,상해없음,승용,남,63세,경상
2020032500100341,2020년 3월 25일 16시,수요일,충청북도 음성군 감곡면,경상사고,0,0,1,0,차대차 - 정면충돌,안전운전불이행,건조,맑음,교차로 - 교차로부근,승용,남,60세,상해없음,화물,남,38세,경상
2020032500100384,2020년 3월 25일 17시,수요일,충청북도 진천군 이월면,중상사고,0,1,0,0,차대사람 - 횡단중,안전운전불이행,건조,맑음,교차로 - 교차로안,승용,남,51세,상해없음,보행자,남,58세,중상
2020032500100420,2020년 3월 25일 18시,수요일,충청북도 청주시 서원구 사직동,경상사고,0,0,1,0,차대차 - 기타,안전운전불이행,건조,맑음,단일로 - 기타,승용,남,44세,상해없음,원동기,남,47세,경상
2020032500100462,2020년 3월 25일 19시,수요일,충청북도 청주시 서원구 분평동,경상사고,0,0,1,0,차대차 - 측면충돌,차로위반,건조,맑음,단일로 - 지하차도(도로)내,승용,남,59세,상해없음,승용,남,29세,경상
2020032500100553,2020년 3월 25일 22시,수요일,충청북도 청주시 흥덕구 송정동,경상사고,0,0,1,0,차대차 - 기타,안전운전불이행,건조,맑음,교차로 - 교차로부근,승용,여,57세,상해없음,승용,여,42세,경상
2020032600100092,2020년 3월 26일 08시,목요일,충청북도 청주시 흥덕구 운천동,경상사고,0,0,1,0,차대차 - 측면충돌,안전운전불이행,건조,맑음,교차로 - 교차로안,승용,여,25세,상해없음,승용,남,27세,경상
2020032600100110,2020년 3월 26일 09시,목요일,충청북도 청주시 흥덕구 복대동,경상사고,0,0,3,0,차대차 - 기타,교차로운행방법위반,건조,맑음,교차로 - 교차로안,승용,남,61세,경상,승용,여,37세,경상
2020032600100132,2020년 3월 26일 10시,목요일,충청북도 제천시 중앙로1가,경상사고,0,0,1,0,차대차 - 측면충돌,중앙선침범,건조,맑음,교차로 - 교차로부근,이륜,남,64세,경상,승용,남,82세,상해없음
2020032600100133,2020년 3월 26일 10시,목요일,충청북도 진천군 진천읍,경상사고,0,0,1,0,차대차 - 측면충돌,안전거리미확보,건조,맑음,단일로 - 기타,승용,여,53세,기타불명,이륜,남,42세,경상
2020032600100160,2020년 3월 26일 11시,목요일,충청북도 청주시 서원구 분평동,경상사고,0,0,2,0,차대차 - 후진중충돌,안전운전불이행,건조,맑음,교차로 - 교차로부근,화물,남,46세,상해없음,화물,남,60세,경상
2020032600100219,2020년 3월 26일 13시,목요일,충청북도 청주시 흥덕구 강서동,중상사고,0,1,0,0,차대차 - 측면충돌,안전운전불이행,건조,맑음,교차로 - 교차로안,승용,남,74세,상해없음,이륜,남,25세,중상
2020032600100220,2020년 3월 26일 13시,목요일,충청북도 청주시 서원구 산남동,중상사고,0,1,0,0,차대사람 - 횡단중,보행자보호의무위반,건조,맑음,교차로 - 교차로횡단보도내,승용,남,50세,상해없음,보행자,남,57세,중상
2020032600100258,2020년 3월 26일 15시,목요일,충청북도 충주시 안림동,중상사고,0,1,0,0,차대사람 - 기타,안전운전불이행,건조,맑음,교차로 - 교차로부근,화물,남,29세,상해없음,보행자,여,83세,중상
2020032600100259,2020년 3월 26일 15시,목요일,충청북도 제천시 명동,경상사고,0,0,3,0,차대차 - 정면충돌,교차로운행방법위반,건조,맑음,교차로 - 교차로안,화물,남,65세,경상,승용,남,73세,경상
2020032600100260,2020년 3월 26일 15시,목요일,충청북도 청주시 상당구 석교동,경상사고,0,0,1,0,차대차 - 측면충돌,신호위반,건조,맑음,교차로 - 교차로횡단보도내,이륜,남,61세,상해없음,자전거,남,89세,경상
2020032600100284,2020년 3월 26일 16시,목요일,충청북도 진천군 진천읍,경상사고,0,0,1,0,차대차 - 기타,직진우회전진행방해,건조,맑음,교차로 - 교차로안,승용,여,60세,상해없음,이륜,남,21세,경상
2020032600100322,2020년 3월 26일 17시,목요일,충청북도 청주시 청원구 오창읍,중상사고,0,1,1,0,차대차 - 기타,차로위반,건조,맑음,교차로 - 교차로부근,화물,남,59세,기타불명,승용,남,49세,중상
2020032600100445,2020년 3월 26일 20시,목요일,충청북도 충주시 칠금동,경상사고,0,0,4,0,차대차 - 측면충돌,안전운전불이행,건조,맑음,교차로 - 교차로부근,승용,남,65세,상해없음,승용,남,26세,경상
2020032600100446,2020년 3월 26일 20시,목요일,충청북도 음성군 대소면,중상사고,0,1,2,0,차대차 - 측면충돌,안전운전불이행,건조,맑음,교차로 - 교차로안,승용,남,33세,경상,승용,남,25세,중상
2020032600100481,2020년 3월 26일 21시,목요일,충청북도 청주시 서원구 개신동,중상사고,0,1,0,0,차대차 - 측면충돌,중앙선침범,건조,맑음,단일로 - 기타,승용,남,40세,상해없음,승용,남,52세,중상
2020032600100541,2020년 3월 26일 23시,목요일,충청북도 청주시 흥덕구 지동동,경상사고,0,0,1,1,차대차 - 기타,신호위반,건조,맑음,교차로 - 교차로안,승용,남,32세,부상신고,승합,남,45세,경상
2020032700100150,2020년 3월 27일 10시,금요일,충청북도 청주시 상당구 용담동,중상사고,0,1,0,0,차대차 - 기타,직진우회전진행방해,젖음/습기,비,교차로 - 교차로안,승용,여,46세,상해없음,이륜,여,61세,중상
2020032700100172,2020년 3월 27일 11시,금요일,충청북도 청주시 상당구 금천동,중상사고,0,1,0,0,차대사람 - 길가장자리구역통행중,안전운전불이행,건조,맑음,단일로 - 기타,승용,여,34세,상해없음,보행자,여,84세,중상
2020032700100292,2020년 3월 27일 15시,금요일,충청북도 청주시 청원구 오창읍,경상사고,0,0,1,0,차량단독 - 공작물충돌,안전운전불이행,건조,맑음,단일로 - 기타,승용,남,59세,경상,,,,
2020032700100293,2020년 3월 27일 15시,금요일,충청북도 청주시 흥덕구 송절동,경상사고,0,0,2,0,차대차 - 기타,안전운전불이행,건조,맑음,교차로 - 교차로안,승용,남,75세,상해없음,승용,남,27세,경상
2020032700100328,2020년 3월 27일 16시,금요일,충청북도 음성군 금왕읍,경상사고,0,0,1,0,차대차 - 측면충돌,안전운전불이행,건조,맑음,단일로 - 기타,이륜,남,50세,상해없음,화물,여,45세,경상
2020032700100370,2020년 3월 27일 17시,금요일,충청북도 충주시 칠금동,경상사고,0,0,2,0,차대차 - 추돌,안전운전불이행,건조,맑음,단일로 - 기타,화물,남,45세,상해없음,승용,여,59세,경상
2020032700100371,2020년 3월 27일 17시,금요일,충청북도 진천군 진천읍,중상사고,0,1,1,0,차대차 - 추돌,안전운전불이행,건조,맑음,단일로 - 기타,승용,남,56세,상해없음,승용,여,52세,중상
2020032700100413,2020년 3월 27일 18시,금요일,충청북도 제천시 청전동,경상사고,0,0,1,0,차대차 - 측면충돌,신호위반,건조,맑음,교차로 - 교차로안,승용,여,65세,상해없음,이륜,남,21세,경상
2020032700100414,2020년 3월 27일 18시,금요일,충청북도 증평군 증평읍,경상사고,0,0,1,0,차대차 - 추돌,안전운전불이행,건조,맑음,교차로 - 교차로부근,승용,남,59세,상해없음,승용,여,26세,경상
2020032700100415,2020년 3월 27일 18시,금요일,충청북도 청주시 흥덕구 봉명동,경상사고,0,0,1,0,차대차 - 기타,신호위반,건조,맑음,교차로 - 교차로안,승용,여,51세,상해없음,승용,남,46세,경상
2020032700100464,2020년 3월 27일 19시,금요일,충청북도 충주시 칠금동,경상사고,0,0,1,0,차대차 - 기타,신호위반,건조,맑음,교차로 - 교차로안,화물,남,39세,상해없음,승용,남,31세,경상
2020032700100491,2020년 3월 27일 20시,금요일,충청북도 충주시 호암동,경상사고,0,0,2,0,차대차 - 측면충돌,안전운전불이행,건조,맑음,교차로 - 교차로안,승용,여,55세,경상,승용,남,55세,경상
2020032700100492,2020년 3월 27일 20시,금요일,충청북도 충주시 문화동,경상사고,0,0,2,0,차대차 - 후진중충돌,안전운전불이행,건조,맑음,교차로 - 교차로부근,승용,여,63세,상해없음,승용,남,22세,경상
2020032700100530,2020년 3월 27일 21시,금요일,충청북도 청주시 상당구 용암동,경상사고,0,0,1,0,차대사람 - 횡단중,안전운전불이행,건조,맑음,단일로 - 기타,승합,남,21세,상해없음,보행자,남,44세,경상
2020032700100588,2020년 3월 27일 23시,금요일,충청북도 음성군 원남면,중상사고,0,1,0,0,차대사람 - 횡단중,안전운전불이행,건조,맑음,단일로 - 기타,승용,여,37세,상해없음,보행자,남,21세,중상
2020032800100033,2020년 3월 28일 02시,토요일,충청북도 청주시 서원구 사창동,경상사고,0,0,1,0,차대차 - 측면충돌,중앙선침범,건조,맑음,교차로 - 교차로안,승용,남,26세,상해없음,승용,여,51세,상해없음
2020032800100045,2020년 3월 28일 03시,토요일,충청북도 충주시 연수동,경상사고,0,0,1,0,차대차 - 기타,안전운전불이행,건조,맑음,단일로 - 기타,승용,남,27세,상해없음,승용,남,54세,경상
2020032800100071,2020년 3월 28일 06시,토요일,충청북도 청주시 청원구 오창읍,경상사고,0,0,1,0,차량단독 - 기타,안전운전불이행,건조,맑음,교차로 - 교차로부근,승용,남,52세,상해없음,,,,
2020032800100122,2020년 3월 28일 09시,토요일,충청북도 청주시 상당구 남주동,경상사고,0,0,2,0,차대차 - 측면충돌,교차로운행방법위반,건조,맑음,교차로 - 교차로안,이륜,남,60세,경상,승용,남,49세,경상
2020032800100196,2020년 3월 28일 12시,토요일,충청북도 청주시 청원구 오창읍,경상사고,0,0,2,0,차대차 - 측면충돌,안전운전불이행,건조,맑음,교차로 - 교차로부근,승용,남,32세,상해없음,특수,남,41세,경상
2020032800100197,2020년 3월 28일 12시,토요일,충청북도 영동군 영동읍,중상사고,0,1,0,0,차대차 - 측면충돌,중앙선침범,건조,맑음,단일로 - 기타,승용,남,42세,상해없음,이륜,남,69세,중상
2020032800100198,2020년 3월 28일 12시,토요일,충청북도 음성군 삼성면,경상사고,0,0,3,0,차대차 - 측면충돌,차로위반,건조,맑음,단일로 - 기타,승용,남,51세,상해없음,승용,여,42세,경상
2020032800100199,2020년 3월 28일 12시,토요일,충청북도 청주시 상당구 문의면,경상사고,0,0,1,0,차대차 - 추돌,안전운전불이행,건조,맑음,단일로 - 교량,화물,남,51세,상해없음,화물,남,41세,경상
2020032800100232,2020년 3월 28일 13시,토요일,충청북도 제천시 신백동,중상사고,0,1,0,0,차대사람 - 차도통행중,안전운전불이행,건조,맑음,단일로 - 기타,화물,남,61세,상해없음,보행자,여,63세,중상
2020032800100233,2020년 3월 28일 13시,토요일,충청북도 청주시 서원구 분평동,경상사고,0,0,3,0,차대차 - 측면충돌,중앙선침범,건조,맑음,교차로 - 교차로부근,승용,남,45세,상해없음,승용,남,59세,경상
2020032800100234,2020년 3월 28일 13시,토요일,충청북도 청주시 상당구 금천동,경상사고,0,0,1,0,차대차 - 측면충돌,안전운전불이행,건조,맑음,교차로 - 교차로부근,승용,여,52세,상해없음,승용,여,56세,경상
2020032800100314,2020년 3월 28일 16시,토요일,충청북도 청주시 흥덕구 옥산면,중상사고,0,1,2,0,차량단독 - 기타,안전운전불이행,건조,맑음,단일로 - 기타,화물,남,37세,경상,,,,
2020032800100315,2020년 3월 28일 16시,토요일,충청북도 진천군 초평면,경상사고,0,0,7,0,차대차 - 추돌,안전거리미확보,건조,맑음,단일로 - 지하차도(도로)내,승용,남,34세,경상,승용,남,67세,상해없음
2020032800100344,2020년 3월 28일 17시,토요일,충청북도 청주시 상당구 문의면,사망사고,1,0,0,0,차량단독 - 전도전복 - 전복,안전운전불이행,건조,맑음,단일로 - 기타,농기계,남,42세,사망,,,,
2020032800100369,2020년 3월 28일 18시,토요일,충청북도 음성군 대소면,경상사고,0,0,2,0,차대차 - 측면충돌,신호위반,건조,맑음,교차로 - 교차로안,승용,남,66세,상해없음,승용,남,49세,경상
2020032800100370,2020년 3월 28일 18시,토요일,충청북도 진천군 이월면,중상사고,0,1,0,0,차대차 - 측면충돌,교차로운행방법위반,건조,맑음,교차로 - 교차로부근,승용,남,51세,상해없음,원동기,남,57세,중상
2020032800100371,2020년 3월 28일 18시,토요일,충청북도 청주시 흥덕구 복대동,경상사고,0,0,1,0,차대사람 - 횡단중,신호위반,건조,맑음,교차로 - 교차로횡단보도내,승용,여,47세,상해없음,보행자,여,27세,경상
2020032800100372,2020년 3월 28일 18시,토요일,충청북도 청주시 흥덕구 복대동,경상사고,0,0,1,0,차대차 - 기타,안전거리미확보,건조,맑음,단일로 - 기타,승용,남,42세,상해없음,승용,남,63세,상해없음
2020032800100405,2020년 3월 28일 19시,토요일,충청북도 청주시 청원구 내수읍,경상사고,0,0,1,0,차대차 - 기타,차로위반,건조,맑음,단일로 - 기타,승용,남,78세,상해없음,승용,남,49세,경상
2020032800100435,2020년 3월 28일 20시,토요일,충청북도 청주시 흥덕구 봉명동,경상사고,0,0,1,0,차대차 - 기타,안전운전불이행,건조,맑음,교차로 - 교차로안,승용,남,41세,상해없음,승용,여,36세,경상
2020032800100470,2020년 3월 28일 21시,토요일,충청북도 청주시 상당구 용담동,경상사고,0,0,1,0,차대차 - 측면충돌,안전운전불이행,건조,맑음,단일로 - 지하차도(도로)내,승용,남,25세,상해없음,승용,남,27세,경상
2020032800100492,2020년 3월 28일 22시,토요일,충청북도 충주시 충의동,경상사고,0,0,3,0,차대차 - 측면충돌,직진우회전진행방해,건조,맑음,교차로 - 교차로안,승용,남,44세,상해없음,승용,남,54세,경상
2020032800100509,2020년 3월 28일 23시,토요일,충청북도 충주시 교현동,경상사고,0,0,1,0,차대차 - 기타,안전운전불이행,건조,맑음,기타 - 기타,승용,남,52세,상해없음,승용,여,54세,경상
2020032900100008,2020년 3월 29일 00시,일요일,충청북도 청주시 서원구 사창동,중상사고,0,1,0,0,차대사람 - 기타,신호위반,건조,맑음,단일로 - 기타,승용,남,54세,상해없음,보행자,여,24세,중상
2020032900100009,2020년 3월 29일 00시,일요일,충청북도 청주시 서원구 수곡동,중상사고,0,1,0,0,차대사람 - 기타,안전운전불이행,건조,맑음,단일로 - 지하차도(도로)내,이륜,남,31세,상해없음,보행자,여,80세,중상
2020032900100070,2020년 3월 29일 06시,일요일,충청북도 충주시 용산동,부상신고사고,0,0,0,1,차량단독 - 공작물충돌,안전운전불이행,건조,맑음,단일로 - 교량,승용,남,32세,부상신고,,,,
2020032900100091,2020년 3월 29일 09시,일요일,충청북도 청주시 흥덕구 복대동,중상사고,0,1,1,0,차대차 - 기타,안전운전불이행,건조,맑음,기타 - 기타,승용,남,14세,상해없음,화물,남,59세,중상
2020032900100104,2020년 3월 29일 10시,일요일,충청북도 음성군 맹동면,경상사고,0,0,3,0,차대차 - 측면충돌,과속,건조,맑음,단일로 - 기타,승용,남,26세,경상,승용,남,60세,경상
2020032900100121,2020년 3월 29일 11시,일요일,충청북도 청주시 흥덕구 봉명동,경상사고,0,0,2,0,차대차 - 기타,안전운전불이행,건조,맑음,교차로 - 교차로부근,승용,남,52세,상해없음,승용,남,56세,경상