사고번호,사고일시,요일,시군구,사고내용,사망자수,중상자수,경상자수,부상신고자수,사고유형,법규위반,노면상태,기상상태,도로형태,가해운전자 차종,가해운전자 성별,가해운전자 연령,가해운전자 상해정도,피해운전자 차종,피해운전자 성별,피해운전자 연령,피해운전자 상해정도
2020032900100159,2020년 3월 29일 13시,일요일,충청북도 청주시 서원구 개신동,경상사고,0,0,1,0,차대차 - 기타,신호위반,건조,맑음,교차로 - 교차로안,승용,남,60세,상해없음,승용,여,70세,경상
2020032900100160,2020년 3월 29일 13시,일요일,충청북도 제천시 수산면,경상사고,0,0,4,0,차대차 - 정면충돌,중앙선침범,건조,맑음,단일로 - 지하차도(도로)내,이륜,남,36세,경상,승용,남,38세,경상
2020032900100185,2020년 3월 29일 14시,일요일,충청북도 충주시 단월동,중상사고,0,1,0,0,차대차 - 측면충돌,안전운전불이행,건조,맑음,단일로 - 기타,승용,여,46세,상해없음,승용,여,52세,중상
2020032900100243,2020년 3월 29일 16시,일요일,충청북도 청주시 청원구 내덕동,경상사고,0,0,2,0,차대사람 - 기타,안전운전불이행,건조,맑음,단일로 - 기타,승합,남,34세,상해없음,보행자,남,79세,기타불명
2020032900100268,2020년 3월 29일 17시,일요일,충청북도 청주시 청원구 우암동,중상사고,0,1,2,0,차대차 - 기타,안전운전불이행,건조,맑음,교차로 - 교차로부근,승용,남,70세,상해없음,승용,남,62세,경상
2020032900100269,2020년 3월 29일 17시,일요일,충청북도 청주시 서원구 미평동,경상사고,0,0,6,0,차대차 - 추돌,안전운전불이행,건조,맑음,교차로 - 교차로안,화물,남,59세,상해없음,승용,남,43세,경상
2020032900100292,2020년 3월 29일 18시,일요일,충청북도 청주시 청원구 오창읍,경상사고,0,0,1,0,차대차 - 기타,안전운전불이행,건조,맑음,교차로 - 교차로안,승용,남,40세,상해없음,원동기,남,18세,경상
2020032900100293,2020년 3월 29일 18시,일요일,충청북도 청주시 청원구 북이면,경상사고,0,0,2,0,차대차 - 기타,안전운전불이행,건조,맑음,단일로 - 기타,기타불명,기타불명,미분류,기타불명,승용,남,28세,경상
2020032900100294,2020년 3월 29일 18시,일요일,충청북도 청주시 상당구 금천동,경상사고,0,0,2,0,차대차 - 추돌,안전운전불이행,건조,맑음,교차로 - 교차로부근,승합,남,61세,상해없음,승용,남,64세,경상
2020032900100321,2020년 3월 29일 20시,일요일,충청북도 청주시 흥덕구 복대동,경상사고,0,0,1,0,차대차 - 추돌,안전운전불이행,건조,맑음,교차로 - 교차로안,승용,남,53세,상해없음,승용,남,59세,경상
2020032900100365,2020년 3월 29일 22시,일요일,충청북도 청주시 청원구 율량동,경상사고,0,0,1,0,차대차 - 추돌,안전운전불이행,건조,맑음,교차로 - 교차로안,승용,남,62세,상해없음,승용,여,25세,경상
2020032900100379,2020년 3월 29일 23시,일요일,충청북도 제천시 두학동,경상사고,0,0,1,0,차대차 - 측면충돌,중앙선침범,건조,맑음,단일로 - 지하차도(도로)내,화물,남,55세,상해없음,승합,남,64세,경상
2020033000100033,2020년 3월 30일 05시,월요일,충청북도 청주시 청원구 주중동,중상사고,0,1,1,0,차대차 - 기타,안전거리미확보,건조,맑음,단일로 - 기타,건설기계,남,55세,상해없음,이륜,남,16세,중상
2020033000100084,2020년 3월 30일 08시,월요일,충청북도 청주시 청원구 율량동,중상사고,0,1,0,0,차대차 - 추돌,안전거리미확보,건조,맑음,단일로 - 기타,기타불명,기타불명,미분류,기타불명,승용,남,27세,중상
2020033000100085,2020년 3월 30일 08시,월요일,충청북도 청주시 상당구 운동동,경상사고,0,0,1,0,차대차 - 측면충돌,안전운전불이행,건조,맑음,교차로 - 교차로안,승용,남,43세,경상,승용,남,28세,상해없음
2020033000100119,2020년 3월 30일 09시,월요일,충청북도 청주시 청원구 사천동,중상사고,0,1,1,0,차대차 - 기타,안전운전불이행,건조,맑음,단일로 - 기타,승합,남,54세,기타불명,이륜,남,75세,경상
2020033000100171,2020년 3월 30일 11시,월요일,충청북도 단양군 영춘면,중상사고,0,2,0,0,차대차 - 측면충돌,안전운전불이행,건조,맑음,교차로 - 교차로안,화물,남,72세,상해없음,이륜,남,56세,중상
2020033000100172,2020년 3월 30일 11시,월요일,충청북도 청주시 흥덕구 상신동,경상사고,0,0,2,0,차대차 - 기타,안전운전불이행,건조,맑음,단일로 - 기타,승용,여,46세,상해없음,건설기계,남,47세,상해없음
2020033000100173,2020년 3월 30일 11시,월요일,충청북도 청주시 상당구 용암동,경상사고,0,0,1,0,차대차 - 측면충돌,안전운전불이행,건조,맑음,단일로 - 기타,화물,남,68세,상해없음,이륜,남,16세,경상
2020033000100235,2020년 3월 30일 13시,월요일,충청북도 청주시 흥덕구 운천동,경상사고,0,0,1,0,차대차 - 측면충돌,안전거리미확보,건조,맑음,교차로 - 교차로부근,승용,남,73세,상해없음,승용,남,36세,경상
2020033000100269,2020년 3월 30일 14시,월요일,충청북도 충주시 주덕읍,중상사고,0,1,0,0,차대사람 - 차도통행중,안전운전불이행,건조,맑음,교차로 - 교차로안,건설기계,남,58세,상해없음,보행자,여,63세,중상
2020033000100270,2020년 3월 30일 14시,월요일,충청북도 제천시 화산동,경상사고,0,0,4,0,차대차 - 측면충돌,직진우회전진행방해,건조,맑음,교차로 - 교차로안,승용,남,33세,경상,승용,남,56세,경상
2020033000100335,2020년 3월 30일 16시,월요일,충청북도 청주시 상당구 남문로2가동,경상사고,0,0,1,0,차대차 - 측면충돌,안전운전불이행,건조,맑음,단일로 - 기타,기타불명,남,25세,상해없음,자전거,남,27세,경상
2020033000100336,2020년 3월 30일 16시,월요일,충청북도 청주시 상당구 문의면,경상사고,0,0,2,0,차대차 - 추돌,안전운전불이행,건조,맑음,단일로 - 지하차도(도로)내,화물,남,54세,상해없음,승용,여,57세,경상
2020033000100377,2020년 3월 30일 17시,월요일,충청북도 청주시 상당구 북문로1가동,경상사고,0,0,1,0,차대차 - 측면충돌,안전운전불이행,건조,맑음,단일로 - 기타,화물,남,53세,상해없음,승용,남,30세,경상
2020033000100408,2020년 3월 30일 18시,월요일,충청북도 진천군 덕산면,경상사고,0,0,1,0,차대차 - 측면충돌,안전운전불이행,건조,맑음,교차로 - 교차로안,원동기,남,33세,상해없음,승용,여,28세,경상
2020033000100485,2020년 3월 30일 20시,월요일,충청북도 청주시 상당구 용암동,중상사고,0,1,0,0,차대차 - 측면충돌,신호위반,건조,맑음,교차로 - 교차로안,승용,여,43세,상해없음,원동기,남,29세,중상
2020033000100504,2020년 3월 30일 21시,월요일,충청북도 진천군 광혜원면,경상사고,0,0,1,0,차대사람 - 기타,안전운전불이행,건조,흐림,기타 - 기타,승용,남,58세,상해없음,보행자,남,36세,경상
2020033100100003,2020년 3월 31일 00시,화요일,충청북도 청주시 흥덕구 상신동,경상사고,0,0,1,0,차대차 - 추돌,안전운전불이행,건조,맑음,교차로 - 교차로부근,승용,남,34세,상해없음,승용,남,28세,경상
2020033100100017,2020년 3월 31일 03시,화요일,충청북도 청주시 상당구 용암동,경상사고,0,0,4,0,차대차 - 측면충돌,안전운전불이행,건조,맑음,단일로 - 지하차도(도로)내,승용,여,51세,상해없음,승용,남,20세,경상
2020033100100060,2020년 3월 31일 07시,화요일,충청북도 충주시 목행동,경상사고,0,0,1,0,차대차 - 기타,안전거리미확보,건조,맑음,단일로 - 기타,화물,남,49세,상해없음,승용,여,50세,경상
2020033100100083,2020년 3월 31일 08시,화요일,충청북도 청주시 상당구 영운동,중상사고,0,1,0,0,차대차 - 측면충돌,안전운전불이행,건조,맑음,교차로 - 교차로부근,승용,여,47세,상해없음,자전거,남,78세,중상
2020033100100205,2020년 3월 31일 12시,화요일,충청북도 청주시 서원구 산남동,경상사고,0,0,1,0,차대차 - 기타,안전운전불이행,건조,맑음,교차로 - 교차로안,이륜,남,38세,경상,승용,여,59세,상해없음
2020033100100236,2020년 3월 31일 13시,화요일,충청북도 청주시 서원구 사직동,중상사고,0,1,0,0,차대사람 - 횡단중,보행자보호의무위반,건조,맑음,교차로 - 교차로부근,승용,여,62세,상해없음,보행자,남,79세,중상
2020033100100237,2020년 3월 31일 13시,화요일,충청북도 청주시 서원구 사직동,중상사고,0,1,0,0,차대사람 - 기타,안전운전불이행,건조,맑음,기타 - 기타,자전거,남,6세,상해없음,보행자,여,80세,중상
2020033100100269,2020년 3월 31일 14시,화요일,충청북도 옥천군 이원면,경상사고,0,0,2,0,차대차 - 측면충돌,안전운전불이행,건조,맑음,교차로 - 교차로안,특수,남,38세,상해없음,화물,남,63세,경상
2020033100100339,2020년 3월 31일 16시,화요일,충청북도 진천군 덕산면,경상사고,0,0,1,0,차대차 - 측면충돌,직진우회전진행방해,건조,맑음,교차로 - 교차로안,승용,남,34세,상해없음,화물,남,38세,경상
2020033100100340,2020년 3월 31일 16시,화요일,충청북도 청주시 흥덕구 복대동,경상사고,0,0,1,0,차대차 - 기타,안전운전불이행,건조,맑음,단일로 - 기타,승용,남,76세,상해없음,승용,여,34세,경상
2020033100100381,2020년 3월 31일 17시,화요일,충청북도 충주시 문화동,경상사고,0,0,2,0,차대차 - 기타,안전운전불이행,건조,맑음,단일로 - 기타,화물,남,55세,상해없음,승용,여,56세,경상
2020033100100382,2020년 3월 31일 17시,화요일,충청북도 청주시 상당구 영운동,경상사고,0,0,1,0,차대사람 - 기타,안전운전불이행,건조,맑음,교차로 - 교차로안,승용,남,59세,상해없음,보행자,남,75세,경상
2020033100100411,2020년 3월 31일 18시,화요일,충청북도 청주시 상당구 북문로3가동,중상사고,0,1,0,0,차대차 - 측면충돌,안전운전불이행,건조,맑음,단일로 - 기타,이륜,남,41세,중상,승용,여,65세,상해없음
2020033100100412,2020년 3월 31일 18시,화요일,충청북도 제천시 신동,경상사고,0,0,4,0,차대차 - 측면충돌,안전거리미확보,건조,맑음,교차로 - 교차로안,특수,남,58세,상해없음,승용,여,40세,경상
2020033100100413,2020년 3월 31일 18시,화요일,충청북도 청주시 상당구 용암동,경상사고,0,0,1,0,차대차 - 측면충돌,안전운전불이행,건조,맑음,단일로 - 기타,자전거,남,8세,경상,승용,여,39세,상해없음
2020033100100471,2020년 3월 31일 20시,화요일,충청북도 청주시 청원구 사천동,경상사고,0,0,1,0,차대차 - 기타,안전거리미확보,건조,맑음,교차로 - 교차로부근,승용,여,48세,상해없음,승용,여,28세,경상
2020033100100531,2020년 3월 31일 23시,화요일,충청북도 청주시 서원구 현도면,경상사고,0,0,2,0,차대차 - 측면충돌,안전운전불이행,건조,맑음,교차로 - 교차로부근,특수,남,42세,상해없음,승용,여,22세,경상
2020040100100042,2020년 4월 1일 05시,수요일,충청북도 제천시 신동,경상사고,0,0,1,0,차대차 - 측면충돌,불법유턴,건조,맑음,단일로 - 기타,승용,남,56세,상해없음,승용,남,27세,경상
2020040100100055,2020년 4월 1일 06시,수요일,충청북도 청주시 흥덕구 비하동,경상사고,0,0,1,0,차대차 - 측면충돌,안전운전불이행,건조,맑음,교차로 - 교차로부근,승용,남,55세,상해없음,승용,남,67세,경상
2020040100100059,2020년 4월 1일 06시,수요일,충청북도 영동군 황간면,중상사고,0,1,0,0,차대차 - 측면충돌,과속,건조,맑음,단일로 - 기타,승용,여,53세,상해없음,특수,남,60세,상해없음
2020040100100091,2020년 4월 1일 08시,수요일,충청북도 충주시 목행동,경상사고,0,0,1,0,차대차 - 측면충돌,신호위반,건조,맑음,교차로 - 교차로안,승용,남,53세,상해없음,승용,남,33세,경상
2020040100100092,2020년 4월 1일 08시,수요일,충청북도 청주시 흥덕구 서촌동,부상신고사고,0,0,0,1,차대차 - 기타,안전운전불이행,건조,맑음,단일로 - 기타,건설기계,남,45세,상해없음,승용,여,36세,부상신고
2020040100100131,2020년 4월 1일 10시,수요일,충청북도 제천시 청전동,경상사고,0,0,1,0,차대차 - 측면충돌,안전운전불이행,건조,맑음,단일로 - 기타,승용,남,86세,상해없음,승용,여,24세,경상
2020040100100197,2020년 4월 1일 12시,수요일,충청북도 영동군 영동읍,경상사고,0,0,1,0,차대차 - 후진중충돌,안전운전불이행,건조,맑음,교차로 - 교차로안,승용,남,50세,상해없음,승용,여,58세,경상
2020040100100222,2020년 4월 1일 13시,수요일,충청북도 청주시 청원구 오창읍,중상사고,0,1,3,0,차대차 - 기타,안전운전불이행,건조,맑음,단일로 - 기타,화물,남,36세,중상,승용,남,50세,경상
2020040100100223,2020년 4월 1일 13시,수요일,충청북도 청주시 상당구 탑동,중상사고,0,1,0,0,차대사람 - 길가장자리구역통행중,안전운전불이행,건조,맑음,단일로 - 기타,승용,남,58세,상해없음,보행자,남,25세,중상
2020040100100250,2020년 4월 1일 14시,수요일,충청북도 충주시 성서동,경상사고,0,0,2,0,차대차 - 측면충돌,안전운전불이행,건조,맑음,교차로 - 교차로안,승용,남,69세,상해없음,승용,남,26세,경상
2020040100100251,2020년 4월 1일 14시,수요일,충청북도 단양군 매포읍,경상사고,0,0,1,0,차대차 - 측면충돌,차로위반,건조,맑음,단일로 - 기타,농기계,남,63세,경상,화물,남,49세,상해없음
2020040100100316,2020년 4월 1일 16시,수요일,충청북도 음성군 원남면,사망사고,1,0,0,0,차량단독 - 기타,안전운전불이행,건조,맑음,교차로 - 교차로부근,농기계,남,83세,사망,,,,
2020040100100346,2020년 4월 1일 17시,수요일,충청북도 청주시 흥덕구 운천동,경상사고,0,0,1,0,차대차 - 기타,안전운전불이행,건조,맑음,단일로 - 기타,자전거,남,21세,상해없음,자전거,남,17세,경상
2020040100100462,2020년 4월 1일 20시,수요일,충청북도 청주시 서원구 장암동,부상신고사고,0,0,0,1,차량단독 - 전도전복 - 전도,안전운전불이행,건조,맑음,단일로 - 지하차도(도로)내,이륜,남,75세,부상신고,,,,
2020040100100514,2020년 4월 1일 22시,수요일,충청북도 충주시 호암동,중상사고,0,3,1,0,차대차 - 측면충돌,신호위반,건조,맑음,교차로 - 교차로안,승용,남,46세,경상,승용,남,19세,중상
2020040100100515,2020년 4월 1일 22시,수요일,충청북도 충주시 중앙탑면,경상사고,0,0,1,0,차대차 - 추돌,안전운전불이행,건조,맑음,교차로 - 교차로안,화물,남,18세,상해없음,승용,남,39세,경상
2020040100100516,2020년 4월 1일 22시,수요일,충청북도 청주시 흥덕구 복대동,경상사고,0,0,1,0,차대차 - 측면충돌,불법유턴,건조,맑음,교차로 - 교차로안,승용,남,52세,상해없음,이륜,남,32세,경상
2020040100100517,2020년 4월 1일 22시,수요일,충청북도 청주시 서원구 미평동,중상사고,0,2,0,0,차대차 - 측면충돌,신호위반,건조,맑음,교차로 - 교차로안,승용,남,34세,상해없음,승용,남,55세,중상
2020040100100536,2020년 4월 1일 23시,수요일,충청북도 청주시 서원구 사직동,사망사고,1,0,0,0,차대사람 - 횡단중,안전운전불이행,건조,맑음,교차로 - 교차로안,승용,남,63세,상해없음,보행자,남,64세,사망
2020040200100009,2020년 4월 2일 00시,목요일,충청북도 진천군 진천읍,경상사고,0,0,1,0,차대차 - 기타,안전운전불이행,건조,맑음,단일로 - 기타,승용,여,28세,경상,승용,남,26세,상해없음
2020040200100029,2020년 4월 2일 02시,목요일,충청북도 청주시 서원구 사창동,경상사고,0,0,1,0,차대차 - 기타,신호위반,건조,맑음,교차로 - 교차로안,기타불명,기타불명,미분류,기타불명,기타불명,남,22세,경상
2020040200100035,2020년 4월 2일 03시,목요일,충청북도 청주시 상당구 용정동,중상사고,0,1,0,0,차대사람 - 기타,안전운전불이행,건조,맑음,단일로 - 기타,특수,남,36세,상해없음,보행자,여,66세,중상
2020040200100053,2020년 4월 2일 06시,목요일,충청북도 충주시 용산동,경상사고,0,0,2,0,차대차 - 측면충돌,안전운전불이행,건조,맑음,교차로 - 교차로안,승용,남,27세,상해없음,승용,남,35세,경상
2020040200100074,2020년 4월 2일 07시,목요일,충청북도 청주시 청원구 율량동,중상사고,0,1,1,0,차대차 - 기타,직진우회전진행방해,건조,맑음,교차로 - 교차로안,이륜,남,74세,중상,승용,여,47세,경상
2020040200100075,2020년 4월 2일 07시,목요일,충청북도 청주시 청원구 주중동,경상사고,0,0,1,0,차대차 - 기타,교차로운행방법위반,건조,맑음,교차로 - 교차로안,화물,남,57세,상해없음,승용,남,38세,경상
2020040200100076,2020년 4월 2일 07시,목요일,충청북도 단양군 매포읍,경상사고,0,0,1,0,차량단독 - 공작물충돌,안전운전불이행,기타,맑음,교차로 - 교차로안,이륜,남,17세,경상,,,,
2020040200100077,2020년 4월 2일 07시,목요일,충청북도 청주시 흥덕구 오송읍,경상사고,0,0,1,0,차대차 - 측면충돌,안전거리미확보,건조,맑음,교차로 - 교차로부근,화물,남,49세,상해없음,승용,여,32세,경상
2020040200100101,2020년 4월 2일 08시,목요일,충청북도 충주시 신니면,중상사고,0,1,0,0,차대차 - 측면충돌,안전운전불이행,건조,맑음,단일로 - 기타,화물,남,56세,상해없음,승용,여,31세,중상
2020040200100102,2020년 4월 2일 08시,목요일,충청북도 진천군 문백면,경상사고,0,0,2,0,차대차 - 측면충돌,안전운전불이행,건조,맑음,교차로 - 교차로안,승용,남,31세,경상,화물,남,43세,경상
2020040200100103,2020년 4월 2일 08시,목요일,충청북도 청주시 서원구 남이면,경상사고,0,0,1,0,차대차 - 기타,중앙선침범,건조,맑음,단일로 - 기타,승용,남,42세,상해없음,승용,남,35세,경상
2020040200100189,2020년 4월 2일 11시,목요일,충청북도 청주시 서원구 사직동,경상사고,0,0,1,0,차대차 - 기타,안전운전불이행,건조,맑음,교차로 - 교차로부근,승용,여,47세,상해없음,승용,여,52세,경상
2020040200100190,2020년 4월 2일 11시,목요일,충청북도 청주시 청원구 오창읍,중상사고,0,1,0,0,차대차 - 기타,안전운전불이행,건조,맑음,단일로 - 기타,화물,남,55세,상해없음,자전거,남,81세,중상
2020040200100191,2020년 4월 2일 11시,목요일,충청북도 진천군 진천읍,경상사고,0,0,1,0,차대사람 - 횡단중,안전운전불이행,건조,맑음,교차로 - 교차로안,원동기,남,69세,상해없음,보행자,남,37세,경상
2020040200100192,2020년 4월 2일 11시,목요일,충청북도 청주시 상당구 영운동,경상사고,0,0,1,0,차대차 - 기타,안전운전불이행,건조,맑음,단일로 - 기타,승용,남,62세,상해없음,승용,여,64세,경상
2020040200100221,2020년 4월 2일 12시,목요일,충청북도 청주시 청원구 율량동,경상사고,0,0,1,0,차대차 - 기타,안전운전불이행,건조,맑음,교차로 - 교차로안,승용,남,62세,상해없음,승용,남,62세,경상
2020040200100222,2020년 4월 2일 12시,목요일,충청북도 충주시 금릉동,경상사고,0,0,4,0,차대차 - 측면충돌,신호위반,건조,맑음,교차로 - 교차로안,승합,남,61세,상해없음,승용,남,31세,경상
2020040200100223,2020년 4월 2일 12시,목요일,충청북도 청주시 흥덕구 복대동,중상사고,0,2,2,0,차대차 - 기타,안전거리미확보,건조,맑음,교차로 - 교차로부근,승용,여,57세,경상,승용,남,48세,경상
2020040200100292,2020년 4월 2일 14시,목요일,충청북도 청주시 청원구 사천동,경상사고,0,0,2,0,차대차 - 기타,안전운전불이행,건조,맑음,교차로 - 교차로안,이륜,남,70세,경상,승용,여,71세,경상
2020040200100293,2020년 4월 2일 14시,목요일,충청북도 제천시 청풍면,경상사고,0,0,1,0,차대차 - 측면충돌,안전거리미확보,건조,맑음,단일로 - 기타,승용,여,53세,상해없음,승용,남,23세,경상
2020040200100294,2020년 4월 2일 14시,목요일,충청북도 청주시 서원구 현도면,경상사고,0,0,4,0,차대차 - 추돌,안전운전불이행,건조,맑음,교차로 - 교차로부근,승용,남,25세,상해없음,승용,남,34세,경상
2020040200100295,2020년 4월 2일 14시,목요일,충청북도 청주시 상당구 용암동,경상사고,0,0,1,0,차대차 - 측면충돌,안전운전불이행,건조,맑음,교차로 - 교차로부근,승용,남,73세,상해없음,승용,여,47세,경상
2020040200100296,2020년 4월 2일 14시,목요일,충청북도 청주시 상당구 북문로1가동,중상사고,0,1,0,0,차대차 - 기타,안전운전불이행,건조,맑음,단일로 - 기타,이륜,남,67세,중상,승용,남,57세,상해없음
2020040200100354,2020년 4월 2일 16시,목요일,충청북도 청주시 서원구 사직동,중상사고,0,1,0,0,차대차 - 기타,교차로운행방법위반,건조,맑음,교차로 - 교차로안,승용,남,28세,상해없음,원동기,남,45세,중상
2020040200100393,2020년 4월 2일 17시,목요일,충청북도 청주시 청원구 오창읍,경상사고,0,0,1,0,차대차 - 기타,안전운전불이행,건조,맑음,교차로 - 교차로부근,승용,여,31세,상해없음,승용,남,29세,경상
2020040200100437,2020년 4월 2일 18시,목요일,충청북도 청주시 서원구 사창동,경상사고,0,0,1,0,차대차 - 기타,차로위반,건조,맑음,교차로 - 교차로부근,승용,남,18세,상해없음,승용,여,49세,경상
2020040200100438,2020년 4월 2일 18시,목요일,충청북도 청주시 청원구 오창읍,경상사고,0,0,2,0,차대차 - 기타,안전운전불이행,건조,맑음,교차로 - 교차로부근,특수,남,57세,경상,승용,남,28세,경상
2020040200100439,2020년 4월 2일 18시,목요일,충청북도 보은군 보은읍,중상사고,0,1,0,0,차대차 - 측면충돌,교차로운행방법위반,건조,맑음,교차로 - 교차로안,이륜,남,16세,중상,승용,여,46세,상해없음
2020040200100440,2020년 4월 2일 18시,목요일,충청북도 청주시 상당구 용암동,경상사고,0,0,1,0,차대차 - 추돌,안전운전불이행,건조,맑음,교차로 - 교차로부근,승용,남,55세,상해없음,승용,남,37세,경상
2020040200100485,2020년 4월 2일 19시,목요일,충청북도 충주시 중앙탑면,사망사고,1,1,0,0,차대차 - 추돌,과속,건조,흐림,단일로 - 기타,승용,남,23세,상해없음,농기계,남,57세,사망
2020040200100511,2020년 4월 2일 20시,목요일,충청북도 청주시 흥덕구 비하동,중상사고,0,2,0,0,차대차 - 기타,중앙선침범,건조,맑음,단일로 - 기타,원동기,남,38세,중상,승용,남,52세,상해없음
2020040200100512,2020년 4월 2일 20시,목요일,충청북도 청주시 상당구 남일면,중상사고,0,1,0,0,차대사람 - 차도통행중,안전운전불이행,건조,맑음,교차로 - 교차로안,화물,남,43세,상해없음,보행자,남,59세,중상
2020040200100555,2020년 4월 2일 22시,목요일,충청북도 진천군 이월면,경상사고,0,0,2,0,차대차 - 추돌,안전운전불이행,건조,맑음,교차로 - 교차로부근,승용,남,45세,상해없음,승용,남,26세,경상
2020040200100581,2020년 4월 2일 23시,목요일,충청북도 충주시 칠금동,경상사고,0,0,1,0,차대차 - 측면충돌,안전운전불이행,건조,맑음,단일로 - 기타,승용,여,49세,상해없음,승용,여,30세,경상
2020040300100020,2020년 4월 3일 03시,금요일,충청북도 청주시 상당구 용정동,부상신고사고,0,0,0,1,차량단독 - 공작물충돌,안전운전불이행,건조,맑음,단일로 - 지하차도(도로)내,승용,남,36세,부상신고,,,,
2020040300100028,2020년 4월 3일 04시,금요일,충청북도 진천군 진천읍,경상사고,0,0,1,0,차대차 - 기타,불법유턴,건조,맑음,단일로 - 기타,화물,남,69세,상해없음,승용,남,70세,경상
2020040300100053,2020년 4월 3일 07시,금요일,충청북도 청주시 흥덕구 봉명동,경상사고,0,0,1,0,차대차 - 기타,안전운전불이행,건조,맑음,교차로 - 교차로부근,승용,여,51세,상해없음,화물,남,24세,경상
2020040300100084,2020년 4월 3일 08시,금요일,충청북도 음성군 금왕읍,부상신고사고,0,0,0,1,차대차 - 추돌,안전운전불이행,건조,맑음,단일로 - 교량,이륜,남,88세,부상신고,승용,여,39세,상해없음
2020040300100113,2020년 4월 3일 09시,금요일,충청북도 청주시 흥덕구 가경동,경상사고,0,0,2,0,차대차 - 측면충돌,신호위반,건조,맑음,교차로 - 교차로안,승합,남,60세,상해없음,승용,여,45세,경상
2020040300100141,2020년 4월 3일 10시,금요일,충청북도 제천시 신동,부상신고사고,0,0,0,1,차대차 - 추돌,안전운전불이행,건조,맑음,교차로 - 교차로안,화물,남,58세,상해없음,승용,여,54세,부상신고
2020040300100165,2020년 4월 3일 11시,금요일,충청북도 청주시 흥덕구 운천동,경상사고,0,0,1,0,차대차 - 측면충돌,안전운전불이행,건조,맑음,교차로 - 교차로안,화물,남,52세,경상,승용,남,46세,상해없음
2020040300100166,2020년 4월 3일 11시,금요일,충청북도 청주시 흥덕구 봉명동,경상사고,0,0,1,0,차대사람 - 기타,안전운전불이행,건조,맑음,주차장 - 주차장,화물,남,58세,상해없음,보행자,여,48세,경상
2020040300100283,2020년 4월 3일 15시,금요일,충청북도 청주시 청원구 율량동,경상사고,0,0,5,0,차대차 - 추돌,안전거리미확보,건조,맑음,교차로 - 교차로부근,승용,여,67세,기타불명,승용,여,38세,경상
2020040300100284,2020년 4월 3일 15시,금요일,충청북도 충주시 목벌동,경상사고,0,0,3,0,차대차 - 측면충돌,안전운전불이행,건조,맑음,교차로 - 교차로안,승용,여,65세,상해없음,승용,남,71세,경상
2020040300100285,2020년 4월 3일 15시,금요일,충청북도 충주시 중앙탑면,경상사고,0,0,2,0,차대차 - 추돌,안전운전불이행,건조,맑음,교차로 - 교차로부근,승용,여,18세,상해없음,승용,남,39세,경상
2020040300100286,2020년 4월 3일 15시,금요일,충청북도 단양군 단양읍,중상사고,0,1,1,0,차대차 - 측면충돌,안전거리미확보,건조,맑음,단일로 - 기타,화물,남,71세,상해없음,화물,남,67세,경상
2020040300100287,2020년 4월 3일 15시,금요일,충청북도 진천군 광혜원면,중상사고,0,1,1,0,차대차 - 측면충돌,교차로운행방법위반,건조,맑음,교차로 - 교차로안,화물,남,76세,상해없음,화물,남,62세,중상
2020040300100324,2020년 4월 3일 16시,금요일,충청북도 제천시 송학면,경상사고,0,0,1,0,차대차 - 추돌,안전거리미확보,건조,맑음,교차로 - 교차로부근,이륜,남,64세,경상,승용,여,62세,상해없음
2020040300100366,2020년 4월 3일 17시,금요일,충청북도 증평군 증평읍,경상사고,0,0,1,0,차대사람 - 횡단중,안전운전불이행,건조,맑음,단일로 - 기타,화물,남,44세,상해없음,보행자,여,4세,경상
2020040300100367,2020년 4월 3일 17시,금요일,충청북도 음성군 원남면,경상사고,0,0,1,0,차량단독 - 공작물충돌,안전운전불이행,건조,맑음,단일로 - 지하차도(도로)내,승용,남,49세,경상,,,,
2020040300100416,2020년 4월 3일 18시,금요일,충청북도 청주시 청원구 사천동,경상사고,0,0,1,0,차대차 - 기타,안전운전불이행,건조,맑음,단일로 - 기타,승용,여,24세,기타불명,승용,남,50세,경상
2020040300100417,2020년 4월 3일 18시,금요일,충청북도 충주시 호암동,경상사고,0,0,1,0,차대차 - 기타,안전운전불이행,건조,맑음,교차로 - 교차로부근,화물,남,60세,상해없음,승용,남,67세,경상
2020040300100418,2020년 4월 3일 18시,금요일,충청북도 옥천군 동이면,경상사고,0,0,4,0,차대차 - 측면충돌,불법유턴,건조,맑음,교차로 - 교차로안,승용,남,61세,경상,화물,남,60세,경상
2020040300100419,2020년 4월 3일 18시,금요일,충청북도 청주시 흥덕구 봉명동,경상사고,0,0,1,0,차대차 - 기타,교차로운행방법위반,건조,맑음,교차로 - 교차로안,승용,남,38세,상해없음,승용,남,58세,기타불명
2020040300100465,2020년 4월 3일 19시,금요일,충청북도 청주시 서원구 사창동,경상사고,0,0,1,0,차대사람 - 차도통행중,안전운전불이행,건조,맑음,단일로 - 기타,승합,남,61세,상해없음,보행자,여,20세,경상
2020040300100502,2020년 4월 3일 20시,금요일,충청북도 청주시 흥덕구 복대동,경상사고,0,0,1,0,차대차 - 기타,안전운전불이행,건조,맑음,단일로 - 기타,승합,남,51세,상해없음,이륜,여,38세,경상
2020040300100532,2020년 4월 3일 21시,금요일,충청북도 충주시 호암동,경상사고,0,0,2,0,차대차 - 측면충돌,안전운전불이행,건조,맑음,교차로 - 교차로부근,화물,남,56세,상해없음,승용,남,41세,경상
2020040300100565,2020년 4월 3일 22시,금요일,충청북도 청주시 흥덕구 복대동,경상사고,0,0,2,0,차대차 - 추돌,안전운전불이행,건조,맑음,단일로 - 기타,승합,남,41세,상해없음,승용,남,58세,경상