사고번호,사고일시,요일,시군구,사고내용,사망자수,중상자수,경상자수,부상신고자수,사고유형,법규위반,노면상태,기상상태,도로형태,가해운전자 차종,가해운전자 성별,가해운전자 연령,가해운전자 상해정도,피해운전자 차종,피해운전자 성별,피해운전자 연령,피해운전자 상해정도
2020040400100008,2020년 4월 4일 00시,토요일,충청북도 청주시 흥덕구 복대동,경상사고,0,0,2,1,차대차 - 기타,안전운전불이행,건조,맑음,기타 - 기타,승용,여,23세,부상신고,승용,남,66세,경상
2020040400100009,2020년 4월 4일 00시,토요일,충청북도 청주시 흥덕구 송절동,부상신고사고,0,0,0,1,차량단독 - 전도전복 - 전도,안전운전불이행,건조,맑음,단일로 - 기타,이륜,남,26세,부상신고,,,,
2020040400100036,2020년 4월 4일 02시,토요일,충청북도 진천군 문백면,경상사고,0,0,1,0,차대차 - 측면충돌,안전거리미확보,건조,맑음,단일로 - 기타,승용,남,61세,상해없음,승용,남,31세,경상
2020040400100074,2020년 4월 4일 06시,토요일,충청북도 청주시 흥덕구 복대동,중상사고,0,1,0,0,차대차 - 기타,안전운전불이행,건조,맑음,단일로 - 기타,자전거,여,52세,중상,기타불명,기타불명,미분류,기타불명
2020040400100112,2020년 4월 4일 09시,토요일,충청북도 청주시 청원구 우암동,경상사고,0,0,1,0,차대사람 - 길가장자리구역통행중,교차로운행방법위반,건조,맑음,교차로 - 교차로안,건설기계,남,59세,상해없음,보행자,남,81세,경상
2020040400100113,2020년 4월 4일 09시,토요일,충청북도 청주시 서원구 남이면,경상사고,0,0,1,0,차대차 - 측면충돌,과속,건조,맑음,단일로 - 기타,화물,남,71세,상해없음,승용,여,43세,경상
2020040400100141,2020년 4월 4일 10시,토요일,충청북도 청주시 상당구 미원면,중상사고,0,1,2,0,차대차 - 측면충돌,교차로운행방법위반,건조,맑음,교차로 - 교차로안,승용,남,74세,상해없음,특수,남,46세,경상
2020040400100142,2020년 4월 4일 10시,토요일,충청북도 청주시 상당구 석교동,중상사고,0,1,0,0,차대차 - 측면충돌,안전운전불이행,건조,맑음,교차로 - 교차로안,승용,여,63세,상해없음,화물,남,51세,중상
2020040400100178,2020년 4월 4일 11시,토요일,충청북도 단양군 매포읍,경상사고,0,0,2,0,차량단독 - 기타,안전운전불이행,건조,맑음,주차장 - 주차장,승용,여,60세,경상,,,,
2020040400100251,2020년 4월 4일 13시,토요일,충청북도 청주시 흥덕구 가경동,경상사고,0,0,3,1,차대차 - 추돌,안전운전불이행,건조,맑음,단일로 - 기타,화물,남,63세,상해없음,승용,여,38세,경상
2020040400100285,2020년 4월 4일 14시,토요일,충청북도 보은군 보은읍,사망사고,1,0,0,0,차량단독 - 공작물충돌,안전운전불이행,건조,맑음,교차로 - 교차로안,화물,남,59세,사망,,,,
2020040400100321,2020년 4월 4일 15시,토요일,충청북도 영동군 영동읍,중상사고,0,1,0,0,차대차 - 측면충돌,안전운전불이행,건조,맑음,교차로 - 교차로안,승용,남,71세,상해없음,이륜,남,64세,중상
2020040400100322,2020년 4월 4일 15시,토요일,충청북도 청주시 서원구 개신동,경상사고,0,0,2,0,차대차 - 후진중충돌,불법유턴,건조,맑음,교차로 - 교차로부근,승용,남,72세,상해없음,승용,여,35세,경상
2020040400100372,2020년 4월 4일 16시,토요일,충청북도 청주시 흥덕구 가경동,경상사고,0,0,3,0,차대차 - 측면충돌,안전운전불이행,건조,맑음,단일로 - 기타,이륜,남,21세,상해없음,승용,여,64세,경상
2020040400100373,2020년 4월 4일 16시,토요일,충청북도 충주시 산척면,중상사고,0,2,0,0,차대차 - 측면충돌,안전운전불이행,건조,맑음,주차장 - 주차장,승합,남,55세,상해없음,승용,남,54세,중상
2020040400100452,2020년 4월 4일 18시,토요일,충청북도 옥천군 옥천읍,중상사고,0,1,0,0,차량단독 - 공작물충돌,안전운전불이행,건조,맑음,교차로 - 교차로부근,화물,남,65세,상해없음,,,,
2020040400100453,2020년 4월 4일 18시,토요일,충청북도 청주시 상당구 남일면,중상사고,0,1,0,0,차량단독 - 공작물충돌,안전운전불이행,건조,맑음,단일로 - 지하차도(도로)내,승용,남,54세,중상,,,,
2020040400100486,2020년 4월 4일 19시,토요일,충청북도 충주시 문화동,경상사고,0,0,3,0,차대차 - 측면충돌,안전거리미확보,건조,맑음,단일로 - 기타,승용,남,23세,상해없음,승용,남,44세,경상
2020040400100487,2020년 4월 4일 19시,토요일,충청북도 청주시 흥덕구 옥산면,경상사고,0,0,1,0,차대차 - 기타,안전운전불이행,건조,맑음,교차로 - 교차로안,승용,남,36세,상해없음,이륜,남,36세,경상
2020040400100522,2020년 4월 4일 20시,토요일,충청북도 청주시 흥덕구 봉명동,중상사고,0,1,0,0,차대사람 - 횡단중,안전운전불이행,건조,맑음,단일로 - 기타,이륜,남,20세,상해없음,보행자,남,68세,중상
2020040400100565,2020년 4월 4일 22시,토요일,충청북도 청주시 청원구 내덕동,경상사고,0,0,1,0,차대차 - 기타,신호위반,건조,맑음,교차로 - 교차로안,승용,여,58세,상해없음,이륜,남,18세,경상
2020040400100566,2020년 4월 4일 22시,토요일,충청북도 청주시 청원구 내덕동,중상사고,0,1,0,0,차대차 - 기타,안전거리미확보,건조,맑음,교차로 - 교차로부근,승용,남,44세,상해없음,이륜,남,47세,중상
2020040400100567,2020년 4월 4일 22시,토요일,충청북도 청주시 청원구 율량동,경상사고,0,0,1,0,차대차 - 기타,불법유턴,건조,맑음,주차장 - 주차장,승용,남,39세,상해없음,승용,남,54세,경상
2020040400100593,2020년 4월 4일 23시,토요일,충청북도 청주시 상당구 석교동,경상사고,0,0,1,0,차대차 - 추돌,안전운전불이행,건조,맑음,교차로 - 교차로부근,승용,남,66세,상해없음,승용,남,55세,경상
2020040500100028,2020년 4월 5일 01시,일요일,충청북도 청주시 서원구 사창동,경상사고,0,0,1,0,차대사람 - 기타,신호위반,건조,맑음,단일로 - 기타,승용,남,25세,상해없음,보행자,남,25세,경상
2020040500100029,2020년 4월 5일 01시,일요일,충청북도 충주시 성남동,경상사고,0,0,2,0,차대차 - 추돌,안전운전불이행,건조,맑음,단일로 - 기타,승용,남,40세,상해없음,승용,남,37세,경상
2020040500100039,2020년 4월 5일 02시,일요일,충청북도 청주시 흥덕구 복대동,중상사고,0,1,0,0,차대사람 - 횡단중,안전운전불이행,건조,맑음,단일로 - 기타,이륜,남,18세,상해없음,보행자,여,21세,중상
2020040500100049,2020년 4월 5일 03시,일요일,충청북도 청주시 청원구 율량동,경상사고,0,0,1,0,차대차 - 측면충돌,신호위반,건조,맑음,교차로 - 교차로안,승용,남,70세,상해없음,승용,남,40세,상해없음
2020040500100130,2020년 4월 5일 11시,일요일,충청북도 제천시 백운면,사망사고,1,1,0,0,차대차 - 기타,안전운전불이행,건조,맑음,단일로 - 기타,이륜,남,25세,사망,이륜,여,38세,중상
2020040500100131,2020년 4월 5일 11시,일요일,충청북도 청주시 서원구 현도면,경상사고,0,0,1,0,차대차 - 기타,직진우회전진행방해,건조,맑음,교차로 - 교차로부근,승용,남,41세,상해없음,자전거,남,36세,경상
2020040500100132,2020년 4월 5일 11시,일요일,충청북도 청주시 상당구 용암동,중상사고,0,1,0,0,차대사람 - 횡단중,안전운전불이행,건조,맑음,단일로 - 기타,승합,여,42세,상해없음,보행자,남,58세,중상
2020040500100186,2020년 4월 5일 13시,일요일,충청북도 제천시 수산면,경상사고,0,0,1,0,차대차 - 측면충돌,안전운전불이행,건조,맑음,단일로 - 지하차도(도로)내,승용,남,60세,상해없음,승용,남,29세,경상
2020040500100223,2020년 4월 5일 14시,일요일,충청북도 제천시 봉양읍,중상사고,0,1,2,0,차대차 - 정면충돌,중앙선침범,건조,맑음,기타 - 기타,이륜,남,49세,중상,승용,여,51세,경상
2020040500100224,2020년 4월 5일 14시,일요일,충청북도 단양군 적성면,중상사고,0,3,1,0,차대차 - 정면충돌,중앙선침범,건조,맑음,단일로 - 기타,화물,남,51세,상해없음,승용,남,48세,경상
2020040500100225,2020년 4월 5일 14시,일요일,충청북도 청주시 서원구 성화동,경상사고,0,0,1,0,차대차 - 기타,안전거리미확보,건조,맑음,교차로 - 교차로부근,승용,남,29세,상해없음,승용,남,62세,상해없음
2020040500100256,2020년 4월 5일 15시,일요일,충청북도 음성군 감곡면,경상사고,0,0,2,0,차대차 - 측면충돌,교차로운행방법위반,건조,맑음,교차로 - 교차로안,승용,남,68세,상해없음,승용,남,36세,경상
2020040500100281,2020년 4월 5일 16시,일요일,충청북도 충주시 목행동,경상사고,0,0,3,0,차대차 - 추돌,안전운전불이행,젖음/습기,맑음,기타 - 기타,승용,남,77세,상해없음,승용,남,52세,경상
2020040500100300,2020년 4월 5일 17시,일요일,충청북도 청주시 청원구 내덕동,경상사고,0,0,2,0,차대차 - 추돌,안전운전불이행,건조,맑음,단일로 - 기타,화물,남,60세,상해없음,승용,여,28세,경상
2020040500100321,2020년 4월 5일 18시,일요일,충청북도 청주시 청원구 북이면,중상사고,0,1,2,0,차대차 - 추돌,안전운전불이행,건조,맑음,단일로 - 기타,승합,남,47세,상해없음,승용,여,55세,경상
2020040500100322,2020년 4월 5일 18시,일요일,충청북도 청주시 서원구 분평동,중상사고,0,1,0,0,차대차 - 기타,안전운전불이행,건조,맑음,단일로 - 기타,자전거,남,39세,중상,자전거,남,37세,상해없음
2020040500100348,2020년 4월 5일 19시,일요일,충청북도 증평군 증평읍,경상사고,0,0,4,0,차대차 - 측면충돌,안전운전불이행,건조,맑음,단일로 - 기타,승용,남,53세,상해없음,승용,여,49세,경상
2020040500100388,2020년 4월 5일 21시,일요일,충청북도 충주시 대소원면,경상사고,0,0,1,0,차량단독 - 전도전복 - 전도,안전운전불이행,건조,맑음,단일로 - 기타,이륜,남,26세,경상,,,,
2020040500100389,2020년 4월 5일 21시,일요일,충청북도 청주시 흥덕구 가경동,중상사고,0,1,0,0,차대차 - 기타,신호위반,건조,맑음,교차로 - 교차로안,승용,남,23세,상해없음,이륜,남,44세,중상
2020040500100390,2020년 4월 5일 21시,일요일,충청북도 청주시 상당구 남일면,중상사고,0,2,0,0,차대차 - 기타,중앙선침범,건조,맑음,단일로 - 기타,화물,남,64세,상해없음,승용,남,63세,중상
2020040600100022,2020년 4월 6일 04시,월요일,충청북도 충주시 안림동,중상사고,0,1,0,0,차대차 - 추돌,안전운전불이행,건조,흐림,단일로 - 기타,승용,남,33세,상해없음,승용,남,58세,중상
2020040600100032,2020년 4월 6일 05시,월요일,충청북도 청주시 청원구 율량동,경상사고,0,0,1,0,차대차 - 추돌,안전운전불이행,건조,맑음,교차로 - 교차로부근,승용,남,50세,상해없음,승합,남,62세,경상
2020040600100033,2020년 4월 6일 05시,월요일,충청북도 청주시 청원구 내덕동,경상사고,0,0,1,0,차대차 - 기타,신호위반,건조,맑음,교차로 - 교차로안,승용,남,64세,상해없음,승용,남,25세,경상
2020040600100096,2020년 4월 6일 08시,월요일,충청북도 진천군 문백면,중상사고,0,2,0,0,차대차 - 정면충돌,중앙선침범,건조,맑음,단일로 - 기타,승용,남,27세,기타불명,화물,남,47세,중상
2020040600100097,2020년 4월 6일 08시,월요일,충청북도 청주시 상당구 용암동,경상사고,0,0,2,0,차대차 - 측면충돌,신호위반,건조,맑음,교차로 - 교차로안,승용,남,67세,상해없음,화물,남,42세,경상
2020040600100126,2020년 4월 6일 09시,월요일,충청북도 제천시 영천동,경상사고,0,0,1,0,차대차 - 기타,교차로운행방법위반,건조,맑음,교차로 - 교차로안,화물,남,70세,상해없음,승용,여,49세,경상
2020040600100157,2020년 4월 6일 10시,월요일,충청북도 진천군 진천읍,경상사고,0,0,1,0,차대차 - 측면충돌,신호위반,건조,맑음,교차로 - 교차로안,화물,남,63세,상해없음,승용,남,41세,경상
2020040600100185,2020년 4월 6일 11시,월요일,충청북도 괴산군 사리면,중상사고,0,1,4,0,차대차 - 기타,직진우회전진행방해,건조,맑음,교차로 - 교차로안,승합,남,48세,경상,승용,남,53세,상해없음
2020040600100218,2020년 4월 6일 12시,월요일,충청북도 음성군 대소면,중상사고,0,1,6,0,차대차 - 측면충돌,직진우회전진행방해,건조,맑음,교차로 - 교차로안,승용,남,61세,중상,승용,남,62세,경상
2020040600100219,2020년 4월 6일 12시,월요일,충청북도 진천군 초평면,경상사고,0,0,2,0,차대차 - 측면충돌,직진우회전진행방해,건조,맑음,교차로 - 교차로안,화물,남,66세,경상,승용,여,52세,경상
2020040600100220,2020년 4월 6일 12시,월요일,충청북도 청주시 흥덕구 가경동,경상사고,0,0,3,0,차대차 - 기타,교차로운행방법위반,건조,맑음,교차로 - 교차로안,승용,남,66세,상해없음,승용,여,44세,경상
2020040600100252,2020년 4월 6일 13시,월요일,충청북도 충주시 교현동,경상사고,0,0,1,0,차대차 - 기타,신호위반,건조,맑음,교차로 - 교차로안,원동기,남,80세,경상,승용,남,56세,상해없음
2020040600100253,2020년 4월 6일 13시,월요일,충청북도 청주시 흥덕구 봉명동,경상사고,0,0,1,0,차대차 - 정면충돌,중앙선침범,건조,맑음,단일로 - 기타,화물,남,67세,상해없음,승용,여,34세,경상
2020040600100295,2020년 4월 6일 14시,월요일,충청북도 청주시 흥덕구 향정동,경상사고,0,0,2,0,차대차 - 기타,안전거리미확보,건조,맑음,교차로 - 교차로안,승용,여,62세,상해없음,화물,남,76세,경상
2020040600100327,2020년 4월 6일 15시,월요일,충청북도 청주시 상당구 금천동,경상사고,0,0,3,0,차대차 - 측면충돌,안전운전불이행,건조,맑음,교차로 - 교차로부근,승용,여,40세,경상,승합,남,59세,상해없음
2020040600100367,2020년 4월 6일 16시,월요일,충청북도 청주시 청원구 정하동,중상사고,0,2,1,0,차대차 - 기타,안전운전불이행,건조,맑음,단일로 - 기타,이륜,남,68세,중상,화물,남,73세,상해없음
2020040600100368,2020년 4월 6일 16시,월요일,충청북도 진천군 문백면,경상사고,0,0,4,0,차대차 - 추돌,안전거리미확보,건조,맑음,단일로 - 기타,승용,남,31세,경상,승용,남,31세,경상
2020040600100406,2020년 4월 6일 17시,월요일,충청북도 청주시 서원구 사창동,경상사고,0,0,1,0,차대차 - 기타,차로위반,건조,맑음,단일로 - 기타,이륜,남,23세,경상,승용,남,31세,상해없음
2020040600100438,2020년 4월 6일 18시,월요일,충청북도 청주시 흥덕구 가경동,중상사고,0,1,0,0,차대사람 - 기타,안전운전불이행,건조,맑음,단일로 - 기타,승용,남,58세,상해없음,보행자,남,45세,중상
2020040600100439,2020년 4월 6일 18시,월요일,충청북도 청주시 흥덕구 강서동,경상사고,0,0,1,0,차대차 - 기타,안전운전불이행,건조,맑음,단일로 - 기타,승합,남,51세,상해없음,화물,남,24세,경상
2020040600100465,2020년 4월 6일 19시,월요일,충청북도 진천군 덕산면,경상사고,0,0,1,0,차대차 - 측면충돌,안전운전불이행,건조,맑음,교차로 - 교차로안,화물,남,43세,경상,승용,여,61세,기타불명
2020040600100487,2020년 4월 6일 20시,월요일,충청북도 충주시 문화동,경상사고,0,0,2,0,차대차 - 측면충돌,직진우회전진행방해,건조,맑음,교차로 - 교차로안,승용,남,66세,상해없음,승용,여,56세,경상
2020040600100488,2020년 4월 6일 20시,월요일,충청북도 진천군 덕산면,경상사고,0,0,1,0,차대차 - 측면충돌,안전운전불이행,건조,맑음,단일로 - 기타,화물,남,69세,상해없음,승용,남,62세,경상
2020040600100489,2020년 4월 6일 20시,월요일,충청북도 청주시 흥덕구 송정동,중상사고,0,1,0,0,차대차 - 기타,안전운전불이행,건조,맑음,단일로 - 기타,승용,남,60세,중상,특수,남,40세,상해없음
2020040600100515,2020년 4월 6일 21시,월요일,충청북도 청주시 흥덕구 복대동,중상사고,0,1,3,0,차대차 - 기타,신호위반,건조,맑음,교차로 - 교차로안,승용,여,45세,상해없음,승용,남,73세,중상
2020040600100548,2020년 4월 6일 23시,월요일,충청북도 제천시 영천동,중상사고,0,2,1,0,차대차 - 측면충돌,신호위반,건조,맑음,교차로 - 교차로안,승용,남,25세,경상,승용,남,53세,중상
2020040600100549,2020년 4월 6일 23시,월요일,충청북도 음성군 금왕읍,경상사고,0,0,1,0,차대차 - 추돌,안전운전불이행,건조,맑음,교차로 - 교차로부근,화물,남,35세,경상,특수,남,56세,상해없음
2020040700100035,2020년 4월 7일 05시,화요일,충청북도 청주시 흥덕구 복대동,경상사고,0,0,3,0,차대차 - 기타,신호위반,건조,맑음,교차로 - 교차로안,승용,남,61세,상해없음,승용,남,59세,경상
2020040700100081,2020년 4월 7일 08시,화요일,충청북도 청주시 흥덕구 송절동,중상사고,0,1,0,0,차대차 - 측면충돌,안전거리미확보,건조,맑음,단일로 - 기타,승용,남,46세,상해없음,화물,남,40세,중상
2020040700100174,2020년 4월 7일 11시,화요일,충청북도 청주시 서원구 사창동,경상사고,0,0,2,0,차대차 - 측면충돌,직진우회전진행방해,건조,맑음,교차로 - 교차로안,승용,남,67세,경상,승용,남,25세,경상
2020040700100207,2020년 4월 7일 12시,화요일,충청북도 청주시 흥덕구 문암동,경상사고,0,0,1,0,차대차 - 추돌,안전운전불이행,건조,맑음,단일로 - 기타,승용,남,43세,상해없음,화물,남,42세,경상
2020040700100236,2020년 4월 7일 13시,화요일,충청북도 제천시 청전동,중상사고,0,1,0,0,차대차 - 측면충돌,신호위반,건조,맑음,교차로 - 교차로안,승용,여,24세,상해없음,이륜,남,41세,중상
2020040700100237,2020년 4월 7일 13시,화요일,충청북도 청주시 흥덕구 복대동,경상사고,0,0,1,0,차대사람 - 보도통행중,기타,건조,맑음,단일로 - 기타,승용,여,28세,상해없음,보행자,남,62세,경상
2020040700100269,2020년 4월 7일 14시,화요일,충청북도 충주시 교현동,경상사고,0,0,1,0,차대사람 - 횡단중,안전운전불이행,건조,맑음,단일로 - 기타,승용,남,60세,상해없음,보행자,남,73세,경상
2020040700100290,2020년 4월 7일 15시,화요일,충청북도 제천시 고암동,중상사고,0,1,1,0,차대차 - 측면충돌,직진우회전진행방해,건조,맑음,교차로 - 교차로안,승용,여,55세,상해없음,승용,남,41세,중상
2020040700100291,2020년 4월 7일 15시,화요일,충청북도 제천시 금성면,경상사고,0,0,1,0,차대차 - 추돌,안전운전불이행,건조,맑음,주차장 - 주차장,승용,남,40세,상해없음,승용,남,26세,경상
2020040700100292,2020년 4월 7일 15시,화요일,충청북도 청주시 서원구 남이면,경상사고,0,0,2,0,차대차 - 기타,신호위반,건조,맑음,교차로 - 교차로안,승용,여,48세,경상,승용,남,40세,경상
2020040700100351,2020년 4월 7일 17시,화요일,충청북도 청주시 흥덕구 가경동,중상사고,0,1,0,0,차대차 - 기타,신호위반,건조,맑음,교차로 - 교차로안,승용,여,42세,상해없음,이륜,남,50세,중상
2020040700100399,2020년 4월 7일 18시,화요일,충청북도 충주시 안림동,경상사고,0,0,1,0,차대차 - 기타,기타,건조,맑음,교차로 - 교차로안,승용,남,51세,상해없음,원동기,남,22세,경상
2020040700100400,2020년 4월 7일 18시,화요일,충청북도 제천시 동현동,경상사고,0,0,1,0,차대차 - 추돌,안전운전불이행,건조,맑음,단일로 - 기타,승용,남,37세,상해없음,승용,남,35세,경상
2020040700100401,2020년 4월 7일 18시,화요일,충청북도 음성군 감곡면,중상사고,0,1,1,0,차대차 - 추돌,안전운전불이행,건조,맑음,단일로 - 기타,건설기계,남,40세,경상,건설기계,남,57세,중상
2020040700100402,2020년 4월 7일 18시,화요일,충청북도 청주시 흥덕구 복대동,경상사고,0,0,1,0,차대차 - 측면충돌,안전운전불이행,건조,맑음,교차로 - 교차로부근,승용,남,40세,상해없음,승용,남,47세,경상
2020040700100403,2020년 4월 7일 18시,화요일,충청북도 청주시 상당구 남일면,경상사고,0,0,2,0,차대차 - 정면충돌,안전운전불이행,건조,맑음,교차로 - 교차로안,승용,여,38세,상해없음,승용,남,33세,경상
2020040700100445,2020년 4월 7일 19시,화요일,충청북도 청주시 청원구 율량동,중상사고,0,1,0,0,차대차 - 측면충돌,안전운전불이행,건조,맑음,단일로 - 기타,승용,남,51세,상해없음,자전거,남,40세,중상
2020040700100446,2020년 4월 7일 19시,화요일,충청북도 충주시 호암동,경상사고,0,0,2,0,차대차 - 기타,안전운전불이행,건조,맑음,교차로 - 교차로안,화물,남,52세,경상,승용,남,28세,경상
2020040700100447,2020년 4월 7일 19시,화요일,충청북도 음성군 금왕읍,경상사고,0,0,1,0,차대차 - 추돌,안전거리미확보,건조,맑음,교차로 - 교차로부근,승용,남,27세,상해없음,승용,남,47세,상해없음
2020040700100479,2020년 4월 7일 20시,화요일,충청북도 청주시 흥덕구 오송읍,중상사고,0,1,0,0,차대사람 - 차도통행중,안전운전불이행,건조,맑음,단일로 - 기타,승용,남,39세,상해없음,보행자,남,54세,중상
2020040800100005,2020년 4월 8일 00시,수요일,충청북도 제천시 동현동,경상사고,0,0,2,0,차대차 - 추돌,안전운전불이행,건조,맑음,교차로 - 교차로부근,화물,남,49세,상해없음,승용,남,76세,경상
2020040800100015,2020년 4월 8일 01시,수요일,충청북도 청주시 흥덕구 운천동,중상사고,0,1,1,0,차대차 - 측면충돌,신호위반,건조,맑음,교차로 - 교차로안,승용,남,48세,상해없음,승용,남,50세,경상
2020040800100046,2020년 4월 8일 05시,수요일,충청북도 증평군 증평읍,경상사고,0,0,1,0,차대차 - 측면충돌,신호위반,건조,맑음,교차로 - 교차로안,승용,남,60세,상해없음,승용,여,52세,경상
2020040800100139,2020년 4월 8일 09시,수요일,충청북도 청주시 청원구 율량동,경상사고,0,0,1,0,차대사람 - 횡단중,안전운전불이행,건조,맑음,단일로 - 기타,승용,여,55세,상해없음,보행자,여,63세,경상
2020040800100140,2020년 4월 8일 09시,수요일,충청북도 충주시 중앙탑면,중상사고,0,2,0,1,차대차 - 기타,안전운전불이행,건조,맑음,교차로 - 교차로안,승용,여,44세,부상신고,승용,남,29세,중상
2020040800100166,2020년 4월 8일 10시,수요일,충청북도 청주시 서원구 사창동,경상사고,0,0,1,0,차대차 - 정면충돌,안전운전불이행,건조,맑음,교차로 - 교차로안,승용,남,54세,상해없음,승용,여,33세,경상
2020040800100198,2020년 4월 8일 11시,수요일,충청북도 괴산군 청천면,경상사고,0,0,2,1,차대차 - 측면충돌,중앙선침범,건조,맑음,단일로 - 기타,화물,남,67세,부상신고,화물,남,63세,경상
2020040800100199,2020년 4월 8일 11시,수요일,충청북도 음성군 음성읍,중상사고,0,2,0,0,차대차 - 측면충돌,중앙선침범,건조,맑음,교차로 - 교차로부근,건설기계,남,42세,상해없음,화물,남,84세,중상
2020040800100200,2020년 4월 8일 11시,수요일,충청북도 진천군 이월면,경상사고,0,0,1,0,차대차 - 추돌,안전거리미확보,건조,맑음,단일로 - 기타,승용,남,32세,기타불명,화물,남,43세,기타불명
2020040800100224,2020년 4월 8일 12시,수요일,충청북도 제천시 중앙로1가,경상사고,0,0,3,0,차대차 - 측면충돌,중앙선침범,건조,맑음,교차로 - 교차로부근,승용,남,55세,경상,승용,여,36세,경상
2020040800100225,2020년 4월 8일 12시,수요일,충청북도 음성군 삼성면,경상사고,0,0,1,0,차대차 - 측면충돌,직진우회전진행방해,건조,맑음,교차로 - 교차로안,화물,남,46세,상해없음,승용,여,42세,경상
2020040800100257,2020년 4월 8일 13시,수요일,충청북도 청주시 서원구 사창동,경상사고,0,0,1,0,차대차 - 기타,안전거리미확보,건조,맑음,교차로 - 교차로부근,승용,여,53세,상해없음,이륜,남,30세,경상
2020040800100282,2020년 4월 8일 14시,수요일,충청북도 충주시 주덕읍,중상사고,0,1,2,0,차대차 - 측면충돌,중앙선침범,건조,맑음,단일로 - 기타,화물,남,28세,경상,승용,남,44세,중상
2020040800100390,2020년 4월 8일 17시,수요일,충청북도 충주시 문화동,경상사고,0,0,1,0,차대사람 - 기타,안전운전불이행,건조,맑음,단일로 - 기타,승용,남,27세,상해없음,보행자,남,36세,경상
2020040800100391,2020년 4월 8일 17시,수요일,충청북도 제천시 청전동,경상사고,0,0,1,0,차대차 - 기타,안전운전불이행,건조,맑음,교차로 - 교차로부근,이륜,남,22세,경상,승용,남,26세,상해없음
2020040800100392,2020년 4월 8일 17시,수요일,충청북도 청주시 흥덕구 송정동,경상사고,0,0,1,0,차대차 - 측면충돌,안전운전불이행,건조,맑음,기타 - 기타,승용,남,30세,상해없음,자전거,남,55세,경상
2020040800100463,2020년 4월 8일 19시,수요일,충청북도 청주시 청원구 율량동,사망사고,1,0,0,0,차대사람 - 횡단중,신호위반,건조,맑음,교차로 - 교차로횡단보도내,승합,남,41세,상해없음,보행자,남,15세,사망
2020040900100006,2020년 4월 9일 00시,목요일,충청북도 충주시 달천동,중상사고,0,2,0,0,차량단독 - 공작물충돌,안전운전불이행,건조,맑음,교차로 - 교차로안,승용,남,25세,중상,,,,
2020040900100007,2020년 4월 9일 00시,목요일,충청북도 청주시 흥덕구 봉명동,경상사고,0,0,1,0,차대차 - 측면충돌,신호위반,건조,맑음,교차로 - 교차로안,승용,남,36세,상해없음,승용,남,29세,경상
2020040900100062,2020년 4월 9일 07시,목요일,충청북도 청주시 흥덕구 신전동,중상사고,0,1,0,0,차량단독 - 기타,안전운전불이행,건조,맑음,단일로 - 기타,화물,남,67세,상해없음,,,,
2020040900100093,2020년 4월 9일 08시,목요일,충청북도 음성군 맹동면,경상사고,0,0,1,0,차대차 - 측면충돌,안전운전불이행,건조,맑음,단일로 - 기타,화물,남,62세,상해없음,승용,남,49세,경상
2020040900100183,2020년 4월 9일 11시,목요일,충청북도 청주시 서원구 개신동,경상사고,0,0,2,0,차대차 - 추돌,안전거리미확보,건조,맑음,단일로 - 기타,이륜,남,75세,상해없음,승용,남,68세,경상
2020040900100184,2020년 4월 9일 11시,목요일,충청북도 청주시 상당구 남일면,경상사고,0,0,2,0,차대차 - 측면충돌,안전운전불이행,건조,맑음,교차로 - 교차로안,승용,여,58세,상해없음,화물,여,23세,경상
2020040900100185,2020년 4월 9일 11시,목요일,충청북도 청주시 상당구 미원면,중상사고,0,1,0,0,차대사람 - 차도통행중,안전운전불이행,건조,맑음,단일로 - 지하차도(도로)내,건설기계,남,59세,상해없음,보행자,남,69세,중상
2020040900100214,2020년 4월 9일 12시,목요일,충청북도 청주시 청원구 주중동,경상사고,0,0,2,0,차대차 - 측면충돌,안전거리미확보,건조,맑음,단일로 - 기타,승용,남,58세,상해없음,승용,남,28세,경상
2020040900100215,2020년 4월 9일 12시,목요일,충청북도 청주시 청원구 오창읍,경상사고,0,0,1,0,차대차 - 기타,교차로운행방법위반,건조,맑음,교차로 - 교차로부근,승용,여,39세,상해없음,승용,남,62세,경상
2020040900100252,2020년 4월 9일 13시,목요일,충청북도 음성군 삼성면,중상사고,0,1,0,0,차대차 - 측면충돌,기타,건조,맑음,교차로 - 교차로안,화물,여,54세,상해없음,이륜,남,80세,중상
2020040900100253,2020년 4월 9일 13시,목요일,충청북도 청주시 상당구 용암동,경상사고,0,0,1,0,차대차 - 측면충돌,안전운전불이행,건조,맑음,교차로 - 교차로횡단보도내,승용,여,61세,상해없음,이륜,남,35세,경상
2020040900100328,2020년 4월 9일 15시,목요일,충청북도 청주시 흥덕구 가경동,경상사고,0,0,1,0,차대차 - 기타,안전운전불이행,건조,맑음,미분류 - 미분류,승용,남,59세,상해없음,기타불명,여,23세,경상
2020040900100369,2020년 4월 9일 16시,목요일,충청북도 청주시 흥덕구 비하동,경상사고,0,0,1,0,차대차 - 측면충돌,안전거리미확보,건조,맑음,단일로 - 기타,승용,여,60세,상해없음,승용,여,51세,경상
2020040900100370,2020년 4월 9일 16시,목요일,충청북도 청주시 흥덕구 강서동,경상사고,0,0,1,0,차대차 - 측면충돌,안전거리미확보,건조,맑음,교차로 - 교차로부근,화물,남,63세,상해없음,이륜,남,48세,경상
2020040900100371,2020년 4월 9일 16시,목요일,충청북도 청주시 흥덕구 비하동,중상사고,0,1,1,0,차대차 - 측면충돌,신호위반,건조,맑음,교차로 - 교차로안,이륜,남,72세,중상,승용,여,46세,경상