사고번호,사고일시,요일,시군구,사고내용,사망자수,중상자수,경상자수,부상신고자수,사고유형,법규위반,노면상태,기상상태,도로형태,가해운전자 차종,가해운전자 성별,가해운전자 연령,가해운전자 상해정도,피해운전자 차종,피해운전자 성별,피해운전자 연령,피해운전자 상해정도
2020041500100026,2020년 4월 15일 01시,수요일,충청북도 제천시 중앙로2가,경상사고,0,0,1,0,차대차 - 추돌,안전운전불이행,건조,맑음,단일로 - 지하차도(도로)내,승용,남,32세,상해없음,승용,남,50세,경상
2020041500100081,2020년 4월 15일 07시,수요일,충청북도 청주시 청원구 오창읍,경상사고,0,0,1,0,차대차 - 추돌,안전운전불이행,건조,맑음,단일로 - 기타,승용,남,32세,상해없음,화물,남,52세,경상
2020041500100082,2020년 4월 15일 07시,수요일,충청북도 청주시 청원구 오창읍,경상사고,0,0,2,0,차대차 - 추돌,안전운전불이행,건조,맑음,단일로 - 기타,화물,남,42세,경상,승용,남,76세,경상
2020041500100092,2020년 4월 15일 08시,수요일,충청북도 괴산군 사리면,중상사고,0,1,0,0,차대차 - 측면충돌,안전운전불이행,건조,맑음,교차로 - 교차로안,승용,남,56세,상해없음,이륜,남,61세,중상
2020041500100093,2020년 4월 15일 08시,수요일,충청북도 청주시 흥덕구 봉명동,경상사고,0,0,1,0,차대차 - 기타,안전운전불이행,건조,맑음,교차로 - 교차로안,승용,남,53세,상해없음,화물,남,78세,경상
2020041500100128,2020년 4월 15일 10시,수요일,충청북도 옥천군 옥천읍,중상사고,0,1,0,0,차량단독 - 공작물충돌,안전운전불이행,건조,맑음,단일로 - 기타,이륜,남,82세,중상,,,,
2020041500100155,2020년 4월 15일 11시,수요일,충청북도 제천시 고명동,경상사고,0,0,1,0,차대차 - 추돌,안전운전불이행,건조,맑음,교차로 - 교차로부근,승용,남,68세,상해없음,승용,여,49세,경상
2020041500100178,2020년 4월 15일 12시,수요일,충청북도 충주시 문화동,경상사고,0,0,3,0,차대차 - 측면충돌,신호위반,건조,맑음,교차로 - 교차로안,승용,여,56세,상해없음,승용,남,60세,경상
2020041500100202,2020년 4월 15일 13시,수요일,충청북도 청주시 서원구 사창동,경상사고,0,0,2,0,차대차 - 기타,교차로운행방법위반,건조,맑음,교차로 - 교차로안,승용,여,55세,경상,승용,여,24세,경상
2020041500100203,2020년 4월 15일 13시,수요일,충청북도 청주시 상당구 가덕면,중상사고,0,4,0,0,차대차 - 추돌,안전운전불이행,건조,맑음,단일로 - 기타,화물,여,62세,상해없음,승용,남,71세,중상
2020041500100235,2020년 4월 15일 14시,수요일,충청북도 제천시 서부동,경상사고,0,0,3,0,차대차 - 측면충돌,안전거리미확보,건조,맑음,교차로 - 교차로부근,승용,여,33세,상해없음,승용,남,29세,경상
2020041500100236,2020년 4월 15일 14시,수요일,충청북도 음성군 맹동면,경상사고,0,0,1,0,차대차 - 측면충돌,신호위반,건조,맑음,교차로 - 교차로부근,승용,여,37세,상해없음,승용,여,32세,경상
2020041500100307,2020년 4월 15일 16시,수요일,충청북도 청주시 흥덕구 봉명동,경상사고,0,0,1,0,차대차 - 후진중충돌,안전운전불이행,건조,맑음,교차로 - 교차로안,승용,남,60세,상해없음,승용,여,44세,경상
2020041500100308,2020년 4월 15일 16시,수요일,충청북도 음성군 감곡면,경상사고,0,0,1,0,차대차 - 측면충돌,직진우회전진행방해,건조,맑음,교차로 - 교차로안,자전거,여,72세,경상,화물,남,43세,상해없음
2020041500100339,2020년 4월 15일 17시,수요일,충청북도 제천시 교동,경상사고,0,0,2,0,차대차 - 측면충돌,안전운전불이행,건조,맑음,교차로 - 교차로안,승용,남,46세,경상,화물,남,57세,경상
2020041500100365,2020년 4월 15일 18시,수요일,충청북도 영동군 심천면,경상사고,0,0,3,0,차대차 - 측면충돌,과속,건조,맑음,교차로 - 교차로안,승용,남,39세,경상,승용,여,40세,경상
2020041500100366,2020년 4월 15일 18시,수요일,충청북도 청주시 흥덕구 송정동,경상사고,0,0,1,0,차대사람 - 횡단중,안전운전불이행,건조,맑음,교차로 - 교차로부근,화물,남,33세,상해없음,보행자,남,54세,경상
2020041500100419,2020년 4월 15일 20시,수요일,충청북도 청주시 상당구 남주동,경상사고,0,0,2,0,차대차 - 측면충돌,신호위반,건조,맑음,교차로 - 교차로안,이륜,남,29세,경상,이륜,남,29세,경상
2020041500100440,2020년 4월 15일 21시,수요일,충청북도 청주시 청원구 율량동,경상사고,0,0,1,0,차대차 - 기타,차로위반,건조,맑음,교차로 - 교차로안,승용,남,54세,상해없음,승용,여,49세,경상
2020041500100441,2020년 4월 15일 21시,수요일,충청북도 영동군 영동읍,경상사고,0,0,1,0,차대차 - 측면충돌,안전운전불이행,건조,맑음,교차로 - 교차로안,승용,여,54세,상해없음,승용,남,29세,경상
2020041500100460,2020년 4월 15일 22시,수요일,충청북도 제천시 청전동,경상사고,0,0,2,0,차대차 - 후진중충돌,안전운전불이행,건조,맑음,교차로 - 교차로안,승용,남,60세,기타불명,승용,남,30세,경상
2020041600100022,2020년 4월 16일 02시,목요일,충청북도 충주시 주덕읍,경상사고,0,0,1,0,차량단독 - 기타,안전운전불이행,건조,맑음,단일로 - 기타,승용,남,24세,경상,,,,
2020041600100032,2020년 4월 16일 04시,목요일,충청북도 청주시 서원구 현도면,중상사고,0,1,0,0,차대차 - 기타,안전운전불이행,건조,맑음,단일로 - 기타,화물,남,45세,중상,건설기계,남,63세,기타불명
2020041600100082,2020년 4월 16일 08시,목요일,충청북도 충주시 중앙탑면,경상사고,0,0,1,0,차대차 - 추돌,안전운전불이행,건조,맑음,교차로 - 교차로부근,승용,남,40세,상해없음,승용,여,49세,경상
2020041600100083,2020년 4월 16일 08시,목요일,충청북도 제천시 영천동,경상사고,0,0,2,0,차대차 - 측면충돌,안전거리미확보,건조,맑음,교차로 - 교차로안,승용,여,37세,경상,화물,남,48세,경상
2020041600100084,2020년 4월 16일 08시,목요일,충청북도 청주시 흥덕구 옥산면,경상사고,0,0,1,0,차대차 - 추돌,안전운전불이행,건조,맑음,단일로 - 기타,승용,남,57세,상해없음,승용,남,37세,경상
2020041600100125,2020년 4월 16일 10시,목요일,충청북도 충주시 성내동,중상사고,0,1,0,0,차대사람 - 횡단중,보행자보호의무위반,건조,맑음,교차로 - 교차로안,승용,여,60세,상해없음,보행자,여,78세,중상
2020041600100126,2020년 4월 16일 10시,목요일,충청북도 청주시 흥덕구 강서동,중상사고,0,1,0,0,차대차 - 측면충돌,신호위반,건조,맑음,교차로 - 교차로안,이륜,남,75세,중상,화물,남,31세,상해없음
2020041600100154,2020년 4월 16일 11시,목요일,충청북도 청주시 흥덕구 복대동,경상사고,0,0,1,0,차대차 - 측면충돌,안전운전불이행,건조,맑음,단일로 - 기타,화물,남,47세,상해없음,자전거,남,22세,경상
2020041600100206,2020년 4월 16일 13시,목요일,충청북도 청주시 흥덕구 복대동,중상사고,0,1,1,0,차대차 - 추돌,안전운전불이행,건조,맑음,단일로 - 기타,이륜,남,34세,경상,이륜,남,28세,중상
2020041600100235,2020년 4월 16일 14시,목요일,충청북도 제천시 영천동,경상사고,0,0,2,0,차대차 - 기타,중앙선침범,건조,맑음,교차로 - 교차로안,승용,남,31세,상해없음,승용,여,31세,경상
2020041600100236,2020년 4월 16일 14시,목요일,충청북도 증평군 증평읍,경상사고,0,0,1,0,차대차 - 측면충돌,신호위반,건조,맑음,교차로 - 교차로안,자전거,남,84세,경상,승용,여,58세,상해없음
2020041600100237,2020년 4월 16일 14시,목요일,충청북도 음성군 금왕읍,중상사고,0,1,0,0,차대차 - 측면충돌,기타,건조,맑음,교차로 - 교차로안,화물,여,58세,상해없음,개인형이동수단(PM),남,81세,중상
2020041600100312,2020년 4월 16일 16시,목요일,충청북도 청주시 상당구 용담동,중상사고,0,1,0,0,차대차 - 기타,교차로운행방법위반,건조,맑음,교차로 - 교차로안,승용,여,29세,상해없음,이륜,남,44세,중상
2020041600100341,2020년 4월 16일 17시,목요일,충청북도 음성군 삼성면,경상사고,0,0,2,0,차대사람 - 길가장자리구역통행중,안전운전불이행,건조,맑음,단일로 - 기타,승용,여,54세,상해없음,보행자,남,57세,경상
2020041600100377,2020년 4월 16일 18시,목요일,충청북도 옥천군 이원면,경상사고,0,0,2,1,차대차 - 정면충돌,교차로운행방법위반,건조,맑음,교차로 - 교차로안,승용,남,33세,부상신고,승용,남,69세,경상
2020041600100378,2020년 4월 16일 18시,목요일,충청북도 청주시 흥덕구 강서동,경상사고,0,0,1,0,차대사람 - 기타,안전운전불이행,건조,맑음,단일로 - 기타,화물,남,77세,기타불명,보행자,남,66세,경상
2020041600100416,2020년 4월 16일 19시,목요일,충청북도 청주시 청원구 내덕동,경상사고,0,0,2,0,차대차 - 기타,직진우회전진행방해,건조,맑음,교차로 - 교차로안,승용,여,62세,경상,승용,남,61세,경상
2020041600100417,2020년 4월 16일 19시,목요일,충청북도 청주시 흥덕구 복대동,경상사고,0,0,1,0,차대차 - 추돌,안전운전불이행,건조,맑음,교차로 - 교차로안,승용,남,65세,상해없음,승용,남,28세,경상
2020041600100449,2020년 4월 16일 20시,목요일,충청북도 청주시 흥덕구 복대동,중상사고,0,1,0,0,차대차 - 측면충돌,중앙선침범,건조,맑음,단일로 - 기타,승용,남,26세,상해없음,승용,남,48세,중상
2020041600100450,2020년 4월 16일 20시,목요일,충청북도 청주시 상당구 남일면,경상사고,0,0,1,0,차대차 - 추돌,안전운전불이행,건조,맑음,교차로 - 교차로부근,이륜,남,60세,경상,승용,남,44세,상해없음
2020041600100482,2020년 4월 16일 21시,목요일,충청북도 청주시 상당구 수동,경상사고,0,0,2,0,차대차 - 측면충돌,신호위반,건조,맑음,교차로 - 교차로안,승용,여,52세,경상,승용,여,54세,경상
2020041600100504,2020년 4월 16일 22시,목요일,충청북도 청주시 청원구 율량동,중상사고,0,1,0,0,차대차 - 측면충돌,신호위반,건조,맑음,교차로 - 교차로부근,승용,남,63세,상해없음,이륜,남,32세,중상
2020041700100025,2020년 4월 17일 02시,금요일,충청북도 청주시 흥덕구 복대동,경상사고,0,0,2,0,차대차 - 추돌,안전운전불이행,건조,맑음,단일로 - 기타,승용,여,35세,상해없음,승용,남,36세,경상
2020041700100043,2020년 4월 17일 05시,금요일,충청북도 진천군 초평면,경상사고,0,0,2,0,차대차 - 추돌,안전거리미확보,건조,맑음,교차로 - 교차로부근,화물,남,57세,상해없음,승용,남,25세,경상
2020041700100062,2020년 4월 17일 07시,금요일,충청북도 청주시 흥덕구 봉명동,경상사고,0,0,1,0,차대차 - 측면충돌,안전운전불이행,젖음/습기,흐림,단일로 - 기타,승용,남,37세,상해없음,화물,남,65세,경상
2020041700100083,2020년 4월 17일 08시,금요일,충청북도 청주시 흥덕구 옥산면,경상사고,0,0,1,0,차대차 - 추돌,안전거리미확보,젖음/습기,비,단일로 - 기타,승용,남,62세,상해없음,승용,남,33세,경상
2020041700100109,2020년 4월 17일 09시,금요일,충청북도 음성군 감곡면,경상사고,0,0,1,0,차대사람 - 횡단중,안전운전불이행,젖음/습기,비,교차로 - 교차로횡단보도내,화물,남,67세,상해없음,보행자,남,27세,경상
2020041700100131,2020년 4월 17일 10시,금요일,충청북도 영동군 영동읍,경상사고,0,0,1,0,차대차 - 측면충돌,안전운전불이행,젖음/습기,흐림,교차로 - 교차로안,승용,남,80세,상해없음,화물,남,54세,경상
2020041700100132,2020년 4월 17일 10시,금요일,충청북도 영동군 영동읍,중상사고,0,1,1,0,차대차 - 측면충돌,안전운전불이행,젖음/습기,비,주차장 - 주차장,승용,여,51세,경상,승용,여,45세,중상
2020041700100133,2020년 4월 17일 10시,금요일,충청북도 음성군 소이면,중상사고,0,2,3,0,차대차 - 측면충돌,교차로운행방법위반,건조,맑음,교차로 - 교차로안,승용,남,83세,경상,승합,남,43세,경상
2020041700100134,2020년 4월 17일 10시,금요일,충청북도 청주시 흥덕구 운천동,경상사고,0,0,1,0,차대차 - 기타,안전운전불이행,건조,맑음,교차로 - 교차로부근,화물,남,65세,상해없음,승용,남,55세,상해없음
2020041700100135,2020년 4월 17일 10시,금요일,충청북도 청주시 흥덕구 복대동,경상사고,0,0,1,0,차대차 - 추돌,안전운전불이행,건조,맑음,교차로 - 교차로안,승용,여,26세,상해없음,승용,여,49세,경상
2020041700100157,2020년 4월 17일 11시,금요일,충청북도 제천시 장락동,중상사고,0,1,0,0,차대사람 - 횡단중,안전운전불이행,젖음/습기,비,교차로 - 교차로부근,승합,여,47세,상해없음,보행자,여,54세,중상
2020041700100158,2020년 4월 17일 11시,금요일,충청북도 제천시 하소동,중상사고,0,2,0,0,차대차 - 추돌,안전운전불이행,건조,맑음,기타 - 기타,화물,남,47세,중상,승용,여,58세,중상
2020041700100159,2020년 4월 17일 11시,금요일,충청북도 청주시 서원구 산남동,경상사고,0,0,2,0,차대차 - 기타,안전운전불이행,건조,맑음,교차로 - 교차로안,승용,남,67세,상해없음,승용,남,36세,경상
2020041700100160,2020년 4월 17일 11시,금요일,충청북도 청주시 서원구 모충동,중상사고,0,1,0,0,차대차 - 측면충돌,안전운전불이행,건조,맑음,교차로 - 교차로횡단보도내,승용,남,59세,상해없음,자전거,남,73세,중상
2020041700100188,2020년 4월 17일 12시,금요일,충청북도 진천군 진천읍,경상사고,0,0,3,0,차대차 - 측면충돌,교차로운행방법위반,건조,맑음,교차로 - 교차로안,승용,여,38세,상해없음,승용,여,51세,경상
2020041700100217,2020년 4월 17일 13시,금요일,충청북도 충주시 주덕읍,경상사고,0,0,1,0,차량단독 - 공작물충돌,안전운전불이행,건조,맑음,단일로 - 기타,화물,남,65세,경상,,,,
2020041700100218,2020년 4월 17일 13시,금요일,충청북도 보은군 보은읍,경상사고,0,0,1,0,차량단독 - 공작물충돌,안전운전불이행,건조,맑음,단일로 - 기타,이륜,남,83세,경상,,,,
2020041700100281,2020년 4월 17일 15시,금요일,충청북도 청주시 청원구 오창읍,중상사고,0,1,0,0,차대차 - 기타,안전운전불이행,건조,맑음,교차로 - 교차로부근,승용,남,56세,상해없음,승용,여,35세,중상
2020041700100282,2020년 4월 17일 15시,금요일,충청북도 음성군 대소면,경상사고,0,0,1,0,차대차 - 기타,교차로운행방법위반,젖음/습기,비,교차로 - 교차로부근,화물,남,56세,상해없음,승용,남,59세,상해없음
2020041700100318,2020년 4월 17일 16시,금요일,충청북도 충주시 노은면,경상사고,0,0,3,0,차대차 - 측면충돌,안전운전불이행,건조,맑음,교차로 - 교차로부근,승용,남,66세,상해없음,승용,여,43세,경상
2020041700100353,2020년 4월 17일 17시,금요일,충청북도 충주시 주덕읍,중상사고,0,1,0,0,차대차 - 기타,중앙선침범,건조,흐림,단일로 - 기타,화물,남,34세,상해없음,승용,남,40세,중상
2020041700100354,2020년 4월 17일 17시,금요일,충청북도 청주시 상당구 용암동,중상사고,0,3,8,0,차대차 - 기타,안전운전불이행,건조,맑음,단일로 - 기타,승용,여,53세,중상,승합,남,48세,경상
2020041700100385,2020년 4월 17일 18시,금요일,충청북도 청주시 상당구 수동,부상신고사고,0,0,0,1,차대차 - 기타,안전운전불이행,건조,맑음,단일로 - 기타,승용,여,43세,상해없음,자전거,남,50세,부상신고
2020041700100386,2020년 4월 17일 18시,금요일,충청북도 진천군 덕산면,경상사고,0,0,1,0,차대차 - 측면충돌,안전거리미확보,건조,맑음,교차로 - 교차로부근,이륜,남,28세,경상,승용,남,37세,상해없음
2020041700100387,2020년 4월 17일 18시,금요일,충청북도 청주시 서원구 산남동,경상사고,0,0,2,0,차대차 - 기타,신호위반,건조,맑음,교차로 - 교차로안,승용,남,67세,상해없음,승용,남,23세,경상
2020041700100388,2020년 4월 17일 18시,금요일,충청북도 청주시 상당구 금천동,경상사고,0,0,1,0,차대차 - 측면충돌,안전운전불이행,건조,맑음,단일로 - 지하차도(도로)내,승용,남,37세,상해없음,이륜,남,28세,경상
2020041700100420,2020년 4월 17일 19시,금요일,충청북도 음성군 감곡면,사망사고,1,0,0,0,차량단독 - 공작물충돌,안전운전불이행,건조,맑음,단일로 - 기타,승용,여,54세,사망,,,,
2020041700100454,2020년 4월 17일 20시,금요일,충청북도 청주시 흥덕구 복대동,경상사고,0,0,1,0,차대사람 - 횡단중,보행자보호의무위반,건조,맑음,교차로 - 교차로횡단보도내,승용,여,26세,상해없음,보행자,여,46세,경상
2020041700100476,2020년 4월 17일 21시,금요일,충청북도 청주시 흥덕구 강서동,경상사고,0,0,4,0,차대차 - 측면충돌,교차로운행방법위반,건조,맑음,교차로 - 교차로부근,승용,남,22세,상해없음,화물,남,55세,경상
2020041700100504,2020년 4월 17일 22시,금요일,충청북도 청주시 청원구 율량동,경상사고,0,0,2,0,차대차 - 추돌,안전운전불이행,건조,맑음,교차로 - 교차로부근,승용,남,28세,상해없음,승용,여,28세,경상
2020041700100505,2020년 4월 17일 22시,금요일,충청북도 청주시 상당구 문화동,중상사고,0,1,0,0,차대사람 - 횡단중,안전운전불이행,건조,맑음,단일로 - 기타,화물,여,65세,상해없음,보행자,여,74세,중상
2020041700100543,2020년 4월 17일 23시,금요일,충청북도 청주시 흥덕구 비하동,경상사고,0,0,1,0,차대차 - 측면충돌,안전거리미확보,건조,맑음,단일로 - 기타,승용,남,61세,상해없음,이륜,남,40세,경상
2020041800100011,2020년 4월 18일 00시,토요일,충청북도 청주시 흥덕구 신봉동,중상사고,0,1,0,0,차대차 - 측면충돌,안전운전불이행,건조,맑음,단일로 - 기타,승용,남,33세,중상,화물,남,58세,상해없음
2020041800100020,2020년 4월 18일 01시,토요일,충청북도 청주시 서원구 사직동,경상사고,0,0,2,0,차대차 - 기타,안전운전불이행,건조,맑음,교차로 - 교차로부근,기타불명,기타불명,미분류,기타불명,승용,남,44세,경상
2020041800100021,2020년 4월 18일 01시,토요일,충청북도 청주시 서원구 장암동,경상사고,0,0,1,0,차대차 - 기타,차로위반,건조,맑음,단일로 - 지하차도(도로)내,특수,남,64세,상해없음,승용,남,48세,상해없음
2020041800100065,2020년 4월 18일 06시,토요일,충청북도 진천군 백곡면,중상사고,0,1,0,0,차대차 - 정면충돌,중앙선침범,건조,맑음,단일로 - 기타,화물,남,27세,상해없음,승용,여,41세,중상
2020041800100080,2020년 4월 18일 07시,토요일,충청북도 청주시 흥덕구 비하동,경상사고,0,0,1,0,차대차 - 측면충돌,신호위반,건조,맑음,교차로 - 교차로안,화물,남,43세,상해없음,승용,여,53세,경상
2020041800100108,2020년 4월 18일 08시,토요일,충청북도 괴산군 사리면,중상사고,0,2,0,0,차대차 - 추돌,과속,건조,맑음,기타 - 기타,화물,남,67세,상해없음,승용,여,60세,중상
2020041800100146,2020년 4월 18일 10시,토요일,충청북도 충주시 연수동,경상사고,0,0,1,0,차대차 - 추돌,안전운전불이행,건조,맑음,교차로 - 교차로부근,승용,남,59세,상해없음,승용,여,46세,경상
2020041800100172,2020년 4월 18일 11시,토요일,충청북도 괴산군 장연면,경상사고,0,0,1,0,차량단독 - 기타,안전운전불이행,건조,맑음,단일로 - 기타,이륜,남,79세,경상,,,,
2020041800100173,2020년 4월 18일 11시,토요일,충청북도 청주시 흥덕구 복대동,중상사고,0,1,1,0,차대사람 - 횡단중,신호위반,건조,맑음,단일로 - 기타,이륜,남,36세,상해없음,보행자,여,43세,경상
2020041800100211,2020년 4월 18일 12시,토요일,충청북도 제천시 한수면,중상사고,0,1,0,0,차대차 - 측면충돌,중앙선침범,건조,맑음,단일로 - 기타,화물,남,64세,상해없음,이륜,남,26세,중상
2020041800100212,2020년 4월 18일 12시,토요일,충청북도 증평군 증평읍,중상사고,0,1,0,0,차대사람 - 길가장자리구역통행중,안전운전불이행,건조,맑음,기타 - 기타,승용,여,54세,상해없음,보행자,여,62세,중상
2020041800100241,2020년 4월 18일 13시,토요일,충청북도 증평군 증평읍,경상사고,0,0,1,0,차대차 - 측면충돌,안전운전불이행,건조,맑음,교차로 - 교차로횡단보도내,화물,남,57세,상해없음,자전거,남,11세,경상
2020041800100242,2020년 4월 18일 13시,토요일,충청북도 청주시 흥덕구 오송읍,중상사고,0,1,0,0,차대차 - 기타,신호위반,건조,맑음,교차로 - 교차로안,승용,남,61세,상해없음,승용,여,47세,중상
2020041800100243,2020년 4월 18일 13시,토요일,충청북도 청주시 흥덕구 복대동,경상사고,0,0,1,0,차대사람 - 보도통행중,기타,건조,맑음,단일로 - 기타,이륜,남,40세,상해없음,보행자,남,21세,경상
2020041800100275,2020년 4월 18일 14시,토요일,충청북도 청주시 흥덕구 비하동,중상사고,0,1,0,0,차대차 - 기타,신호위반,건조,맑음,교차로 - 교차로안,승용,남,28세,상해없음,이륜,남,22세,중상
2020041800100321,2020년 4월 18일 15시,토요일,충청북도 청주시 상당구 방서동,경상사고,0,0,1,0,차대차 - 측면충돌,안전운전불이행,건조,맑음,교차로 - 교차로부근,이륜,남,54세,경상,승합,남,53세,상해없음
2020041800100353,2020년 4월 18일 16시,토요일,충청북도 청주시 청원구 우암동,경상사고,0,0,1,0,차대차 - 기타,안전거리미확보,건조,맑음,단일로 - 기타,승용,여,32세,상해없음,이륜,남,28세,경상
2020041800100354,2020년 4월 18일 16시,토요일,충청북도 음성군 감곡면,경상사고,0,0,3,0,차대차 - 측면충돌,교차로운행방법위반,건조,맑음,교차로 - 교차로안,승용,남,67세,경상,승용,여,41세,경상
2020041800100387,2020년 4월 18일 17시,토요일,충청북도 충주시 금가면,경상사고,0,0,1,0,차대사람 - 횡단중,안전운전불이행,건조,맑음,단일로 - 기타,승용,남,41세,상해없음,보행자,남,8세,경상
2020041800100388,2020년 4월 18일 17시,토요일,충청북도 청주시 상당구 북문로2가동,경상사고,0,0,1,0,차대차 - 측면충돌,중앙선침범,건조,맑음,단일로 - 지하차도(도로)내,승용,남,51세,상해없음,승용,남,41세,경상
2020041800100389,2020년 4월 18일 17시,토요일,충청북도 청주시 서원구 분평동,경상사고,0,0,1,0,차대차 - 측면충돌,신호위반,건조,맑음,교차로 - 교차로안,화물,남,70세,상해없음,이륜,남,50세,경상
2020041800100426,2020년 4월 18일 18시,토요일,충청북도 보은군 보은읍,중상사고,0,1,0,0,차대차 - 정면충돌,안전운전불이행,건조,맑음,단일로 - 기타,자전거,남,78세,중상,승용,여,50세,상해없음
2020041800100447,2020년 4월 18일 19시,토요일,충청북도 진천군 이월면,경상사고,0,0,1,0,차대차 - 추돌,안전운전불이행,건조,맑음,교차로 - 교차로부근,원동기,남,17세,상해없음,승용,여,65세,경상
2020041800100475,2020년 4월 18일 20시,토요일,충청북도 옥천군 옥천읍,중상사고,0,1,0,0,차량단독 - 공작물충돌,안전운전불이행,건조,맑음,교차로 - 교차로부근,원동기,남,55세,중상,,,,
2020041800100538,2020년 4월 18일 23시,토요일,충청북도 음성군 대소면,경상사고,0,0,2,0,차대차 - 측면충돌,안전운전불이행,건조,맑음,교차로 - 교차로안,승용,남,19세,상해없음,승용,여,48세,경상
2020041900100007,2020년 4월 19일 00시,일요일,충청북도 청주시 서원구 사창동,경상사고,0,0,1,0,차대사람 - 기타,안전운전불이행,건조,맑음,교차로 - 교차로부근,화물,남,32세,상해없음,보행자,여,21세,경상
2020041900100008,2020년 4월 19일 00시,일요일,충청북도 단양군 단양읍,경상사고,0,0,2,0,차대차 - 측면충돌,안전운전불이행,건조,맑음,기타 - 기타,이륜,남,15세,경상,승용,남,29세,경상
2020041900100035,2020년 4월 19일 01시,일요일,충청북도 청주시 흥덕구 봉명동,경상사고,0,0,1,0,차대차 - 추돌,안전운전불이행,건조,맑음,단일로 - 기타,이륜,남,25세,상해없음,승용,남,45세,경상
2020041900100036,2020년 4월 19일 01시,일요일,충청북도 청주시 흥덕구 복대동,경상사고,0,0,3,0,차대차 - 측면충돌,안전운전불이행,젖음/습기,비,단일로 - 기타,승용,남,64세,상해없음,화물,남,57세,상해없음
2020041900100148,2020년 4월 19일 13시,일요일,충청북도 청주시 상당구 수동,경상사고,0,0,2,0,차대차 - 측면충돌,안전운전불이행,기타,비,교차로 - 교차로안,화물,여,46세,경상,화물,남,67세,경상
2020041900100149,2020년 4월 19일 13시,일요일,충청북도 청주시 흥덕구 봉명동,경상사고,0,0,1,0,차대사람 - 차도통행중,안전운전불이행,젖음/습기,비,단일로 - 기타,승용,여,57세,상해없음,보행자,남,3세,경상
2020041900100179,2020년 4월 19일 14시,일요일,충청북도 청주시 서원구 남이면,경상사고,0,0,1,0,차대차 - 측면충돌,안전운전불이행,젖음/습기,비,단일로 - 기타,화물,남,41세,상해없음,승용,여,34세,경상
2020041900100200,2020년 4월 19일 15시,일요일,충청북도 충주시 달천동,경상사고,0,0,2,0,차대차 - 추돌,안전운전불이행,젖음/습기,비,교차로 - 교차로부근,화물,남,60세,상해없음,승용,남,44세,경상
2020041900100201,2020년 4월 19일 15시,일요일,충청북도 옥천군 옥천읍,경상사고,0,0,1,0,차대사람 - 횡단중,보행자보호의무위반,젖음/습기,비,단일로 - 기타,승용,남,66세,상해없음,보행자,여,59세,경상
2020041900100226,2020년 4월 19일 16시,일요일,충청북도 청주시 상당구 방서동,경상사고,0,0,2,0,차대차 - 측면충돌,안전운전불이행,젖음/습기,맑음,교차로 - 교차로안,화물,남,57세,상해없음,승용,남,65세,경상
2020041900100250,2020년 4월 19일 17시,일요일,충청북도 청주시 흥덕구 복대동,경상사고,0,0,2,0,차대차 - 측면충돌,안전거리미확보,젖음/습기,비,교차로 - 교차로부근,승용,남,49세,상해없음,승용,남,33세,경상
2020041900100270,2020년 4월 19일 18시,일요일,충청북도 청주시 흥덕구 강내면,경상사고,0,0,2,0,차대차 - 추돌,안전거리미확보,젖음/습기,비,교차로 - 교차로부근,승용,남,43세,상해없음,승용,여,24세,경상
2020041900100304,2020년 4월 19일 19시,일요일,충청북도 음성군 맹동면,경상사고,0,0,2,0,차대차 - 측면충돌,교차로운행방법위반,젖음/습기,비,교차로 - 교차로안,이륜,남,58세,경상,화물,남,60세,상해없음
2020041900100305,2020년 4월 19일 19시,일요일,충청북도 청주시 흥덕구 복대동,중상사고,0,1,0,0,차대차 - 기타,신호위반,젖음/습기,비,교차로 - 교차로안,승용,남,36세,상해없음,이륜,남,40세,중상
2020042000100043,2020년 4월 20일 06시,월요일,충청북도 청주시 청원구 주성동,중상사고,0,2,1,0,차대차 - 측면충돌,안전거리미확보,건조,맑음,단일로 - 기타,승용,남,67세,경상,화물,남,71세,중상
2020042000100044,2020년 4월 20일 06시,월요일,충청북도 충주시 대소원면,경상사고,0,0,1,0,차대차 - 기타,안전거리미확보,건조,맑음,단일로 - 기타,승합,여,56세,상해없음,화물,남,52세,경상
2020042000100056,2020년 4월 20일 07시,월요일,충청북도 진천군 초평면,중상사고,0,1,0,0,차대차 - 추돌,안전거리미확보,건조,맑음,단일로 - 기타,승합,남,59세,상해없음,승용,남,55세,중상
2020042000100110,2020년 4월 20일 09시,월요일,충청북도 청주시 청원구 내덕동,중상사고,0,1,0,0,차대사람 - 기타,기타,건조,맑음,기타 - 기타,승합,남,54세,상해없음,보행자,여,83세,중상
2020042000100111,2020년 4월 20일 09시,월요일,충청북도 청주시 상당구 용암동,경상사고,0,0,1,0,차대차 - 추돌,안전운전불이행,건조,맑음,교차로 - 교차로부근,승용,남,52세,상해없음,승용,남,26세,경상
2020042000100197,2020년 4월 20일 12시,월요일,충청북도 청주시 청원구 오창읍,경상사고,0,0,1,0,차대차 - 측면충돌,신호위반,건조,맑음,교차로 - 교차로안,승용,남,67세,상해없음,승용,남,70세,경상
2020042000100198,2020년 4월 20일 12시,월요일,충청북도 진천군 초평면,중상사고,0,1,1,0,차대차 - 측면충돌,안전운전불이행,건조,맑음,단일로 - 지하차도(도로)내,화물,남,55세,중상,승용,남,49세,경상
2020042000100231,2020년 4월 20일 13시,월요일,충청북도 청주시 상당구 영동,경상사고,0,0,1,0,차대차 - 기타,신호위반,건조,맑음,교차로 - 교차로안,승용,남,52세,상해없음,승용,여,72세,경상