사고번호,사고일시,요일,시군구,사고내용,사망자수,중상자수,경상자수,부상신고자수,사고유형,법규위반,노면상태,기상상태,도로형태,가해운전자 차종,가해운전자 성별,가해운전자 연령,가해운전자 상해정도,피해운전자 차종,피해운전자 성별,피해운전자 연령,피해운전자 상해정도
2020042000100232,2020년 4월 20일 13시,월요일,충청북도 제천시 장락동,경상사고,0,0,1,0,차대차 - 추돌,안전운전불이행,건조,흐림,교차로 - 교차로부근,승용,남,21세,기타불명,승용,남,44세,경상
2020042000100270,2020년 4월 20일 14시,월요일,충청북도 청주시 상당구 영운동,경상사고,0,0,1,0,차대사람 - 길가장자리구역통행중,안전운전불이행,건조,맑음,단일로 - 지하차도(도로)내,승용,여,56세,상해없음,보행자,여,83세,경상
2020042000100373,2020년 4월 20일 17시,월요일,충청북도 청주시 청원구 오창읍,경상사고,0,0,1,0,차대차 - 추돌,안전운전불이행,건조,맑음,교차로 - 교차로부근,승용,여,47세,상해없음,승용,남,29세,경상
2020042000100374,2020년 4월 20일 17시,월요일,충청북도 충주시 충인동,중상사고,0,1,0,0,차대차 - 기타,안전운전불이행,건조,맑음,교차로 - 교차로안,승용,남,44세,상해없음,승용,남,31세,중상
2020042000100375,2020년 4월 20일 17시,월요일,충청북도 괴산군 사리면,중상사고,0,1,1,0,차대차 - 정면충돌,중앙선침범,젖음/습기,비,단일로 - 기타,화물,남,67세,상해없음,승용,남,58세,경상
2020042000100376,2020년 4월 20일 17시,월요일,충청북도 청주시 흥덕구 강서동,경상사고,0,0,3,0,차대차 - 측면충돌,신호위반,건조,맑음,교차로 - 교차로안,승용,남,77세,경상,화물,남,57세,경상
2020042000100403,2020년 4월 20일 18시,월요일,충청북도 충주시 연수동,중상사고,0,1,1,0,차대차 - 측면충돌,안전운전불이행,건조,맑음,단일로 - 기타,승용,남,62세,상해없음,승용,남,27세,중상
2020042000100441,2020년 4월 20일 19시,월요일,충청북도 청주시 청원구 율량동,경상사고,0,0,1,0,차대차 - 기타,교차로운행방법위반,건조,맑음,교차로 - 교차로안,화물,남,74세,상해없음,승용,남,62세,경상
2020042000100442,2020년 4월 20일 19시,월요일,충청북도 청주시 서원구 모충동,경상사고,0,0,2,0,차대차 - 추돌,기타,건조,맑음,단일로 - 기타,이륜,남,32세,경상,승용,남,42세,경상
2020042000100527,2020년 4월 20일 23시,월요일,충청북도 청주시 청원구 율량동,경상사고,0,0,3,0,차대차 - 추돌,안전운전불이행,건조,맑음,단일로 - 기타,승용,남,26세,상해없음,승용,여,37세,경상
2020042100100056,2020년 4월 21일 07시,화요일,충청북도 제천시 금성면,중상사고,0,1,5,0,차대차 - 추돌,안전거리미확보,건조,맑음,단일로 - 기타,승용,여,52세,상해없음,화물,남,46세,경상
2020042100100085,2020년 4월 21일 08시,화요일,충청북도 제천시 강제동,경상사고,0,0,1,0,차대차 - 측면충돌,안전운전불이행,건조,맑음,교차로 - 교차로안,화물,남,64세,상해없음,승용,남,43세,경상
2020042100100086,2020년 4월 21일 08시,화요일,충청북도 보은군 탄부면,중상사고,0,1,0,0,차대차 - 측면충돌,교차로운행방법위반,건조,맑음,교차로 - 교차로안,화물,남,66세,상해없음,이륜,남,81세,중상
2020042100100118,2020년 4월 21일 09시,화요일,충청북도 제천시 화산동,중상사고,0,1,0,0,차대차 - 측면충돌,안전운전불이행,건조,맑음,교차로 - 교차로안,화물,남,76세,중상,화물,남,53세,상해없음
2020042100100144,2020년 4월 21일 10시,화요일,충청북도 제천시 청전동,경상사고,0,0,1,0,차대사람 - 기타,안전운전불이행,건조,맑음,주차장 - 주차장,승용,여,59세,상해없음,보행자,여,58세,경상
2020042100100193,2020년 4월 21일 12시,화요일,충청북도 제천시 서부동,경상사고,0,0,1,0,차대차 - 측면충돌,안전거리미확보,건조,맑음,단일로 - 기타,승용,여,32세,상해없음,이륜,남,42세,경상
2020042100100194,2020년 4월 21일 12시,화요일,충청북도 진천군 덕산면,중상사고,0,1,0,0,차대사람 - 기타,안전운전불이행,건조,맑음,단일로 - 기타,승용,남,63세,상해없음,보행자,남,59세,중상
2020042100100230,2020년 4월 21일 13시,화요일,충청북도 진천군 진천읍,경상사고,0,0,1,0,차대차 - 측면충돌,교차로운행방법위반,건조,맑음,단일로 - 기타,화물,남,51세,상해없음,승용,여,40세,경상
2020042100100231,2020년 4월 21일 13시,화요일,충청북도 청주시 서원구 산남동,경상사고,0,0,1,0,차대사람 - 횡단중,신호위반,건조,맑음,교차로 - 교차로안,승용,여,59세,상해없음,보행자,남,68세,경상
2020042100100256,2020년 4월 21일 14시,화요일,충청북도 보은군 마로면,경상사고,0,0,1,0,차량단독 - 공작물충돌,안전운전불이행,건조,맑음,단일로 - 기타,이륜,남,38세,경상,,,,
2020042100100257,2020년 4월 21일 14시,화요일,충청북도 청주시 흥덕구 평동,중상사고,0,1,1,0,차대차 - 기타,안전운전불이행,건조,맑음,단일로 - 기타,이륜,남,70세,중상,특수,남,53세,상해없음
2020042100100292,2020년 4월 21일 15시,화요일,충청북도 청주시 청원구 북이면,중상사고,0,2,0,0,차대차 - 기타,안전운전불이행,건조,맑음,단일로 - 기타,화물,남,48세,상해없음,승용,여,35세,중상
2020042100100325,2020년 4월 21일 16시,화요일,충청북도 청주시 청원구 오창읍,경상사고,0,0,1,0,차대차 - 기타,안전운전불이행,건조,맑음,교차로 - 교차로부근,화물,남,59세,상해없음,승용,남,23세,경상
2020042100100326,2020년 4월 21일 16시,화요일,충청북도 제천시 고암동,경상사고,0,0,1,0,차대차 - 기타,안전운전불이행,건조,맑음,기타 - 기타,이륜,남,47세,경상,승용,여,28세,상해없음
2020042100100360,2020년 4월 21일 17시,화요일,충청북도 청주시 흥덕구 비하동,중상사고,0,1,2,0,차대차 - 추돌,안전운전불이행,건조,맑음,교차로 - 교차로부근,승용,남,50세,상해없음,승용,남,40세,중상
2020042100100411,2020년 4월 21일 18시,화요일,충청북도 영동군 영동읍,중상사고,0,1,0,0,차대사람 - 횡단중,안전운전불이행,건조,맑음,교차로 - 교차로부근,화물,남,60세,상해없음,보행자,남,64세,중상
2020042100100412,2020년 4월 21일 18시,화요일,충청북도 영동군 용산면,중상사고,0,1,0,0,차량단독 - 도로외이탈 - 기타,안전운전불이행,건조,맑음,단일로 - 기타,이륜,남,27세,중상,,,,
2020042100100413,2020년 4월 21일 18시,화요일,충청북도 증평군 도안면,중상사고,0,2,1,0,차대차 - 측면충돌,안전운전불이행,건조,맑음,교차로 - 교차로부근,승용,남,44세,경상,화물,여,62세,중상
2020042100100460,2020년 4월 21일 20시,화요일,충청북도 음성군 음성읍,중상사고,0,1,0,0,차대사람 - 보도통행중,안전운전불이행,건조,맑음,교차로 - 교차로부근,승용,남,47세,상해없음,보행자,남,71세,중상
2020042100100537,2020년 4월 21일 23시,화요일,충청북도 충주시 목행동,경상사고,0,0,1,0,차대사람 - 기타,안전운전불이행,건조,맑음,교차로 - 교차로부근,승용,남,42세,상해없음,보행자,남,30세,경상
2020042200100007,2020년 4월 22일 00시,수요일,충청북도 청주시 서원구 성화동,사망사고,1,0,1,0,차대차 - 추돌,안전운전불이행,건조,맑음,단일로 - 기타,화물,남,38세,사망,화물,남,65세,상해없음
2020042200100049,2020년 4월 22일 05시,수요일,충청북도 청주시 서원구 수곡동,경상사고,0,0,2,0,차량단독 - 전도전복 - 전복,안전운전불이행,건조,맑음,단일로 - 지하차도(도로)내,이륜,남,19세,경상,,,,
2020042200100060,2020년 4월 22일 06시,수요일,충청북도 청주시 청원구 오창읍,경상사고,0,0,1,0,차대차 - 기타,교차로운행방법위반,건조,맑음,교차로 - 교차로안,화물,여,57세,상해없음,승용,남,38세,경상
2020042200100102,2020년 4월 22일 08시,수요일,충청북도 충주시 문화동,경상사고,0,0,1,0,차대차 - 측면충돌,안전운전불이행,건조,맑음,단일로 - 기타,원동기,남,57세,경상,승용,남,46세,상해없음
2020042200100103,2020년 4월 22일 08시,수요일,충청북도 제천시 동현동,경상사고,0,0,2,0,차대차 - 기타,안전거리미확보,건조,맑음,교차로 - 교차로부근,승용,여,43세,경상,승용,여,26세,경상
2020042200100104,2020년 4월 22일 08시,수요일,충청북도 음성군 금왕읍,경상사고,0,0,1,0,차대차 - 측면충돌,안전운전불이행,건조,맑음,단일로 - 기타,건설기계,남,45세,경상,화물,남,62세,상해없음
2020042200100105,2020년 4월 22일 08시,수요일,충청북도 청주시 서원구 성화동,경상사고,0,0,1,0,차대차 - 측면충돌,안전운전불이행,건조,맑음,교차로 - 교차로안,승용,남,28세,상해없음,승용,여,48세,경상
2020042200100106,2020년 4월 22일 08시,수요일,충청북도 청주시 상당구 영동,경상사고,0,0,1,0,차대차 - 기타,기타,건조,맑음,단일로 - 기타,승용,남,66세,상해없음,이륜,남,65세,경상
2020042200100132,2020년 4월 22일 09시,수요일,충청북도 청주시 흥덕구 송절동,중상사고,0,1,0,1,차대차 - 측면충돌,안전운전불이행,건조,맑음,단일로 - 기타,승용,남,42세,부상신고,승용,남,27세,중상
2020042200100184,2020년 4월 22일 11시,수요일,충청북도 청주시 서원구 산남동,중상사고,0,1,0,0,차대사람 - 기타,보행자보호의무위반,건조,맑음,교차로 - 교차로안,화물,남,27세,상해없음,보행자,여,83세,중상
2020042200100216,2020년 4월 22일 12시,수요일,충청북도 음성군 감곡면,경상사고,0,0,1,0,차대차 - 측면충돌,안전운전불이행,건조,맑음,단일로 - 기타,화물,남,66세,상해없음,승용,여,64세,경상
2020042200100217,2020년 4월 22일 12시,수요일,충청북도 청주시 상당구 남주동,경상사고,0,0,2,0,차대차 - 측면충돌,신호위반,건조,맑음,교차로 - 교차로안,화물,남,63세,상해없음,승용,남,47세,경상
2020042200100302,2020년 4월 22일 15시,수요일,충청북도 청주시 흥덕구 가경동,중상사고,0,1,1,0,차대차 - 측면충돌,안전운전불이행,건조,맑음,교차로 - 교차로부근,승용,여,34세,경상,승용,남,49세,중상
2020042200100337,2020년 4월 22일 16시,수요일,충청북도 청주시 서원구 성화동,경상사고,0,0,1,0,차대차 - 기타,안전운전불이행,건조,맑음,교차로 - 교차로안,승용,남,21세,상해없음,화물,남,49세,경상
2020042200100380,2020년 4월 22일 17시,수요일,충청북도 충주시 산척면,중상사고,0,5,2,0,차대차 - 기타,안전운전불이행,건조,맑음,교차로 - 교차로부근,승용,남,63세,경상,승용,남,68세,중상
2020042200100410,2020년 4월 22일 18시,수요일,충청북도 청주시 흥덕구 복대동,중상사고,0,1,0,0,차대차 - 기타,교차로운행방법위반,건조,맑음,교차로 - 교차로안,승합,남,56세,상해없음,이륜,남,35세,중상
2020042200100438,2020년 4월 22일 19시,수요일,충청북도 음성군 대소면,중상사고,0,1,0,0,차대사람 - 차도통행중,안전운전불이행,건조,맑음,교차로 - 교차로부근,이륜,남,41세,상해없음,보행자,남,58세,중상
2020042200100490,2020년 4월 22일 21시,수요일,충청북도 진천군 덕산면,경상사고,0,0,1,0,차대차 - 정면충돌,중앙선침범,건조,맑음,단일로 - 기타,승용,남,59세,기타불명,승용,남,43세,경상
2020042200100491,2020년 4월 22일 21시,수요일,충청북도 청주시 상당구 용암동,중상사고,0,1,0,0,차대차 - 기타,안전거리미확보,건조,맑음,단일로 - 지하차도(도로)내,화물,남,63세,상해없음,승용,남,26세,중상
2020042200100514,2020년 4월 22일 22시,수요일,충청북도 청주시 상당구 용암동,경상사고,0,0,1,0,차대차 - 측면충돌,신호위반,건조,맑음,교차로 - 교차로안,승용,남,34세,상해없음,승용,남,33세,경상
2020042200100534,2020년 4월 22일 23시,수요일,충청북도 청주시 흥덕구 복대동,중상사고,0,1,0,0,차대사람 - 횡단중,신호위반,건조,맑음,교차로 - 교차로횡단보도내,승용,여,53세,상해없음,보행자,남,63세,중상
2020042300100077,2020년 4월 23일 07시,목요일,충청북도 괴산군 연풍면,중상사고,0,1,0,0,차대차 - 추돌,안전운전불이행,건조,맑음,단일로 - 기타,화물,남,63세,중상,화물,남,43세,상해없음
2020042300100078,2020년 4월 23일 07시,목요일,충청북도 청주시 상당구 탑동,중상사고,0,1,0,0,차대사람 - 횡단중,보행자보호의무위반,건조,맑음,교차로 - 교차로횡단보도내,승용,여,59세,상해없음,보행자,남,87세,중상
2020042300100102,2020년 4월 23일 08시,목요일,충청북도 청주시 흥덕구 오송읍,경상사고,0,0,2,0,차대차 - 측면충돌,안전운전불이행,건조,맑음,교차로 - 교차로안,승용,남,29세,경상,승용,여,36세,경상
2020042300100135,2020년 4월 23일 09시,목요일,충청북도 괴산군 문광면,중상사고,0,1,0,0,차대차 - 정면충돌,중앙선침범,건조,맑음,단일로 - 기타,승합,남,63세,상해없음,이륜,남,75세,중상
2020042300100160,2020년 4월 23일 10시,목요일,충청북도 보은군 보은읍,경상사고,0,0,5,0,차대차 - 측면충돌,신호위반,건조,맑음,교차로 - 교차로안,승용,여,63세,경상,화물,남,35세,경상
2020042300100161,2020년 4월 23일 10시,목요일,충청북도 청주시 흥덕구 오송읍,중상사고,0,1,0,0,차대차 - 측면충돌,불법유턴,건조,맑음,교차로 - 교차로부근,화물,남,26세,상해없음,승용,남,49세,중상
2020042300100231,2020년 4월 23일 13시,목요일,충청북도 음성군 음성읍,경상사고,0,0,1,0,차대차 - 후진중충돌,안전운전불이행,건조,맑음,단일로 - 기타,승용,남,78세,상해없음,승용,남,49세,경상
2020042300100288,2020년 4월 23일 15시,목요일,충청북도 청주시 흥덕구 가경동,경상사고,0,0,3,0,차대차 - 추돌,안전운전불이행,건조,맑음,단일로 - 기타,이륜,남,49세,상해없음,이륜,남,44세,상해없음
2020042300100322,2020년 4월 23일 16시,목요일,충청북도 충주시 중앙탑면,경상사고,0,0,3,0,차대차 - 추돌,안전운전불이행,건조,맑음,교차로 - 교차로부근,승용,여,55세,상해없음,승용,남,35세,경상
2020042300100323,2020년 4월 23일 16시,목요일,충청북도 청주시 상당구 남일면,중상사고,0,1,0,0,차대차 - 측면충돌,안전운전불이행,건조,맑음,단일로 - 지하차도(도로)내,승용,남,56세,상해없음,자전거,남,79세,중상
2020042300100362,2020년 4월 23일 17시,목요일,충청북도 진천군 문백면,경상사고,0,0,3,0,차대차 - 추돌,안전운전불이행,건조,맑음,단일로 - 기타,화물,남,26세,상해없음,승용,여,65세,경상
2020042300100363,2020년 4월 23일 17시,목요일,충청북도 청주시 흥덕구 신봉동,중상사고,0,1,3,0,차대차 - 추돌,안전운전불이행,건조,맑음,단일로 - 기타,승용,여,53세,경상,화물,남,67세,경상
2020042300100364,2020년 4월 23일 17시,목요일,충청북도 청주시 흥덕구 지동동,경상사고,0,0,1,0,차대차 - 기타,안전거리미확보,건조,맑음,교차로 - 교차로부근,화물,남,57세,상해없음,승용,남,66세,경상
2020042300100413,2020년 4월 23일 18시,목요일,충청북도 괴산군 괴산읍,중상사고,0,1,0,0,차대차 - 기타,안전거리미확보,건조,맑음,단일로 - 기타,승합,남,42세,상해없음,승용,남,24세,중상
2020042300100414,2020년 4월 23일 18시,목요일,충청북도 청주시 흥덕구 오송읍,경상사고,0,0,1,0,차대차 - 기타,교차로운행방법위반,건조,맑음,교차로 - 교차로안,화물,남,62세,상해없음,화물,남,20세,경상
2020042300100453,2020년 4월 23일 19시,목요일,충청북도 청주시 서원구 개신동,경상사고,0,0,1,0,차대차 - 측면충돌,기타,건조,맑음,교차로 - 교차로안,이륜,남,17세,상해없음,이륜,남,51세,경상
2020042300100454,2020년 4월 23일 19시,목요일,충청북도 괴산군 괴산읍,부상신고사고,0,0,0,1,차대차 - 측면충돌,과속,건조,맑음,교차로 - 교차로안,화물,남,63세,부상신고,화물,여,59세,상해없음
2020042300100480,2020년 4월 23일 20시,목요일,충청북도 제천시 신백동,경상사고,0,0,1,0,차대사람 - 차도통행중,중앙선침범,건조,맑음,기타 - 기타,승용,여,50세,상해없음,보행자,여,25세,경상
2020042300100481,2020년 4월 23일 20시,목요일,충청북도 청주시 흥덕구 복대동,경상사고,0,0,1,0,차대차 - 기타,안전거리미확보,건조,맑음,단일로 - 기타,승용,남,61세,상해없음,이륜,남,35세,경상
2020042300100507,2020년 4월 23일 21시,목요일,충청북도 청주시 흥덕구 송절동,경상사고,0,0,3,0,차대차 - 후진중충돌,안전운전불이행,건조,맑음,단일로 - 기타,승용,남,49세,상해없음,승용,남,54세,경상
2020042300100531,2020년 4월 23일 22시,목요일,충청북도 청주시 청원구 율량동,경상사고,0,0,2,0,차대차 - 추돌,안전운전불이행,건조,맑음,교차로 - 교차로부근,승용,여,37세,상해없음,승용,남,26세,경상
2020042300100532,2020년 4월 23일 22시,목요일,충청북도 충주시 교현동,경상사고,0,0,1,0,차대차 - 측면충돌,안전운전불이행,건조,맑음,교차로 - 교차로부근,승용,남,61세,상해없음,이륜,남,34세,경상
2020042300100533,2020년 4월 23일 22시,목요일,충청북도 음성군 음성읍,중상사고,0,1,1,0,차대차 - 측면충돌,교차로운행방법위반,건조,맑음,교차로 - 교차로안,승용,여,60세,중상,승용,남,71세,경상
2020042300100542,2020년 4월 23일 23시,목요일,충청북도 제천시 중앙로2가,경상사고,0,0,1,1,차대차 - 추돌,안전운전불이행,건조,맑음,교차로 - 교차로부근,승용,남,52세,상해없음,승용,남,51세,부상신고
2020042400100029,2020년 4월 24일 01시,금요일,충청북도 제천시 강제동,경상사고,0,0,1,1,차대차 - 정면충돌,안전운전불이행,건조,맑음,교차로 - 교차로부근,승용,남,27세,부상신고,화물,남,46세,경상
2020042400100030,2020년 4월 24일 01시,금요일,충청북도 진천군 광혜원면,중상사고,0,1,0,0,차대차 - 정면충돌,안전운전불이행,건조,맑음,단일로 - 기타,승용,여,51세,상해없음,승용,남,56세,중상
2020042400100041,2020년 4월 24일 03시,금요일,충청북도 음성군 금왕읍,경상사고,0,0,2,0,차대차 - 후진중충돌,안전운전불이행,건조,맑음,주차장 - 주차장,승용,여,14세,상해없음,승용,남,21세,경상
2020042400100042,2020년 4월 24일 03시,금요일,충청북도 청주시 상당구 석교동,경상사고,0,0,1,0,차대사람 - 기타,안전운전불이행,건조,맑음,단일로 - 기타,화물,남,53세,상해없음,보행자,남,25세,경상
2020042400100080,2020년 4월 24일 07시,금요일,충청북도 영동군 학산면,경상사고,0,0,1,0,차대차 - 측면충돌,안전운전불이행,건조,맑음,교차로 - 교차로안,이륜,남,81세,경상,화물,남,66세,상해없음
2020042400100081,2020년 4월 24일 07시,금요일,충청북도 청주시 흥덕구 비하동,경상사고,0,0,1,0,차대차 - 측면충돌,안전운전불이행,건조,맑음,교차로 - 교차로안,승용,남,24세,상해없음,승용,여,33세,경상
2020042400100163,2020년 4월 24일 10시,금요일,충청북도 청주시 청원구 오창읍,경상사고,0,0,2,0,차대차 - 추돌,안전운전불이행,건조,맑음,교차로 - 교차로부근,승용,여,60세,경상,화물,남,57세,경상
2020042400100164,2020년 4월 24일 10시,금요일,충청북도 청주시 흥덕구 강내면,경상사고,0,0,1,0,차대차 - 측면충돌,안전운전불이행,건조,맑음,단일로 - 기타,승용,여,69세,상해없음,승용,남,82세,경상
2020042400100205,2020년 4월 24일 11시,금요일,충청북도 음성군 맹동면,중상사고,0,1,0,0,차대차 - 측면충돌,중앙선침범,건조,맑음,단일로 - 기타,화물,남,56세,상해없음,승용,남,57세,중상
2020042400100206,2020년 4월 24일 11시,금요일,충청북도 청주시 서원구 분평동,경상사고,0,0,1,0,차대사람 - 길가장자리구역통행중,안전운전불이행,건조,맑음,교차로 - 교차로부근,승용,여,57세,상해없음,보행자,남,49세,경상
2020042400100239,2020년 4월 24일 12시,금요일,충청북도 청주시 서원구 개신동,경상사고,0,0,1,0,차대차 - 기타,신호위반,건조,맑음,교차로 - 교차로안,승용,여,44세,상해없음,승용,남,26세,경상
2020042400100272,2020년 4월 24일 13시,금요일,충청북도 음성군 소이면,경상사고,0,0,2,0,차대차 - 정면충돌,과속,건조,맑음,교차로 - 교차로부근,승용,여,59세,경상,이륜,남,88세,경상
2020042400100273,2020년 4월 24일 13시,금요일,충청북도 진천군 덕산면,경상사고,0,0,1,0,차대차 - 추돌,안전운전불이행,건조,맑음,교차로 - 교차로부근,승용,남,30세,경상,화물,남,62세,상해없음
2020042400100305,2020년 4월 24일 14시,금요일,충청북도 제천시 장락동,경상사고,0,0,2,0,차대차 - 추돌,안전거리미확보,건조,맑음,교차로 - 교차로부근,화물,남,55세,상해없음,화물,남,40세,경상
2020042400100357,2020년 4월 24일 15시,금요일,충청북도 제천시 영천동,경상사고,0,0,1,0,차대차 - 기타,안전운전불이행,건조,맑음,교차로 - 교차로안,이륜,남,83세,경상,승용,남,48세,상해없음
2020042400100393,2020년 4월 24일 16시,금요일,충청북도 음성군 금왕읍,중상사고,0,1,0,0,차대차 - 측면충돌,교차로운행방법위반,건조,맑음,교차로 - 교차로안,승용,남,51세,상해없음,승용,남,65세,상해없음
2020042400100394,2020년 4월 24일 16시,금요일,충청북도 옥천군 옥천읍,중상사고,0,1,0,0,차대차 - 측면충돌,과속,건조,맑음,교차로 - 교차로부근,이륜,남,51세,중상,화물,남,54세,상해없음
2020042400100395,2020년 4월 24일 16시,금요일,충청북도 청주시 상당구 용암동,경상사고,0,0,1,0,차대사람 - 횡단중,안전운전불이행,건조,맑음,단일로 - 지하차도(도로)내,승용,여,39세,상해없음,보행자,남,51세,경상
2020042400100439,2020년 4월 24일 17시,금요일,충청북도 진천군 문백면,중상사고,0,1,0,0,차대차 - 측면충돌,직진우회전진행방해,건조,맑음,교차로 - 교차로안,승용,여,47세,상해없음,승합,남,41세,중상
2020042400100492,2020년 4월 24일 18시,금요일,충청북도 제천시 신월동,중상사고,0,1,0,0,차대차 - 기타,안전거리미확보,건조,맑음,단일로 - 기타,승용,남,58세,상해없음,승용,남,50세,중상
2020042400100493,2020년 4월 24일 18시,금요일,충청북도 진천군 덕산읍,경상사고,0,0,3,1,차대차 - 측면충돌,안전운전불이행,건조,맑음,교차로 - 교차로안,승용,여,49세,부상신고,승용,여,32세,경상
2020042400100526,2020년 4월 24일 19시,금요일,충청북도 청주시 서원구 사창동,경상사고,0,0,1,0,차대차 - 기타,안전운전불이행,건조,맑음,교차로 - 교차로부근,승용,남,42세,기타불명,승합,남,45세,상해없음
2020042400100558,2020년 4월 24일 20시,금요일,충청북도 괴산군 괴산읍,중상사고,0,1,1,0,차대차 - 추돌,안전운전불이행,건조,맑음,단일로 - 고가도로위,승용,남,34세,중상,농기계,남,50세,경상
2020042400100559,2020년 4월 24일 20시,금요일,충청북도 청주시 서원구 수곡동,중상사고,0,1,0,0,차대사람 - 횡단중,안전운전불이행,건조,맑음,교차로 - 교차로안,승용,남,72세,상해없음,보행자,여,75세,중상
2020042400100598,2020년 4월 24일 21시,금요일,충청북도 충주시 문화동,경상사고,0,0,1,0,차대차 - 정면충돌,안전운전불이행,건조,맑음,교차로 - 교차로안,승용,여,49세,상해없음,이륜,남,57세,경상
2020042400100599,2020년 4월 24일 21시,금요일,충청북도 청주시 흥덕구 복대동,경상사고,0,0,1,0,차대차 - 측면충돌,안전거리미확보,건조,맑음,단일로 - 기타,승용,남,37세,상해없음,승용,남,27세,경상
2020042400100617,2020년 4월 24일 22시,금요일,충청북도 청주시 청원구 우암동,중상사고,0,1,0,0,차대차 - 추돌,안전운전불이행,건조,맑음,단일로 - 기타,이륜,남,40세,중상,승용,남,61세,상해없음
2020042400100636,2020년 4월 24일 23시,금요일,충청북도 충주시 목행동,경상사고,0,0,2,0,차대차 - 측면충돌,안전거리미확보,건조,맑음,단일로 - 기타,승용,남,63세,상해없음,승용,남,47세,경상
2020042400100637,2020년 4월 24일 23시,금요일,충청북도 괴산군 괴산읍,경상사고,0,0,1,0,차대차 - 측면충돌,신호위반,건조,맑음,교차로 - 교차로안,승용,남,18세,상해없음,승용,남,35세,경상
2020042500100026,2020년 4월 25일 01시,토요일,충청북도 청주시 흥덕구 복대동,경상사고,0,0,1,0,차대차 - 기타,안전거리미확보,건조,맑음,교차로 - 교차로부근,이륜,남,34세,상해없음,승용,남,25세,경상
2020042500100040,2020년 4월 25일 02시,토요일,충청북도 청주시 흥덕구 운천동,경상사고,0,0,1,0,차대차 - 기타,신호위반,건조,맑음,교차로 - 교차로안,승용,남,47세,상해없음,승용,여,28세,경상
2020042500100065,2020년 4월 25일 05시,토요일,충청북도 청주시 흥덕구 지동동,부상신고사고,0,0,0,1,차량단독 - 공작물충돌,안전운전불이행,건조,맑음,단일로 - 기타,승용,남,59세,부상신고,,,,
2020042500100066,2020년 4월 25일 05시,토요일,충청북도 청주시 흥덕구 외북동,중상사고,0,1,0,0,차대차 - 측면충돌,신호위반,건조,맑음,교차로 - 교차로안,승용,남,73세,상해없음,승용,남,41세,중상
2020042500100093,2020년 4월 25일 07시,토요일,충청북도 증평군 증평읍,부상신고사고,0,0,0,1,차대차 - 측면충돌,안전운전불이행,건조,맑음,교차로 - 교차로안,승용,여,47세,부상신고,승합,남,57세,상해없음
2020042500100227,2020년 4월 25일 12시,토요일,충청북도 제천시 청전동,중상사고,0,1,0,0,차대사람 - 기타,보행자보호의무위반,건조,맑음,교차로 - 교차로횡단보도내,승용,남,56세,상해없음,보행자,여,74세,중상
2020042500100268,2020년 4월 25일 13시,토요일,충청북도 청주시 청원구 내덕동,중상사고,0,1,0,0,차대차 - 기타,직진우회전진행방해,건조,맑음,교차로 - 교차로안,승용,남,27세,상해없음,승용,남,44세,중상
2020042500100269,2020년 4월 25일 13시,토요일,충청북도 충주시 금릉동,경상사고,0,0,1,0,차대차 - 기타,안전운전불이행,건조,맑음,교차로 - 교차로안,승용,남,59세,기타불명,승용,남,69세,상해없음
2020042500100270,2020년 4월 25일 13시,토요일,충청북도 제천시 장락동,중상사고,0,1,0,0,차대사람 - 횡단중,보행자보호의무위반,건조,맑음,교차로 - 교차로횡단보도내,승용,여,50세,상해없음,보행자,여,44세,중상
2020042500100271,2020년 4월 25일 13시,토요일,충청북도 보은군 보은읍,경상사고,0,0,1,0,차대차 - 측면충돌,불법유턴,건조,맑음,단일로 - 기타,이륜,남,27세,경상,승용,여,61세,상해없음
2020042500100293,2020년 4월 25일 14시,토요일,충청북도 제천시 강제동,경상사고,0,0,1,0,차대차 - 추돌,안전거리미확보,건조,맑음,교차로 - 교차로부근,승용,여,19세,상해없음,승용,여,55세,경상
2020042500100294,2020년 4월 25일 14시,토요일,충청북도 단양군 대강면,경상사고,0,0,2,2,차대차 - 측면충돌,안전운전불이행,건조,맑음,교차로 - 교차로부근,승용,여,58세,경상,건설기계,남,46세,상해없음
2020042500100295,2020년 4월 25일 14시,토요일,충청북도 청주시 흥덕구 봉명동,경상사고,0,0,1,0,차대차 - 기타,직진우회전진행방해,건조,맑음,교차로 - 교차로안,이륜,남,19세,경상,승용,여,29세,상해없음
2020042500100323,2020년 4월 25일 15시,토요일,충청북도 충주시 교현동,경상사고,0,0,1,0,차대사람 - 차도통행중,안전운전불이행,건조,맑음,교차로 - 교차로부근,승용,여,24세,상해없음,보행자,여,24세,경상
2020042500100360,2020년 4월 25일 16시,토요일,충청북도 제천시 장락동,부상신고사고,0,0,0,1,차대차 - 정면충돌,신호위반,건조,맑음,교차로 - 교차로안,이륜,남,46세,부상신고,승합,남,24세,상해없음
2020042500100361,2020년 4월 25일 16시,토요일,충청북도 옥천군 군서면,중상사고,0,1,0,0,차대차 - 정면충돌,중앙선침범,건조,맑음,단일로 - 기타,이륜,남,28세,중상,승용,남,42세,상해없음
2020042500100362,2020년 4월 25일 16시,토요일,충청북도 진천군 덕산읍,경상사고,0,0,3,0,차대차 - 기타,안전운전불이행,건조,맑음,주차장 - 주차장,승용,남,58세,경상,승용,남,43세,경상
2020042500100363,2020년 4월 25일 16시,토요일,충청북도 청주시 흥덕구 봉명동,경상사고,0,0,1,0,차대차 - 측면충돌,교차로운행방법위반,건조,맑음,교차로 - 교차로안,승용,남,68세,상해없음,승용,남,21세,경상