사고번호,사고일시,요일,시군구,사고내용,사망자수,중상자수,경상자수,부상신고자수,사고유형,법규위반,노면상태,기상상태,도로형태,가해운전자 차종,가해운전자 성별,가해운전자 연령,가해운전자 상해정도,피해운전자 차종,피해운전자 성별,피해운전자 연령,피해운전자 상해정도
2020042500100364,2020년 4월 25일 16시,토요일,충청북도 청주시 상당구 용정동,중상사고,0,1,0,0,차대사람 - 기타,안전운전불이행,건조,맑음,단일로 - 기타,승용,여,51세,상해없음,보행자,여,87세,중상
2020042500100472,2020년 4월 25일 19시,토요일,충청북도 제천시 청전동,경상사고,0,0,1,0,차대차 - 추돌,안전운전불이행,건조,맑음,단일로 - 기타,이륜,남,33세,상해없음,승용,여,49세,상해없음
2020042500100473,2020년 4월 25일 19시,토요일,충청북도 영동군 상촌면,중상사고,0,1,0,0,차대차 - 측면충돌,안전운전불이행,건조,맑음,교차로 - 교차로안,승합,남,53세,상해없음,이륜,남,39세,중상
2020042500100537,2020년 4월 25일 21시,토요일,충청북도 청주시 청원구 오창읍,중상사고,0,1,3,0,차대차 - 추돌,안전운전불이행,건조,맑음,교차로 - 교차로부근,승용,남,52세,상해없음,승용,여,23세,중상
2020042500100586,2020년 4월 25일 23시,토요일,충청북도 충주시 교현동,사망사고,1,0,1,0,차대차 - 추돌,안전운전불이행,건조,맑음,교차로 - 교차로안,이륜,남,18세,사망,승용,남,38세,상해없음
2020042600100006,2020년 4월 26일 00시,일요일,충청북도 청주시 청원구 오창읍,중상사고,0,3,0,0,차대차 - 측면충돌,안전거리미확보,건조,기타,단일로 - 기타,승용,남,29세,중상,승용,남,23세,중상
2020042600100057,2020년 4월 26일 04시,일요일,충청북도 청주시 서원구 산남동,부상신고사고,0,0,0,1,차대차 - 추돌,안전운전불이행,건조,맑음,단일로 - 기타,이륜,남,24세,부상신고,승용,남,65세,상해없음
2020042600100062,2020년 4월 26일 05시,일요일,충청북도 청주시 서원구 사창동,부상신고사고,0,0,0,1,차대사람 - 횡단중,교차로운행방법위반,건조,맑음,교차로 - 교차로부근,승용,남,70세,상해없음,보행자,남,18세,부상신고
2020042600100063,2020년 4월 26일 05시,일요일,충청북도 청주시 흥덕구 복대동,경상사고,0,0,1,0,차대차 - 기타,안전운전불이행,건조,맑음,단일로 - 기타,승용,남,54세,상해없음,화물,남,47세,경상
2020042600100064,2020년 4월 26일 05시,일요일,충청북도 청주시 서원구 수곡동,경상사고,0,0,2,0,차대차 - 추돌,안전운전불이행,건조,맑음,단일로 - 지하차도(도로)내,승용,남,76세,상해없음,승용,여,39세,경상
2020042600100072,2020년 4월 26일 06시,일요일,충청북도 청주시 흥덕구 복대동,중상사고,0,2,1,0,차대차 - 측면충돌,신호위반,건조,맑음,교차로 - 교차로안,승용,여,51세,상해없음,승용,남,59세,경상
2020042600100077,2020년 4월 26일 07시,일요일,충청북도 제천시 흑석동,경상사고,0,0,1,0,차량단독 - 전도전복 - 전도,안전운전불이행,건조,맑음,단일로 - 기타,이륜,남,78세,경상,,,,
2020042600100093,2020년 4월 26일 08시,일요일,충청북도 충주시 봉방동,경상사고,0,0,1,0,차대차 - 기타,안전운전불이행,건조,맑음,단일로 - 기타,자전거,남,14세,경상,건설기계,남,52세,기타불명
2020042600100171,2020년 4월 26일 12시,일요일,충청북도 청주시 청원구 율량동,경상사고,0,0,1,0,차대차 - 추돌,안전운전불이행,건조,맑음,교차로 - 교차로부근,승용,여,22세,상해없음,승용,남,58세,경상
2020042600100172,2020년 4월 26일 12시,일요일,충청북도 단양군 단성면,경상사고,0,0,6,0,차대차 - 추돌,안전운전불이행,건조,맑음,교차로 - 교차로안,승용,여,63세,상해없음,화물,남,65세,경상
2020042600100173,2020년 4월 26일 12시,일요일,충청북도 청주시 상당구 남문로1가동,경상사고,0,0,1,0,차대차 - 측면충돌,안전운전불이행,건조,맑음,단일로 - 기타,승용,남,69세,상해없음,승용,남,42세,경상
2020042600100192,2020년 4월 26일 13시,일요일,충청북도 진천군 진천읍,경상사고,0,0,1,0,차대차 - 측면충돌,교차로운행방법위반,건조,맑음,교차로 - 교차로안,승용,남,27세,상해없음,승용,남,46세,경상
2020042600100217,2020년 4월 26일 14시,일요일,충청북도 청주시 상당구 석교동,경상사고,0,0,4,0,차대차 - 측면충돌,교차로운행방법위반,건조,맑음,교차로 - 교차로안,승용,남,60세,상해없음,승용,남,43세,경상
2020042600100247,2020년 4월 26일 15시,일요일,충청북도 청주시 청원구 주중동,경상사고,0,0,1,0,차대차 - 측면충돌,신호위반,건조,맑음,교차로 - 교차로안,승용,남,75세,상해없음,이륜,남,41세,경상
2020042600100248,2020년 4월 26일 15시,일요일,충청북도 음성군 생극면,중상사고,0,1,0,0,차량단독 - 공작물충돌,안전운전불이행,건조,맑음,기타 - 기타,이륜,남,59세,중상,,,,
2020042600100284,2020년 4월 26일 16시,일요일,충청북도 진천군 덕산면,경상사고,0,0,1,0,차대차 - 측면충돌,신호위반,건조,맑음,교차로 - 교차로안,승용,남,37세,기타불명,이륜,남,23세,경상
2020042600100323,2020년 4월 26일 17시,일요일,충청북도 음성군 금왕읍,경상사고,0,0,1,0,차대차 - 기타,안전운전불이행,건조,맑음,단일로 - 지하차도(도로)내,승용,남,26세,상해없음,화물,남,46세,경상
2020042600100355,2020년 4월 26일 18시,일요일,충청북도 청주시 서원구 성화동,경상사고,0,0,5,0,차대차 - 기타,기타,건조,맑음,단일로 - 기타,승용,남,47세,상해없음,승용,남,54세,경상
2020042600100382,2020년 4월 26일 19시,일요일,충청북도 제천시 화산동,부상신고사고,0,0,0,1,차대차 - 정면충돌,신호위반,건조,맑음,교차로 - 교차로안,이륜,남,19세,부상신고,승용,남,44세,상해없음
2020042600100383,2020년 4월 26일 19시,일요일,충청북도 음성군 금왕읍,경상사고,0,0,1,0,차대차 - 정면충돌,안전운전불이행,건조,맑음,교차로 - 교차로안,승용,남,14세,경상,승용,남,33세,상해없음
2020042600100384,2020년 4월 26일 19시,일요일,충청북도 진천군 진천읍,경상사고,0,0,1,0,차대차 - 추돌,안전운전불이행,건조,맑음,단일로 - 기타,화물,남,46세,상해없음,승용,남,55세,경상
2020042600100385,2020년 4월 26일 19시,일요일,충청북도 청주시 흥덕구 복대동,경상사고,0,0,1,0,차대차 - 기타,안전거리미확보,건조,맑음,단일로 - 기타,승용,남,64세,상해없음,이륜,남,31세,경상
2020042600100426,2020년 4월 26일 21시,일요일,충청북도 청주시 서원구 사직동,경상사고,0,0,1,0,차대사람 - 기타,교차로운행방법위반,건조,맑음,교차로 - 교차로안,승용,여,54세,상해없음,보행자,남,62세,경상
2020042600100427,2020년 4월 26일 21시,일요일,충청북도 제천시 청전동,경상사고,0,0,2,0,차대차 - 측면충돌,직진우회전진행방해,건조,흐림,교차로 - 교차로안,승용,남,59세,상해없음,화물,여,35세,경상
2020042600100428,2020년 4월 26일 21시,일요일,충청북도 청주시 상당구 용암동,경상사고,0,0,1,0,차대차 - 측면충돌,안전운전불이행,건조,맑음,교차로 - 교차로안,승용,남,63세,상해없음,이륜,남,33세,경상
2020042600100461,2020년 4월 26일 23시,일요일,충청북도 제천시 청전동,중상사고,0,1,0,0,차대사람 - 기타,안전운전불이행,건조,맑음,주차장 - 주차장,승용,여,59세,상해없음,보행자,여,60세,중상
2020042600100462,2020년 4월 26일 23시,일요일,충청북도 청주시 서원구 분평동,중상사고,0,1,0,0,차대차 - 측면충돌,안전운전불이행,건조,맑음,단일로 - 기타,승용,여,58세,상해없음,이륜,남,25세,중상
2020042700100090,2020년 4월 27일 08시,월요일,충청북도 청주시 상당구 용암동,경상사고,0,0,1,0,차대사람 - 횡단중,안전운전불이행,건조,맑음,교차로 - 교차로안,승용,남,47세,상해없음,보행자,여,21세,경상
2020042700100118,2020년 4월 27일 09시,월요일,충청북도 제천시 명지동,경상사고,0,0,1,0,차량단독 - 공작물충돌,안전운전불이행,건조,맑음,교차로 - 교차로부근,승용,남,49세,상해없음,,,,
2020042700100119,2020년 4월 27일 09시,월요일,충청북도 청주시 흥덕구 송정동,경상사고,0,0,1,0,차대사람 - 기타,안전운전불이행,건조,맑음,단일로 - 기타,화물,남,67세,상해없음,보행자,남,21세,경상
2020042700100150,2020년 4월 27일 10시,월요일,충청북도 청주시 흥덕구 오송읍,경상사고,0,0,2,0,차대차 - 측면충돌,안전거리미확보,건조,맑음,단일로 - 기타,승용,남,59세,상해없음,승용,남,39세,경상
2020042700100183,2020년 4월 27일 11시,월요일,충청북도 충주시 주덕읍,사망사고,1,1,0,0,차대차 - 측면충돌,안전운전불이행,건조,맑음,교차로 - 교차로안,승용,여,34세,상해없음,사륜오토바이(ATV),남,73세,사망
2020042700100264,2020년 4월 27일 13시,월요일,충청북도 청주시 서원구 죽림동,중상사고,0,1,0,0,차대차 - 기타,안전운전불이행,건조,맑음,단일로 - 기타,승용,남,31세,상해없음,승용,남,31세,중상
2020042700100299,2020년 4월 27일 14시,월요일,충청북도 충주시 교현동,중상사고,0,1,0,0,차대차 - 측면충돌,직진우회전진행방해,건조,맑음,교차로 - 교차로안,화물,남,77세,상해없음,원동기,남,30세,중상
2020042700100300,2020년 4월 27일 14시,월요일,충청북도 영동군 양산면,경상사고,0,0,1,0,차대차 - 정면충돌,중앙선침범,젖음/습기,비,교차로 - 교차로부근,화물,남,58세,상해없음,승용,여,55세,경상
2020042700100332,2020년 4월 27일 15시,월요일,충청북도 제천시 장락동,중상사고,0,1,0,0,차대사람 - 길가장자리구역통행중,안전운전불이행,건조,맑음,주차장 - 주차장,화물,남,43세,상해없음,보행자,여,3세,중상
2020042700100506,2020년 4월 27일 19시,월요일,충청북도 충주시 연수동,경상사고,0,0,1,0,차대차 - 측면충돌,기타,건조,맑음,교차로 - 교차로안,승용,남,45세,상해없음,자전거,남,37세,경상
2020042700100507,2020년 4월 27일 19시,월요일,충청북도 청주시 서원구 모충동,중상사고,0,1,0,0,차대차 - 측면충돌,교차로운행방법위반,건조,맑음,교차로 - 교차로안,승용,남,60세,상해없음,이륜,남,33세,중상
2020042700100541,2020년 4월 27일 20시,월요일,충청북도 음성군 금왕읍,경상사고,0,0,1,0,차대차 - 추돌,차로위반,건조,맑음,교차로 - 교차로안,원동기,남,55세,경상,승용,여,55세,상해없음
2020042700100569,2020년 4월 27일 21시,월요일,충청북도 청주시 서원구 사창동,경상사고,0,0,1,0,차대차 - 기타,기타,건조,맑음,교차로 - 교차로부근,승용,남,58세,상해없음,원동기,남,45세,경상
2020042700100594,2020년 4월 27일 22시,월요일,충청북도 음성군 음성읍,중상사고,0,1,0,0,차대차 - 측면충돌,안전운전불이행,건조,맑음,단일로 - 지하차도(도로)내,승용,남,45세,중상,화물,남,29세,상해없음
2020042800100040,2020년 4월 28일 04시,화요일,충청북도 옥천군 이원면,경상사고,0,0,1,0,차대차 - 추돌,안전운전불이행,건조,맑음,단일로 - 기타,자전거,남,23세,경상,특수,남,35세,기타불명
2020042800100057,2020년 4월 28일 06시,화요일,충청북도 충주시 금릉동,중상사고,0,1,0,0,차량단독 - 전도전복 - 전도,안전운전불이행,건조,맑음,기타 - 기타,자전거,남,58세,중상,,,,
2020042800100099,2020년 4월 28일 08시,화요일,충청북도 청주시 서원구 수곡동,중상사고,0,1,0,0,차대사람 - 차도통행중,안전운전불이행,건조,맑음,단일로 - 지하차도(도로)내,화물,남,58세,상해없음,보행자,남,43세,중상
2020042800100169,2020년 4월 28일 10시,화요일,충청북도 청주시 청원구 사천동,경상사고,0,0,1,0,차대차 - 측면충돌,안전운전불이행,건조,맑음,교차로 - 교차로안,이륜,남,27세,경상,승용,남,48세,기타불명
2020042800100170,2020년 4월 28일 10시,화요일,충청북도 충주시 성남동,경상사고,0,0,1,0,차대차 - 측면충돌,안전운전불이행,건조,맑음,단일로 - 기타,승용,남,59세,상해없음,승용,여,40세,경상
2020042800100171,2020년 4월 28일 10시,화요일,충청북도 청주시 서원구 장성동,중상사고,0,1,0,0,차대차 - 추돌,안전운전불이행,건조,맑음,단일로 - 지하차도(도로)내,승용,남,21세,상해없음,승용,남,69세,중상
2020042800100208,2020년 4월 28일 11시,화요일,충청북도 단양군 단양읍,중상사고,0,1,0,0,차대사람 - 기타,안전운전불이행,건조,맑음,주차장 - 주차장,화물,남,47세,상해없음,보행자,여,80세,중상
2020042800100240,2020년 4월 28일 12시,화요일,충청북도 충주시 연수동,경상사고,0,0,1,0,차대차 - 기타,안전운전불이행,건조,맑음,교차로 - 교차로부근,승용,남,63세,상해없음,승용,남,42세,경상
2020042800100241,2020년 4월 28일 12시,화요일,충청북도 제천시 고명동,경상사고,0,0,2,0,차대차 - 측면충돌,안전거리미확보,건조,맑음,단일로 - 기타,승용,남,49세,상해없음,승용,남,69세,경상
2020042800100242,2020년 4월 28일 12시,화요일,충청북도 증평군 증평읍,중상사고,0,1,0,0,차대차 - 정면충돌,신호위반,건조,맑음,교차로 - 교차로부근,승용,여,30세,상해없음,승용,남,52세,중상
2020042800100270,2020년 4월 28일 13시,화요일,충청북도 충주시 금가면,경상사고,0,0,1,0,차대차 - 추돌,안전운전불이행,건조,맑음,단일로 - 교량,특수,남,46세,경상,화물,남,26세,상해없음
2020042800100308,2020년 4월 28일 14시,화요일,충청북도 충주시 대소원면,중상사고,0,1,2,0,차대차 - 측면충돌,기타,건조,맑음,교차로 - 교차로안,화물,남,58세,경상,승용,남,28세,중상
2020042800100363,2020년 4월 28일 15시,화요일,충청북도 청주시 청원구 내덕동,중상사고,0,1,0,0,차량단독 - 기타,안전운전불이행,건조,맑음,단일로 - 기타,승합,기타불명,미분류,기타불명,,,,
2020042800100364,2020년 4월 28일 15시,화요일,충청북도 충주시 교현동,경상사고,0,0,1,0,차대차 - 기타,안전운전불이행,건조,맑음,교차로 - 교차로안,승용,여,42세,상해없음,승용,남,66세,경상
2020042800100365,2020년 4월 28일 15시,화요일,충청북도 청주시 상당구 서문동,경상사고,0,0,3,0,차대차 - 정면충돌,교차로운행방법위반,건조,맑음,교차로 - 교차로안,승용,남,68세,상해없음,승용,남,64세,경상
2020042800100399,2020년 4월 28일 16시,화요일,충청북도 청주시 상당구 남문로2가동,경상사고,0,0,4,0,차대차 - 측면충돌,안전운전불이행,건조,맑음,교차로 - 교차로부근,승용,여,31세,기타불명,승합,남,41세,경상
2020042800100435,2020년 4월 28일 17시,화요일,충청북도 영동군 상촌면,중상사고,0,1,0,0,차대차 - 정면충돌,안전운전불이행,건조,맑음,단일로 - 기타,화물,여,52세,상해없음,이륜,남,81세,중상
2020042800100436,2020년 4월 28일 17시,화요일,충청북도 단양군 매포읍,경상사고,0,0,5,0,차대차 - 추돌,안전운전불이행,건조,맑음,기타 - 기타,화물,남,78세,상해없음,승용,여,38세,경상
2020042800100483,2020년 4월 28일 18시,화요일,충청북도 충주시 연수동,경상사고,0,0,1,0,차대차 - 추돌,안전운전불이행,건조,맑음,단일로 - 기타,승합,남,42세,상해없음,승용,여,70세,경상
2020042800100484,2020년 4월 28일 18시,화요일,충청북도 충주시 용산동,중상사고,0,1,0,0,차대차 - 기타,안전운전불이행,건조,맑음,단일로 - 기타,승용,남,56세,상해없음,이륜,남,61세,중상
2020042800100527,2020년 4월 28일 19시,화요일,충청북도 청주시 서원구 수곡동,경상사고,0,0,1,0,차대차 - 측면충돌,교차로운행방법위반,건조,맑음,교차로 - 교차로부근,승용,여,65세,상해없음,자전거,남,81세,경상
2020042800100559,2020년 4월 28일 20시,화요일,충청북도 제천시 화산동,경상사고,0,0,6,0,차대차 - 측면충돌,신호위반,건조,맑음,교차로 - 교차로안,화물,남,37세,상해없음,승용,남,38세,경상
2020042800100584,2020년 4월 28일 21시,화요일,충청북도 청주시 서원구 모충동,경상사고,0,0,1,0,차대차 - 후진중충돌,안전운전불이행,건조,맑음,단일로 - 기타,승용,남,24세,상해없음,이륜,남,36세,경상
2020042800100585,2020년 4월 28일 21시,화요일,충청북도 청주시 청원구 오창읍,중상사고,0,1,0,0,차대차 - 추돌,안전운전불이행,건조,맑음,단일로 - 지하차도(도로)내,승용,여,26세,상해없음,승용,여,48세,중상
2020042800100630,2020년 4월 28일 23시,화요일,충청북도 청주시 흥덕구 봉명동,경상사고,0,0,1,0,차대사람 - 기타,안전운전불이행,건조,맑음,교차로 - 교차로부근,승용,남,24세,상해없음,보행자,남,49세,경상
2020042900100033,2020년 4월 29일 03시,수요일,충청북도 청주시 흥덕구 봉명동,경상사고,0,0,2,0,차대차 - 기타,신호위반,건조,맑음,교차로 - 교차로안,승용,남,23세,상해없음,승용,남,57세,경상
2020042900100066,2020년 4월 29일 07시,수요일,충청북도 제천시 하소동,경상사고,0,0,2,1,차대차 - 측면충돌,안전운전불이행,건조,맑음,단일로 - 기타,승용,여,55세,경상,화물,남,31세,경상
2020042900100151,2020년 4월 29일 10시,수요일,충청북도 제천시 남천동,경상사고,0,0,1,0,차대차 - 측면충돌,직진우회전진행방해,건조,맑음,교차로 - 교차로안,승용,여,49세,상해없음,승용,남,65세,경상
2020042900100152,2020년 4월 29일 10시,수요일,충청북도 제천시 중앙로2가,부상신고사고,0,0,0,1,차대사람 - 기타,안전운전불이행,건조,맑음,단일로 - 기타,승용,여,59세,기타불명,보행자,남,31세,부상신고
2020042900100153,2020년 4월 29일 10시,수요일,충청북도 청주시 상당구 운동동,경상사고,0,0,2,0,차대차 - 기타,중앙선침범,건조,맑음,교차로 - 교차로안,승용,남,68세,상해없음,승용,남,32세,경상
2020042900100154,2020년 4월 29일 10시,수요일,충청북도 청주시 상당구 지북동,경상사고,0,0,2,0,차대차 - 추돌,안전운전불이행,건조,맑음,단일로 - 지하차도(도로)내,건설기계,남,68세,상해없음,승용,남,22세,경상
2020042900100226,2020년 4월 29일 12시,수요일,충청북도 충주시 중앙탑면,경상사고,0,0,2,0,차대차 - 기타,안전운전불이행,건조,맑음,교차로 - 교차로안,승용,여,58세,경상,승용,남,48세,경상
2020042900100227,2020년 4월 29일 12시,수요일,충청북도 제천시 장락동,경상사고,0,0,1,0,차대차 - 추돌,안전거리미확보,건조,맑음,교차로 - 교차로부근,승용,여,58세,상해없음,이륜,남,45세,경상
2020042900100228,2020년 4월 29일 12시,수요일,충청북도 증평군 증평읍,경상사고,0,0,1,0,차대차 - 측면충돌,안전운전불이행,건조,맑음,단일로 - 기타,승용,남,70세,상해없음,이륜,남,22세,경상
2020042900100257,2020년 4월 29일 13시,수요일,충청북도 충주시 봉방동,경상사고,0,0,1,0,차대차 - 정면충돌,기타,건조,맑음,교차로 - 교차로부근,승용,남,27세,상해없음,승용,남,51세,경상
2020042900100258,2020년 4월 29일 13시,수요일,충청북도 충주시 교현동,경상사고,0,0,1,0,차대차 - 측면충돌,안전운전불이행,건조,맑음,단일로 - 기타,승용,여,38세,상해없음,자전거,남,65세,경상
2020042900100259,2020년 4월 29일 13시,수요일,충청북도 충주시 봉방동,중상사고,0,2,0,1,차대차 - 기타,안전운전불이행,건조,맑음,단일로 - 기타,승합,여,31세,부상신고,승용,남,20세,중상
2020042900100293,2020년 4월 29일 14시,수요일,충청북도 충주시 달천동,사망사고,1,0,0,0,차대차 - 측면충돌,안전운전불이행,건조,맑음,교차로 - 교차로안,이륜,남,73세,사망,승용,남,44세,상해없음
2020042900100294,2020년 4월 29일 14시,수요일,충청북도 진천군 광혜원면,경상사고,0,0,2,0,차대차 - 정면충돌,중앙선침범,건조,맑음,단일로 - 기타,승용,여,62세,경상,승용,남,45세,경상
2020042900100295,2020년 4월 29일 14시,수요일,충청북도 청주시 상당구 서문동,부상신고사고,0,0,0,1,차대차 - 측면충돌,안전운전불이행,건조,맑음,단일로 - 기타,이륜,남,21세,부상신고,승용,남,56세,상해없음
2020042900100335,2020년 4월 29일 15시,수요일,충청북도 청주시 흥덕구 복대동,경상사고,0,0,1,0,차대차 - 기타,안전운전불이행,건조,맑음,단일로 - 기타,승용,남,27세,상해없음,승용,여,36세,상해없음
2020042900100385,2020년 4월 29일 16시,수요일,충청북도 충주시 연수동,경상사고,0,0,2,0,차대차 - 기타,교차로운행방법위반,건조,맑음,교차로 - 교차로안,승용,남,47세,상해없음,화물,남,55세,경상
2020042900100386,2020년 4월 29일 16시,수요일,충청북도 영동군 양강면,중상사고,0,1,0,0,차대차 - 추돌,안전운전불이행,건조,맑음,단일로 - 기타,화물,남,24세,상해없음,승용,여,57세,중상
2020042900100387,2020년 4월 29일 16시,수요일,충청북도 청주시 서원구 수곡동,중상사고,0,1,0,0,차대차 - 추돌,안전운전불이행,건조,맑음,교차로 - 교차로부근,화물,남,58세,상해없음,이륜,남,84세,중상
2020042900100435,2020년 4월 29일 17시,수요일,충청북도 청주시 청원구 오창읍,중상사고,0,1,0,0,차대사람 - 횡단중,보행자보호의무위반,건조,맑음,교차로 - 교차로횡단보도내,승용,남,59세,상해없음,보행자,남,75세,중상
2020042900100436,2020년 4월 29일 17시,수요일,충청북도 음성군 대소면,중상사고,0,1,0,0,차량단독 - 전도전복 - 전도,안전운전불이행,건조,맑음,단일로 - 지하차도(도로)내,이륜,남,67세,중상,,,,
2020042900100483,2020년 4월 29일 18시,수요일,충청북도 괴산군 사리면,중상사고,0,1,3,0,차대차 - 추돌,안전운전불이행,건조,맑음,교차로 - 교차로부근,승합,남,48세,상해없음,화물,남,59세,중상
2020042900100484,2020년 4월 29일 18시,수요일,충청북도 청주시 상당구 금천동,중상사고,0,3,0,0,차대차 - 정면충돌,중앙선침범,건조,맑음,단일로 - 기타,승용,남,56세,상해없음,승용,남,55세,중상
2020042900100530,2020년 4월 29일 19시,수요일,충청북도 청주시 흥덕구 강서동,중상사고,0,1,0,0,차대차 - 측면충돌,안전운전불이행,건조,맑음,교차로 - 교차로안,화물,남,43세,상해없음,승합,남,71세,중상
2020042900100531,2020년 4월 29일 19시,수요일,충청북도 충주시 대소원면,경상사고,0,0,2,0,차대차 - 추돌,안전운전불이행,건조,맑음,단일로 - 기타,승용,남,47세,상해없음,승용,남,52세,상해없음
2020042900100580,2020년 4월 29일 20시,수요일,충청북도 보은군 회인면,경상사고,0,0,2,0,차대차 - 정면충돌,안전운전불이행,건조,맑음,단일로 - 기타,화물,남,58세,경상,농기계,남,69세,경상
2020042900100581,2020년 4월 29일 20시,수요일,충청북도 음성군 감곡면,경상사고,0,0,1,0,차대차 - 측면충돌,중앙선침범,건조,맑음,교차로 - 교차로부근,승용,남,55세,상해없음,승용,남,31세,경상
2020042900100582,2020년 4월 29일 20시,수요일,충청북도 음성군 원남면,중상사고,0,1,0,0,차대차 - 측면충돌,중앙선침범,건조,맑음,단일로 - 기타,화물,남,47세,중상,화물,남,56세,상해없음
2020042900100583,2020년 4월 29일 20시,수요일,충청북도 청주시 상당구 용암동,중상사고,0,1,0,0,차대사람 - 횡단중,안전운전불이행,건조,맑음,단일로 - 기타,자전거,남,42세,상해없음,보행자,남,47세,중상
2020042900100619,2020년 4월 29일 21시,수요일,충청북도 청주시 청원구 내덕동,경상사고,0,0,1,0,차대차 - 기타,안전운전불이행,건조,맑음,교차로 - 교차로안,승용,남,29세,상해없음,자전거,남,57세,경상
2020042900100647,2020년 4월 29일 22시,수요일,충청북도 청주시 흥덕구 송정동,경상사고,0,0,1,0,차대차 - 추돌,안전운전불이행,건조,맑음,단일로 - 기타,승용,남,31세,상해없음,승용,여,47세,경상
2020042900100648,2020년 4월 29일 22시,수요일,충청북도 청주시 서원구 모충동,경상사고,0,0,2,0,차대차 - 측면충돌,신호위반,건조,맑음,교차로 - 교차로안,승용,남,26세,상해없음,승용,남,53세,경상
2020042900100649,2020년 4월 29일 22시,수요일,충청북도 음성군 대소면,중상사고,0,1,3,0,차대차 - 측면충돌,안전운전불이행,건조,맑음,단일로 - 지하차도(도로)내,승용,여,58세,경상,승용,남,68세,경상
2020042900100681,2020년 4월 29일 23시,수요일,충청북도 제천시 장락동,중상사고,0,2,1,0,차대차 - 정면충돌,신호위반,건조,맑음,교차로 - 교차로안,승용,여,47세,상해없음,승용,남,60세,경상
2020042900100682,2020년 4월 29일 23시,수요일,충청북도 제천시 청전동,경상사고,0,0,3,0,차대차 - 측면충돌,직진우회전진행방해,건조,맑음,교차로 - 교차로안,승용,남,33세,경상,승용,남,33세,경상
2020043000100042,2020년 4월 30일 02시,목요일,충청북도 청주시 흥덕구 옥산면,경상사고,0,0,1,0,차대차 - 측면충돌,안전운전불이행,건조,맑음,기타 - 기타,승용,남,32세,상해없음,화물,남,54세,경상
2020043000100089,2020년 4월 30일 06시,목요일,충청북도 옥천군 옥천읍,경상사고,0,0,2,0,차대차 - 측면충돌,안전운전불이행,건조,맑음,단일로 - 기타,승용,남,44세,상해없음,특수,남,54세,경상
2020043000100107,2020년 4월 30일 07시,목요일,충청북도 청주시 흥덕구 원평동,경상사고,0,0,1,0,차대차 - 기타,안전거리미확보,건조,맑음,단일로 - 기타,화물,남,48세,상해없음,승용,여,49세,상해없음
2020043000100118,2020년 4월 30일 08시,목요일,충청북도 증평군 증평읍,중상사고,0,1,0,0,차대차 - 측면충돌,안전운전불이행,건조,맑음,교차로 - 교차로부근,건설기계,남,57세,상해없음,승용,남,67세,중상
2020043000100155,2020년 4월 30일 10시,목요일,충청북도 청주시 서원구 수곡동,경상사고,0,0,2,0,차대차 - 측면충돌,안전운전불이행,건조,맑음,교차로 - 교차로부근,승용,남,59세,상해없음,승용,남,22세,경상
2020043000100188,2020년 4월 30일 11시,목요일,충청북도 음성군 생극면,사망사고,1,0,0,0,차대사람 - 기타,안전운전불이행,건조,맑음,단일로 - 기타,승용,여,41세,상해없음,보행자,남,84세,사망
2020043000100222,2020년 4월 30일 12시,목요일,충청북도 제천시 영천동,중상사고,0,1,0,0,차대차 - 측면충돌,안전거리미확보,건조,맑음,교차로 - 교차로부근,승용,여,37세,상해없음,자전거,남,77세,중상
2020043000100223,2020년 4월 30일 12시,목요일,충청북도 제천시 신백동,중상사고,0,1,0,0,차대차 - 후진중충돌,안전운전불이행,건조,맑음,단일로 - 기타,화물,남,51세,상해없음,승용,남,64세,중상
2020043000100224,2020년 4월 30일 12시,목요일,충청북도 영동군 학산면,중상사고,0,1,1,0,차대차 - 정면충돌,중앙선침범,건조,맑음,단일로 - 기타,승용,남,83세,경상,승용,남,73세,중상
2020043000100270,2020년 4월 30일 13시,목요일,충청북도 음성군 음성읍,경상사고,0,0,1,0,차량단독 - 공작물충돌,안전운전불이행,건조,맑음,단일로 - 지하차도(도로)내,화물,남,54세,경상,,,,
2020043000100271,2020년 4월 30일 13시,목요일,충청북도 청주시 흥덕구 복대동,경상사고,0,0,1,0,차대차 - 측면충돌,안전거리미확보,건조,맑음,단일로 - 기타,승용,남,36세,상해없음,원동기,남,40세,경상
2020043000100311,2020년 4월 30일 14시,목요일,충청북도 청주시 상당구 석교동,경상사고,0,0,1,0,차대사람 - 횡단중,안전운전불이행,건조,맑음,단일로 - 기타,승용,남,51세,상해없음,보행자,여,63세,경상
2020043000100312,2020년 4월 30일 14시,목요일,충청북도 청주시 상당구 지북동,중상사고,0,1,0,0,차대차 - 기타,안전운전불이행,건조,맑음,단일로 - 기타,승용,여,31세,상해없음,자전거,남,24세,중상
2020043000100352,2020년 4월 30일 15시,목요일,충청북도 진천군 이월면,경상사고,0,0,1,0,차대차 - 기타,안전운전불이행,건조,맑음,단일로 - 기타,승용,여,55세,경상,승용,여,41세,상해없음
2020043000100396,2020년 4월 30일 16시,목요일,충청북도 청주시 상당구 북문로3가동,경상사고,0,0,1,0,차대차 - 기타,차로위반,건조,맑음,단일로 - 기타,승용,남,37세,상해없음,화물,남,32세,경상
2020043000100435,2020년 4월 30일 17시,목요일,충청북도 충주시 지현동,중상사고,0,1,0,0,차대사람 - 보도통행중,안전운전불이행,건조,맑음,단일로 - 기타,자전거,남,14세,상해없음,보행자,여,60세,중상