사고번호,사고일시,요일,시군구,사고내용,사망자수,중상자수,경상자수,부상신고자수,사고유형,법규위반,노면상태,기상상태,도로형태,가해운전자 차종,가해운전자 성별,가해운전자 연령,가해운전자 상해정도,피해운전자 차종,피해운전자 성별,피해운전자 연령,피해운전자 상해정도
2020050600100191,2020년 5월 6일 11시,수요일,충청북도 청주시 흥덕구 복대동,경상사고,0,0,1,0,차대사람 - 횡단중,보행자보호의무위반,건조,맑음,교차로 - 교차로횡단보도내,승용,여,51세,상해없음,보행자,남,69세,경상
2020050600100230,2020년 5월 6일 12시,수요일,충청북도 제천시 금성면,경상사고,0,0,2,0,차대차 - 기타,안전운전불이행,건조,맑음,단일로 - 기타,특수,남,44세,상해없음,승용,여,54세,경상
2020050600100320,2020년 5월 6일 14시,수요일,충청북도 옥천군 옥천읍,경상사고,0,0,1,0,차대사람 - 기타,안전운전불이행,건조,맑음,단일로 - 기타,승용,남,25세,상해없음,보행자,남,66세,경상
2020050600100321,2020년 5월 6일 14시,수요일,충청북도 보은군 회인면,중상사고,0,1,4,0,차대차 - 추돌,안전운전불이행,건조,맑음,단일로 - 지하차도(도로)내,화물,남,36세,중상,승용,남,36세,경상
2020050600100357,2020년 5월 6일 15시,수요일,충청북도 단양군 단양읍,경상사고,0,0,1,0,차대차 - 기타,안전운전불이행,건조,맑음,교차로 - 교차로안,승용,여,49세,상해없음,이륜,남,24세,경상
2020050600100404,2020년 5월 6일 16시,수요일,충청북도 충주시 연수동,경상사고,0,0,4,0,차대차 - 기타,신호위반,건조,맑음,교차로 - 교차로안,승용,남,19세,상해없음,승용,남,48세,경상
2020050600100405,2020년 5월 6일 16시,수요일,충청북도 충주시 봉방동,경상사고,0,0,2,0,차대차 - 기타,직진우회전진행방해,건조,맑음,교차로 - 교차로안,승용,여,50세,경상,화물,남,53세,경상
2020050600100459,2020년 5월 6일 17시,수요일,충청북도 충주시 산척면,경상사고,0,0,1,0,차대차 - 기타,안전운전불이행,건조,맑음,단일로 - 기타,화물,남,65세,기타불명,승용,남,48세,경상
2020050600100460,2020년 5월 6일 17시,수요일,충청북도 제천시 동현동,경상사고,0,0,2,0,차대차 - 측면충돌,직진우회전진행방해,건조,맑음,교차로 - 교차로안,승용,남,82세,상해없음,승용,남,47세,경상
2020050600100461,2020년 5월 6일 17시,수요일,충청북도 진천군 진천읍,중상사고,0,2,2,0,차대차 - 측면충돌,안전거리미확보,건조,맑음,단일로 - 기타,화물,남,37세,상해없음,승용,남,39세,경상
2020050600100517,2020년 5월 6일 18시,수요일,충청북도 청주시 청원구 오창읍,경상사고,0,0,1,0,차대차 - 측면충돌,교차로운행방법위반,건조,맑음,교차로 - 교차로안,승용,남,76세,상해없음,승용,남,23세,경상
2020050600100518,2020년 5월 6일 18시,수요일,충청북도 제천시 신백동,경상사고,0,0,4,0,차대차 - 정면충돌,중앙선침범,건조,맑음,단일로 - 지하차도(도로)내,승용,남,31세,상해없음,승용,여,50세,경상
2020050600100519,2020년 5월 6일 18시,수요일,충청북도 청주시 흥덕구 비하동,경상사고,0,0,1,0,차대차 - 기타,안전운전불이행,건조,맑음,단일로 - 기타,승용,남,42세,상해없음,승용,여,31세,경상
2020050600100520,2020년 5월 6일 18시,수요일,충청북도 청주시 상당구 지북동,경상사고,0,0,1,0,차대차 - 측면충돌,불법유턴,건조,맑음,교차로 - 교차로안,승합,남,25세,상해없음,승용,여,51세,경상
2020050600100521,2020년 5월 6일 18시,수요일,충청북도 청주시 상당구 영동,경상사고,0,0,1,0,차대차 - 측면충돌,기타,건조,맑음,기타 - 기타,승용,남,35세,상해없음,이륜,남,16세,경상
2020050600100590,2020년 5월 6일 20시,수요일,충청북도 청주시 흥덕구 신촌동,중상사고,0,1,1,0,차대차 - 측면충돌,신호위반,건조,맑음,교차로 - 교차로안,승용,남,30세,상해없음,승용,여,33세,중상
2020050600100645,2020년 5월 6일 22시,수요일,충청북도 청주시 흥덕구 복대동,경상사고,0,0,2,0,차대차 - 추돌,안전운전불이행,건조,맑음,교차로 - 교차로부근,승용,남,59세,상해없음,승용,여,36세,경상
2020050600100646,2020년 5월 6일 22시,수요일,충청북도 청주시 상당구 용암동,경상사고,0,0,2,0,차대차 - 측면충돌,안전운전불이행,건조,맑음,교차로 - 교차로부근,이륜,남,17세,기타불명,승용,남,56세,경상
2020050700100006,2020년 5월 7일 00시,목요일,충청북도 청주시 청원구 오창읍,경상사고,0,0,3,0,차대차 - 기타,안전운전불이행,건조,맑음,단일로 - 기타,승용,남,55세,상해없음,승용,남,44세,기타불명
2020050700100120,2020년 5월 7일 08시,목요일,충청북도 충주시 연수동,중상사고,0,1,1,0,차대차 - 기타,안전운전불이행,건조,맑음,단일로 - 기타,승용,여,54세,경상,화물,남,56세,상해없음
2020050700100121,2020년 5월 7일 08시,목요일,충청북도 진천군 이월면,중상사고,0,1,0,0,차대차 - 측면충돌,안전운전불이행,건조,맑음,단일로 - 기타,승합,남,35세,상해없음,이륜,남,71세,중상
2020050700100122,2020년 5월 7일 08시,목요일,충청북도 청주시 서원구 남이면,경상사고,0,0,10,0,차대차 - 추돌,안전거리미확보,건조,맑음,단일로 - 기타,승합,남,36세,상해없음,승합,남,65세,경상
2020050700100123,2020년 5월 7일 08시,목요일,충청북도 청주시 흥덕구 봉명동,경상사고,0,0,2,0,차대차 - 측면충돌,안전운전불이행,건조,맑음,단일로 - 기타,승용,여,40세,경상,승용,남,77세,경상
2020050700100124,2020년 5월 7일 08시,목요일,충청북도 청주시 상당구 서운동,중상사고,0,1,2,0,차대차 - 측면충돌,안전운전불이행,건조,맑음,교차로 - 교차로부근,승용,남,71세,상해없음,승용,남,33세,중상
2020050700100162,2020년 5월 7일 09시,목요일,충청북도 청주시 서원구 개신동,경상사고,0,0,1,0,차대차 - 측면충돌,신호위반,건조,맑음,교차로 - 교차로안,승용,여,43세,상해없음,승용,남,39세,경상
2020050700100198,2020년 5월 7일 10시,목요일,충청북도 청주시 청원구 내덕동,경상사고,0,0,2,0,차대차 - 기타,차로위반,건조,맑음,단일로 - 기타,화물,남,62세,상해없음,승용,여,47세,경상
2020050700100199,2020년 5월 7일 10시,목요일,충청북도 충주시 앙성면,경상사고,0,0,1,0,차대사람 - 기타,안전운전불이행,건조,맑음,단일로 - 기타,승용,남,45세,상해없음,보행자,남,47세,경상
2020050700100200,2020년 5월 7일 10시,목요일,충청북도 옥천군 청산면,경상사고,0,0,1,0,차대차 - 후진중충돌,불법유턴,건조,흐림,주차장 - 주차장,승용,남,58세,상해없음,이륜,남,80세,경상
2020050700100240,2020년 5월 7일 11시,목요일,충청북도 제천시 중앙로1가,중상사고,0,1,0,0,차대사람 - 횡단중,보행자보호의무위반,건조,맑음,교차로 - 교차로횡단보도내,화물,남,57세,상해없음,보행자,여,79세,중상
2020050700100282,2020년 5월 7일 12시,목요일,충청북도 진천군 진천읍,경상사고,0,0,5,0,차대차 - 측면충돌,중앙선침범,건조,맑음,단일로 - 기타,화물,남,72세,상해없음,승용,남,25세,경상
2020050700100316,2020년 5월 7일 13시,목요일,충청북도 보은군 회남면,경상사고,0,0,1,0,차대차 - 추돌,안전운전불이행,건조,맑음,단일로 - 기타,화물,남,65세,상해없음,자전거,남,34세,경상
2020050700100317,2020년 5월 7일 13시,목요일,충청북도 청주시 흥덕구 복대동,중상사고,0,1,0,0,차대차 - 측면충돌,안전운전불이행,건조,맑음,교차로 - 교차로횡단보도내,승용,남,49세,상해없음,자전거,남,83세,중상
2020050700100394,2020년 5월 7일 15시,목요일,충청북도 청주시 흥덕구 운천동,경상사고,0,0,3,0,차대차 - 기타,안전운전불이행,건조,맑음,단일로 - 기타,승용,남,28세,상해없음,승용,여,58세,경상
2020050700100434,2020년 5월 7일 16시,목요일,충청북도 청주시 청원구 오창읍,경상사고,0,0,2,0,차대차 - 기타,안전운전불이행,건조,맑음,교차로 - 교차로부근,기타불명,기타불명,미분류,기타불명,승용,남,41세,경상
2020050700100534,2020년 5월 7일 18시,목요일,충청북도 청주시 청원구 오창읍,경상사고,0,0,1,0,차대차 - 후진중충돌,안전운전불이행,건조,맑음,단일로 - 기타,승용,남,49세,상해없음,승용,여,32세,경상
2020050700100535,2020년 5월 7일 18시,목요일,충청북도 충주시 중앙탑면,경상사고,0,0,1,0,차대차 - 기타,신호위반,건조,맑음,교차로 - 교차로안,이륜,남,52세,경상,승용,남,47세,상해없음
2020050700100574,2020년 5월 7일 19시,목요일,충청북도 충주시 연수동,중상사고,0,1,1,0,차대차 - 측면충돌,직진우회전진행방해,건조,맑음,교차로 - 교차로안,승용,여,52세,경상,승용,남,21세,중상
2020050700100575,2020년 5월 7일 19시,목요일,충청북도 청주시 상당구 영운동,경상사고,0,0,1,0,차대사람 - 기타,안전운전불이행,건조,맑음,단일로 - 기타,승합,남,45세,상해없음,보행자,여,39세,경상
2020050700100601,2020년 5월 7일 20시,목요일,충청북도 청주시 상당구 남일면,중상사고,0,1,0,0,차대사람 - 기타,중앙선침범,건조,맑음,단일로 - 기타,화물,남,31세,상해없음,보행자,남,49세,중상
2020050700100630,2020년 5월 7일 21시,목요일,충청북도 청주시 상당구 문화동,경상사고,0,0,1,0,차대차 - 기타,안전운전불이행,건조,맑음,교차로 - 교차로안,승용,남,56세,상해없음,승합,남,49세,상해없음
2020050700100673,2020년 5월 7일 23시,목요일,충청북도 청주시 흥덕구 봉명동,부상신고사고,0,0,0,1,차대차 - 측면충돌,직진우회전진행방해,건조,맑음,교차로 - 교차로안,승용,남,62세,부상신고,승용,남,42세,상해없음
2020050700100674,2020년 5월 7일 23시,목요일,충청북도 청주시 상당구 용암동,경상사고,0,0,1,0,차대차 - 측면충돌,안전운전불이행,건조,맑음,단일로 - 기타,화물,여,53세,상해없음,원동기,남,49세,경상
2020050800100060,2020년 5월 8일 07시,금요일,충청북도 옥천군 동이면,중상사고,0,4,0,0,차대차 - 기타,신호위반,건조,맑음,교차로 - 교차로안,승용,남,51세,상해없음,승용,남,36세,중상
2020050800100125,2020년 5월 8일 09시,금요일,충청북도 청주시 흥덕구 신봉동,경상사고,0,0,2,0,차대차 - 기타,교차로운행방법위반,건조,맑음,교차로 - 교차로안,승용,여,63세,경상,승용,여,64세,경상
2020050800100152,2020년 5월 8일 10시,금요일,충청북도 충주시 금가면,중상사고,0,1,0,0,차대차 - 기타,중앙선침범,건조,맑음,단일로 - 기타,건설기계,남,48세,상해없음,기타불명,남,65세,중상
2020050800100230,2020년 5월 8일 12시,금요일,충청북도 증평군 증평읍,중상사고,0,1,0,0,차대차 - 측면충돌,안전거리미확보,건조,맑음,단일로 - 기타,승용,남,26세,상해없음,원동기,남,77세,중상
2020050800100231,2020년 5월 8일 12시,금요일,충청북도 청주시 서원구 개신동,경상사고,0,0,2,0,차대차 - 기타,교차로운행방법위반,건조,맑음,교차로 - 교차로부근,승용,남,58세,상해없음,승용,남,24세,경상
2020050800100258,2020년 5월 8일 13시,금요일,충청북도 청주시 상당구 북문로2가동,경상사고,0,0,2,0,차대차 - 측면충돌,안전운전불이행,건조,맑음,교차로 - 교차로안,승용,여,47세,상해없음,승용,여,45세,경상
2020050800100259,2020년 5월 8일 13시,금요일,충청북도 청주시 청원구 오창읍,중상사고,0,1,0,0,차대차 - 기타,안전거리미확보,건조,흐림,교차로 - 교차로부근,화물,남,63세,상해없음,승용,여,35세,중상
2020050800100260,2020년 5월 8일 13시,금요일,충청북도 청주시 청원구 율량동,경상사고,0,0,5,0,차대차 - 기타,교차로운행방법위반,건조,맑음,교차로 - 교차로안,승용,남,50세,경상,승용,여,39세,경상
2020050800100332,2020년 5월 8일 15시,금요일,충청북도 청주시 서원구 모충동,경상사고,0,0,1,0,차대차 - 후진중충돌,안전운전불이행,건조,맑음,교차로 - 교차로안,승용,여,42세,상해없음,이륜,남,53세,경상
2020050800100368,2020년 5월 8일 16시,금요일,충청북도 충주시 연수동,중상사고,0,1,0,0,차대차 - 측면충돌,직진우회전진행방해,건조,맑음,교차로 - 교차로부근,승용,여,51세,상해없음,이륜,남,20세,중상
2020050800100404,2020년 5월 8일 17시,금요일,충청북도 청주시 흥덕구 가경동,경상사고,0,0,1,0,차대차 - 측면충돌,안전거리미확보,건조,맑음,교차로 - 교차로안,화물,남,70세,상해없음,이륜,남,42세,경상
2020050800100405,2020년 5월 8일 17시,금요일,충청북도 청주시 상당구 문의면,경상사고,0,0,1,0,차대차 - 측면충돌,안전운전불이행,건조,맑음,교차로 - 교차로안,화물,남,38세,상해없음,화물,남,43세,경상
2020050800100448,2020년 5월 8일 18시,금요일,충청북도 괴산군 괴산읍,경상사고,0,0,1,0,차대차 - 추돌,안전운전불이행,건조,맑음,교차로 - 교차로부근,승용,남,21세,상해없음,승용,남,47세,상해없음
2020050800100449,2020년 5월 8일 18시,금요일,충청북도 음성군 감곡면,경상사고,0,0,1,0,차대차 - 추돌,안전운전불이행,건조,맑음,교차로 - 교차로부근,승용,여,25세,상해없음,화물,남,32세,경상
2020050800100508,2020년 5월 8일 19시,금요일,충청북도 청주시 청원구 오창읍,중상사고,0,2,1,0,차대차 - 기타,중앙선침범,건조,맑음,교차로 - 교차로부근,승용,남,47세,중상,승용,남,59세,경상
2020050800100509,2020년 5월 8일 19시,금요일,충청북도 청주시 흥덕구 봉명동,중상사고,0,1,0,0,차대사람 - 횡단중,보행자보호의무위반,젖음/습기,비,교차로 - 교차로횡단보도내,승용,남,34세,상해없음,보행자,남,67세,중상
2020050800100510,2020년 5월 8일 19시,금요일,충청북도 청주시 상당구 용암동,부상신고사고,0,0,0,1,차대차 - 기타,안전운전불이행,젖음/습기,비,단일로 - 지하차도(도로)내,이륜,남,33세,부상신고,승용,남,36세,상해없음
2020050800100590,2020년 5월 8일 20시,금요일,충청북도 청주시 서원구 수곡동,경상사고,0,0,1,0,차대사람 - 횡단중,신호위반,젖음/습기,비,단일로 - 지하차도(도로)내,승용,여,49세,상해없음,보행자,남,27세,경상
2020050800100591,2020년 5월 8일 20시,금요일,충청북도 청주시 서원구 수곡동,경상사고,0,0,1,0,차대차 - 기타,안전운전불이행,젖음/습기,비,단일로 - 지하차도(도로)내,승용,여,55세,상해없음,이륜,남,38세,경상
2020050800100704,2020년 5월 8일 22시,금요일,충청북도 제천시 화산동,부상신고사고,0,0,0,1,차량단독 - 전도전복 - 전도,안전운전불이행,젖음/습기,비,단일로 - 기타,이륜,남,71세,부상신고,,,,
2020050800100742,2020년 5월 8일 23시,금요일,충청북도 충주시 주덕읍,경상사고,0,0,2,0,차대차 - 추돌,안전운전불이행,젖음/습기,비,단일로 - 기타,승합,남,56세,상해없음,화물,남,63세,상해없음
2020050900100045,2020년 5월 9일 01시,토요일,충청북도 청주시 흥덕구 복대동,경상사고,0,0,1,0,차대사람 - 횡단중,보행자보호의무위반,젖음/습기,비,교차로 - 교차로안,승용,남,42세,상해없음,보행자,남,21세,경상
2020050900100067,2020년 5월 9일 02시,토요일,충청북도 충주시 칠금동,경상사고,0,0,4,0,차대차 - 기타,안전거리미확보,젖음/습기,비,교차로 - 교차로부근,승용,남,23세,상해없음,승용,여,63세,경상
2020050900100126,2020년 5월 9일 08시,토요일,충청북도 충주시 금가면,경상사고,0,0,1,0,차량단독 - 공작물충돌,안전운전불이행,건조,맑음,기타 - 기타,원동기,남,48세,경상,,,,
2020050900100127,2020년 5월 9일 08시,토요일,충청북도 증평군 증평읍,경상사고,0,0,3,0,차대차 - 기타,안전거리미확보,건조,맑음,단일로 - 기타,승용,여,47세,상해없음,승용,남,31세,경상
2020050900100128,2020년 5월 9일 08시,토요일,충청북도 보은군 삼승면,사망사고,1,0,0,0,차량단독 - 전도전복 - 전도,안전운전불이행,젖음/습기,비,단일로 - 기타,이륜,여,84세,사망,,,,
2020050900100150,2020년 5월 9일 09시,토요일,충청북도 제천시 송학면,경상사고,0,0,2,0,차대차 - 정면충돌,중앙선침범,젖음/습기,비,단일로 - 지하차도(도로)내,승용,남,30세,경상,건설기계,남,43세,경상
2020050900100151,2020년 5월 9일 09시,토요일,충청북도 청주시 상당구 석교동,중상사고,0,1,0,0,차대차 - 측면충돌,안전운전불이행,젖음/습기,비,교차로 - 교차로안,승용,여,73세,상해없음,화물,남,54세,중상
2020050900100171,2020년 5월 9일 10시,토요일,충청북도 충주시 연수동,경상사고,0,0,1,0,차대차 - 기타,안전운전불이행,젖음/습기,비,단일로 - 기타,승용,여,55세,상해없음,원동기,남,40세,경상
2020050900100172,2020년 5월 9일 10시,토요일,충청북도 충주시 노은면,중상사고,0,1,1,0,차대차 - 측면충돌,교차로운행방법위반,젖음/습기,비,교차로 - 교차로안,화물,남,52세,중상,건설기계,남,46세,경상
2020050900100173,2020년 5월 9일 10시,토요일,충청북도 진천군 진천읍,경상사고,0,0,2,0,차대차 - 추돌,안전운전불이행,젖음/습기,흐림,단일로 - 기타,승용,남,32세,경상,승용,남,46세,경상
2020050900100269,2020년 5월 9일 13시,토요일,충청북도 청주시 흥덕구 봉명동,경상사고,0,0,1,0,차대차 - 기타,안전운전불이행,젖음/습기,비,단일로 - 기타,승용,남,26세,상해없음,이륜,남,35세,경상
2020050900100270,2020년 5월 9일 13시,토요일,충청북도 청주시 서원구 성화동,경상사고,0,0,2,0,차대차 - 추돌,안전운전불이행,젖음/습기,비,교차로 - 교차로부근,승용,여,40세,상해없음,승용,여,46세,경상
2020050900100271,2020년 5월 9일 13시,토요일,충청북도 청주시 상당구 용암동,중상사고,0,1,0,0,차대사람 - 차도통행중,신호위반,젖음/습기,비,교차로 - 교차로안,승용,여,41세,상해없음,보행자,여,77세,중상
2020050900100272,2020년 5월 9일 13시,토요일,충청북도 청주시 상당구 남일면,경상사고,0,0,2,0,차대차 - 측면충돌,차로위반,젖음/습기,비,단일로 - 지하차도(도로)내,승용,남,46세,상해없음,승용,남,39세,경상
2020050900100337,2020년 5월 9일 15시,토요일,충청북도 충주시 노은면,경상사고,0,0,2,0,차대차 - 기타,안전운전불이행,젖음/습기,눈,단일로 - 지하차도(도로)내,승합,여,42세,상해없음,승용,남,31세,경상
2020050900100370,2020년 5월 9일 16시,토요일,충청북도 음성군 원남면,경상사고,0,0,1,0,차량단독 - 도로외이탈 - 추락,안전운전불이행,건조,맑음,단일로 - 기타,화물,남,62세,경상,,,,
2020050900100371,2020년 5월 9일 16시,토요일,충청북도 청주시 흥덕구 봉명동,중상사고,0,1,0,0,차대사람 - 횡단중,보행자보호의무위반,젖음/습기,비,교차로 - 교차로부근,승용,남,49세,상해없음,보행자,여,75세,중상
2020050900100372,2020년 5월 9일 16시,토요일,충청북도 청주시 서원구 분평동,중상사고,0,1,0,0,차대차 - 측면충돌,신호위반,젖음/습기,비,교차로 - 교차로안,승용,남,75세,상해없음,승용,여,56세,중상
2020050900100433,2020년 5월 9일 18시,토요일,충청북도 증평군 증평읍,경상사고,0,0,3,0,차대차 - 추돌,안전운전불이행,건조,맑음,교차로 - 교차로부근,화물,남,48세,상해없음,승용,남,54세,경상
2020050900100434,2020년 5월 9일 18시,토요일,충청북도 청주시 흥덕구 강서동,경상사고,0,0,1,0,차대차 - 기타,안전운전불이행,건조,맑음,단일로 - 기타,승용,여,53세,상해없음,이륜,남,38세,경상
2020050900100435,2020년 5월 9일 18시,토요일,충청북도 청주시 흥덕구 복대동,경상사고,0,0,1,0,차대사람 - 횡단중,안전운전불이행,젖음/습기,맑음,단일로 - 기타,승용,남,27세,상해없음,보행자,남,9세,경상
2020050900100512,2020년 5월 9일 20시,토요일,충청북도 청주시 청원구 율량동,경상사고,0,0,1,0,차대사람 - 횡단중,보행자보호의무위반,젖음/습기,비,교차로 - 교차로횡단보도내,승용,남,57세,상해없음,보행자,남,64세,경상
2020050900100513,2020년 5월 9일 20시,토요일,충청북도 청주시 흥덕구 봉명동,경상사고,0,0,2,0,차대차 - 기타,안전운전불이행,건조,맑음,교차로 - 교차로안,승용,여,26세,경상,원동기,남,27세,경상
2020050900100538,2020년 5월 9일 21시,토요일,충청북도 충주시 칠금동,경상사고,0,0,1,0,차대차 - 기타,안전운전불이행,젖음/습기,비,교차로 - 교차로안,승용,남,44세,상해없음,승용,남,35세,경상
2020050900100539,2020년 5월 9일 21시,토요일,충청북도 음성군 대소면,중상사고,0,1,0,0,차대차 - 추돌,과속,젖음/습기,흐림,단일로 - 터널,특수,남,36세,상해없음,이륜,여,43세,중상
2020050900100540,2020년 5월 9일 21시,토요일,충청북도 진천군 진천읍,경상사고,0,0,1,0,차대차 - 측면충돌,안전운전불이행,건조,맑음,교차로 - 교차로안,승용,남,58세,기타불명,승용,남,54세,경상
2020051000100038,2020년 5월 10일 02시,일요일,충청북도 제천시 청전동,경상사고,0,0,1,0,차량단독 - 도로외이탈 - 추락,안전운전불이행,건조,맑음,단일로 - 지하차도(도로)내,승용,남,45세,경상,,,,
2020051000100039,2020년 5월 10일 02시,일요일,충청북도 음성군 원남면,중상사고,0,1,0,0,차대차 - 추돌,안전운전불이행,젖음/습기,비,단일로 - 기타,승용,남,58세,상해없음,농기계,남,66세,중상
2020051000100051,2020년 5월 10일 03시,일요일,충청북도 충주시 호암동,중상사고,0,1,0,0,차대차 - 측면충돌,직진우회전진행방해,젖음/습기,비,교차로 - 교차로안,승용,남,41세,상해없음,승용,남,18세,중상
2020051000100078,2020년 5월 10일 06시,일요일,충청북도 청주시 청원구 내덕동,중상사고,0,1,0,0,차대차 - 측면충돌,신호위반,건조,흐림,교차로 - 교차로안,승용,남,65세,상해없음,승합,남,60세,중상
2020051000100113,2020년 5월 10일 10시,일요일,충청북도 충주시 연수동,경상사고,0,0,3,0,차대차 - 추돌,안전운전불이행,건조,맑음,단일로 - 기타,화물,남,59세,상해없음,승용,남,72세,상해없음
2020051000100174,2020년 5월 10일 13시,일요일,충청북도 청주시 서원구 수곡동,경상사고,0,0,2,0,차대차 - 측면충돌,교차로운행방법위반,건조,맑음,교차로 - 교차로안,승용,남,37세,경상,승용,남,60세,경상
2020051000100195,2020년 5월 10일 14시,일요일,충청북도 청주시 흥덕구 봉명동,중상사고,0,1,0,0,차대차 - 측면충돌,안전운전불이행,건조,맑음,교차로 - 교차로부근,이륜,여,25세,중상,승용,여,20세,상해없음
2020051000100196,2020년 5월 10일 14시,일요일,충청북도 청주시 서원구 모충동,중상사고,0,1,1,0,차대사람 - 차도통행중,안전운전불이행,건조,맑음,기타 - 기타,자전거,여,40세,경상,보행자,여,33세,중상
2020051000100217,2020년 5월 10일 15시,일요일,충청북도 청주시 서원구 사직동,경상사고,0,0,1,0,차대차 - 추돌,안전운전불이행,건조,맑음,교차로 - 교차로부근,승용,남,72세,상해없음,승용,남,24세,경상
2020051000100218,2020년 5월 10일 15시,일요일,충청북도 충주시 칠금동,경상사고,0,0,3,0,차대차 - 추돌,안전운전불이행,건조,맑음,단일로 - 기타,승용,남,55세,상해없음,승용,남,37세,경상
2020051000100219,2020년 5월 10일 15시,일요일,충청북도 청주시 흥덕구 외북동,경상사고,0,0,1,0,차대차 - 기타,안전운전불이행,건조,맑음,단일로 - 기타,승용,여,42세,상해없음,화물,남,43세,경상
2020051000100249,2020년 5월 10일 16시,일요일,충청북도 청주시 흥덕구 신봉동,중상사고,0,1,0,0,차대차 - 측면충돌,안전거리미확보,건조,맑음,단일로 - 기타,승용,여,47세,상해없음,승용,남,46세,중상
2020051000100283,2020년 5월 10일 17시,일요일,충청북도 음성군 생극면,중상사고,0,1,2,0,차대차 - 측면충돌,안전운전불이행,건조,맑음,단일로 - 기타,승용,남,23세,경상,화물,남,60세,중상
2020051000100284,2020년 5월 10일 17시,일요일,충청북도 진천군 문백면,경상사고,0,0,3,0,차대차 - 추돌,안전거리미확보,건조,맑음,단일로 - 기타,승용,남,38세,경상,승용,남,38세,경상
2020051000100303,2020년 5월 10일 18시,일요일,충청북도 제천시 청전동,경상사고,0,0,4,0,차대차 - 측면충돌,교차로운행방법위반,건조,맑음,교차로 - 교차로안,승용,여,50세,상해없음,화물,남,58세,경상
2020051000100304,2020년 5월 10일 18시,일요일,충청북도 청주시 흥덕구 가경동,중상사고,0,1,1,0,차대차 - 측면충돌,중앙선침범,건조,맑음,교차로 - 교차로횡단보도내,이륜,남,42세,중상,승용,남,25세,경상
2020051000100305,2020년 5월 10일 18시,일요일,충청북도 청주시 상당구 용암동,중상사고,0,1,1,0,차대차 - 측면충돌,중앙선침범,건조,맑음,단일로 - 지하차도(도로)내,승용,남,61세,상해없음,이륜,남,27세,중상
2020051000100345,2020년 5월 10일 20시,일요일,충청북도 청주시 서원구 산남동,중상사고,0,1,0,0,차대차 - 측면충돌,신호위반,건조,맑음,교차로 - 교차로안,승용,남,28세,상해없음,이륜,남,28세,중상
2020051100100032,2020년 5월 11일 04시,월요일,충청북도 청주시 청원구 오창읍,경상사고,0,0,1,0,차대차 - 추돌,안전운전불이행,건조,맑음,단일로 - 기타,승용,남,32세,경상,화물,남,65세,기타불명
2020051100100039,2020년 5월 11일 05시,월요일,충청북도 진천군 광혜원면,경상사고,0,0,1,0,차대차 - 측면충돌,안전운전불이행,건조,맑음,교차로 - 교차로안,승용,남,63세,상해없음,화물,남,75세,경상
2020051100100040,2020년 5월 11일 05시,월요일,충청북도 청주시 서원구 남이면,경상사고,0,0,1,0,차대차 - 기타,차로위반,건조,맑음,단일로 - 기타,승용,남,30세,상해없음,승용,여,40세,경상
2020051100100059,2020년 5월 11일 06시,월요일,충청북도 충주시 신니면,중상사고,0,1,0,0,차대사람 - 기타,안전운전불이행,건조,맑음,교차로 - 교차로부근,승용,여,59세,상해없음,보행자,여,81세,중상
2020051100100080,2020년 5월 11일 07시,월요일,충청북도 청주시 청원구 내수읍,경상사고,0,0,2,0,차대차 - 기타,안전운전불이행,건조,맑음,교차로 - 교차로부근,승용,남,72세,상해없음,승용,남,30세,경상
2020051100100081,2020년 5월 11일 07시,월요일,충청북도 충주시 연수동,중상사고,0,1,0,0,차대사람 - 횡단중,안전운전불이행,건조,맑음,단일로 - 기타,승용,여,67세,상해없음,보행자,여,61세,중상
2020051100100153,2020년 5월 11일 09시,월요일,충청북도 제천시 장락동,중상사고,0,1,0,0,차대사람 - 횡단중,안전운전불이행,건조,맑음,교차로 - 교차로부근,승용,여,35세,상해없음,보행자,여,78세,중상
2020051100100193,2020년 5월 11일 10시,월요일,충청북도 청주시 청원구 내덕동,중상사고,0,1,0,0,차대사람 - 기타,안전운전불이행,건조,맑음,단일로 - 기타,승용,여,70세,상해없음,보행자,여,68세,중상
2020051100100194,2020년 5월 11일 10시,월요일,충청북도 청주시 청원구 정하동,중상사고,0,2,0,0,차대차 - 기타,안전거리미확보,건조,맑음,단일로 - 기타,자전거,남,56세,중상,자전거,여,50세,중상
2020051100100195,2020년 5월 11일 10시,월요일,충청북도 청주시 상당구 문의면,중상사고,0,1,0,0,차대차 - 측면충돌,안전운전불이행,건조,맑음,교차로 - 교차로안,승용,남,72세,상해없음,이륜,남,53세,중상
2020051100100351,2020년 5월 11일 14시,월요일,충청북도 청주시 청원구 내수읍,중상사고,0,2,2,0,차대차 - 기타,직진우회전진행방해,건조,맑음,교차로 - 교차로안,승용,여,53세,중상,승용,여,33세,중상
2020051100100404,2020년 5월 11일 15시,월요일,충청북도 청주시 상당구 대성동,중상사고,0,1,0,0,차대사람 - 횡단중,보행자보호의무위반,건조,맑음,교차로 - 교차로안,승용,여,28세,상해없음,보행자,여,74세,중상
2020051100100443,2020년 5월 11일 16시,월요일,충청북도 음성군 금왕읍,경상사고,0,0,1,0,차대차 - 기타,기타,건조,맑음,교차로 - 교차로부근,승용,남,63세,상해없음,승용,여,50세,경상
2020051100100482,2020년 5월 11일 17시,월요일,충청북도 충주시 연수동,경상사고,0,0,2,0,차대차 - 기타,직진우회전진행방해,건조,맑음,교차로 - 교차로안,승용,여,43세,경상,승용,남,62세,경상
2020051100100483,2020년 5월 11일 17시,월요일,충청북도 제천시 장락동,경상사고,0,0,1,0,차대차 - 측면충돌,중앙선침범,건조,맑음,단일로 - 기타,승용,남,39세,상해없음,승용,남,38세,경상