사고번호,사고일시,요일,시군구,사고내용,사망자수,중상자수,경상자수,부상신고자수,사고유형,법규위반,노면상태,기상상태,도로형태,가해운전자 차종,가해운전자 성별,가해운전자 연령,가해운전자 상해정도,피해운전자 차종,피해운전자 성별,피해운전자 연령,피해운전자 상해정도
2020051100100484,2020년 5월 11일 17시,월요일,충청북도 청주시 흥덕구 강내면,경상사고,0,0,2,0,차대차 - 측면충돌,직진우회전진행방해,건조,맑음,교차로 - 교차로안,승용,남,36세,상해없음,승용,남,56세,경상
2020051100100517,2020년 5월 11일 18시,월요일,충청북도 청주시 흥덕구 지동동,경상사고,0,0,1,0,차대차 - 측면충돌,교차로운행방법위반,건조,맑음,교차로 - 교차로안,승용,남,38세,상해없음,승용,여,32세,경상
2020051100100554,2020년 5월 11일 19시,월요일,충청북도 청주시 흥덕구 복대동,경상사고,0,0,1,0,차대사람 - 길가장자리구역통행중,안전운전불이행,건조,맑음,단일로 - 기타,승용,여,58세,상해없음,보행자,남,51세,경상
2020051100100582,2020년 5월 11일 20시,월요일,충청북도 제천시 청전동,경상사고,0,0,4,0,차대차 - 추돌,안전거리미확보,건조,맑음,기타 - 기타,승용,남,63세,상해없음,승용,여,47세,경상
2020051100100583,2020년 5월 11일 20시,월요일,충청북도 청주시 흥덕구 향정동,경상사고,0,0,1,0,차대차 - 추돌,안전운전불이행,건조,맑음,교차로 - 교차로부근,화물,남,28세,상해없음,승용,남,63세,경상
2020051100100641,2020년 5월 11일 22시,월요일,충청북도 청주시 흥덕구 송절동,중상사고,0,1,0,0,차대차 - 기타,신호위반,건조,맑음,교차로 - 교차로안,이륜,남,25세,상해없음,승용,여,30세,중상
2020051100100671,2020년 5월 11일 23시,월요일,충청북도 청주시 흥덕구 강서동,경상사고,0,0,3,0,차대차 - 기타,교차로운행방법위반,건조,맑음,교차로 - 교차로안,승용,남,25세,경상,승용,남,19세,경상
2020051100100672,2020년 5월 11일 23시,월요일,충청북도 청주시 상당구 용암동,중상사고,0,1,1,0,차대차 - 추돌,안전운전불이행,젖음/습기,흐림,교차로 - 교차로부근,승용,남,43세,상해없음,이륜,남,47세,경상
2020051200100011,2020년 5월 12일 00시,화요일,충청북도 충주시 문화동,경상사고,0,0,1,0,차대차 - 추돌,안전운전불이행,젖음/습기,비,교차로 - 교차로부근,승용,남,39세,상해없음,승용,남,30세,경상
2020051200100012,2020년 5월 12일 00시,화요일,충청북도 증평군 증평읍,중상사고,0,1,0,0,차대차 - 측면충돌,안전운전불이행,젖음/습기,흐림,교차로 - 교차로안,승용,남,24세,상해없음,승용,남,39세,중상
2020051200100045,2020년 5월 12일 04시,화요일,충청북도 음성군 금왕읍,경상사고,0,0,1,0,차량단독 - 공작물충돌,안전운전불이행,젖음/습기,비,교차로 - 교차로부근,승용,남,19세,경상,,,,
2020051200100063,2020년 5월 12일 06시,화요일,충청북도 청주시 흥덕구 봉명동,중상사고,0,2,0,0,차대차 - 측면충돌,신호위반,건조,맑음,교차로 - 교차로안,승용,여,41세,상해없음,승용,남,61세,중상
2020051200100082,2020년 5월 12일 07시,화요일,충청북도 제천시 남천동,경상사고,0,0,2,0,차대차 - 측면충돌,신호위반,건조,맑음,교차로 - 교차로안,승용,남,66세,상해없음,승용,남,64세,경상
2020051200100083,2020년 5월 12일 07시,화요일,충청북도 음성군 맹동면,경상사고,0,0,2,0,차대차 - 정면충돌,교차로운행방법위반,건조,맑음,교차로 - 교차로안,화물,남,66세,상해없음,화물,남,62세,경상
2020051200100084,2020년 5월 12일 07시,화요일,충청북도 진천군 진천읍,경상사고,0,0,1,0,차대차 - 추돌,안전거리미확보,건조,맑음,교차로 - 교차로부근,원동기,남,63세,상해없음,승용,여,55세,경상
2020051200100085,2020년 5월 12일 07시,화요일,충청북도 청주시 상당구 용암동,경상사고,0,0,3,0,차대차 - 추돌,안전운전불이행,건조,맑음,단일로 - 기타,승용,남,36세,상해없음,승용,남,43세,경상
2020051200100157,2020년 5월 12일 09시,화요일,충청북도 청주시 청원구 오창읍,경상사고,0,0,1,0,차대차 - 기타,안전운전불이행,건조,맑음,단일로 - 기타,승용,남,67세,상해없음,승용,여,31세,경상
2020051200100158,2020년 5월 12일 09시,화요일,충청북도 제천시 청풍면,경상사고,0,0,1,0,차대차 - 기타,기타,건조,맑음,교차로 - 교차로부근,화물,남,49세,상해없음,화물,남,75세,경상
2020051200100159,2020년 5월 12일 09시,화요일,충청북도 청주시 상당구 낭성면,부상신고사고,0,0,0,1,차대차 - 기타,안전운전불이행,건조,맑음,단일로 - 기타,원동기,남,77세,부상신고,승용,여,58세,상해없음
2020051200100184,2020년 5월 12일 10시,화요일,충청북도 청주시 상당구 남일면,경상사고,0,0,1,0,차대차 - 측면충돌,안전운전불이행,건조,맑음,단일로 - 기타,농기계,남,72세,상해없음,승용,여,48세,경상
2020051200100185,2020년 5월 12일 10시,화요일,충청북도 청주시 상당구 명암동,경상사고,0,0,1,0,차대차 - 기타,안전운전불이행,건조,맑음,단일로 - 지하차도(도로)내,승용,남,65세,상해없음,승용,여,28세,경상
2020051200100248,2020년 5월 12일 12시,화요일,충청북도 음성군 원남면,중상사고,0,1,0,0,차대차 - 추돌,안전운전불이행,건조,맑음,교차로 - 교차로안,승용,여,43세,상해없음,이륜,남,73세,중상
2020051200100273,2020년 5월 12일 13시,화요일,충청북도 청주시 청원구 북이면,중상사고,0,1,2,0,차대차 - 기타,신호위반,건조,맑음,교차로 - 교차로안,건설기계,남,50세,경상,승용,남,22세,중상
2020051200100274,2020년 5월 12일 13시,화요일,충청북도 충주시 봉방동,경상사고,0,0,3,0,차대차 - 기타,안전운전불이행,건조,맑음,단일로 - 기타,화물,남,48세,경상,승용,여,46세,경상
2020051200100302,2020년 5월 12일 14시,화요일,충청북도 충주시 연수동,중상사고,0,1,0,0,차대차 - 측면충돌,직진우회전진행방해,건조,맑음,교차로 - 교차로안,승용,남,58세,상해없음,승용,여,33세,중상
2020051200100303,2020년 5월 12일 14시,화요일,충청북도 청주시 흥덕구 운천동,경상사고,0,0,1,0,차대차 - 측면충돌,안전운전불이행,건조,맑음,교차로 - 교차로부근,승용,남,70세,상해없음,승용,여,29세,경상
2020051200100332,2020년 5월 12일 15시,화요일,충청북도 충주시 단월동,경상사고,0,0,4,0,차대차 - 기타,신호위반,건조,맑음,교차로 - 교차로안,승용,여,52세,경상,승용,남,50세,경상
2020051200100333,2020년 5월 12일 15시,화요일,충청북도 제천시 중앙로2가,중상사고,0,1,0,0,차대차 - 측면충돌,안전운전불이행,건조,맑음,교차로 - 교차로안,승용,남,23세,상해없음,자전거,남,85세,중상
2020051200100415,2020년 5월 12일 17시,화요일,충청북도 증평군 증평읍,중상사고,0,1,0,0,차대사람 - 횡단중,보행자보호의무위반,건조,맑음,교차로 - 교차로횡단보도내,승용,남,68세,상해없음,보행자,여,46세,중상
2020051200100416,2020년 5월 12일 17시,화요일,충청북도 청주시 흥덕구 가경동,경상사고,0,0,1,0,차대사람 - 길가장자리구역통행중,안전운전불이행,건조,맑음,단일로 - 기타,승용,남,57세,상해없음,보행자,남,21세,경상
2020051200100468,2020년 5월 12일 18시,화요일,충청북도 제천시 하소동,경상사고,0,0,1,0,차대차 - 측면충돌,신호위반,건조,맑음,교차로 - 교차로안,승용,여,36세,경상,승용,남,60세,상해없음
2020051200100469,2020년 5월 12일 18시,화요일,충청북도 음성군 금왕읍,중상사고,0,1,0,0,차대차 - 측면충돌,안전운전불이행,건조,맑음,단일로 - 기타,승용,남,25세,상해없음,농기계,남,49세,중상
2020051200100505,2020년 5월 12일 19시,화요일,충청북도 진천군 덕산면,경상사고,0,0,2,0,차대차 - 측면충돌,교차로운행방법위반,건조,맑음,교차로 - 교차로안,승용,남,17세,상해없음,승용,여,22세,경상
2020051200100593,2020년 5월 12일 23시,화요일,충청북도 옥천군 군북면,중상사고,0,1,0,0,차대차 - 정면충돌,중앙선침범,건조,맑음,단일로 - 기타,승용,남,35세,상해없음,승용,남,44세,중상
2020051300100066,2020년 5월 13일 06시,수요일,충청북도 단양군 매포읍,경상사고,0,0,1,0,차대차 - 측면충돌,안전운전불이행,건조,맑음,교차로 - 교차로부근,승합,남,49세,상해없음,농기계,남,67세,경상
2020051300100117,2020년 5월 13일 08시,수요일,충청북도 청주시 흥덕구 복대동,중상사고,0,1,0,0,차대차 - 측면충돌,안전운전불이행,건조,맑음,교차로 - 교차로안,승용,남,29세,상해없음,자전거,남,42세,중상
2020051300100154,2020년 5월 13일 09시,수요일,충청북도 청주시 서원구 장암동,중상사고,0,1,0,0,차대차 - 측면충돌,안전운전불이행,건조,맑음,단일로 - 지하차도(도로)내,건설기계,남,49세,상해없음,승용,남,52세,중상
2020051300100190,2020년 5월 13일 10시,수요일,충청북도 충주시 엄정면,경상사고,0,0,1,0,차대차 - 정면충돌,중앙선침범,건조,맑음,단일로 - 기타,승용,여,63세,경상,승용,여,59세,상해없음
2020051300100257,2020년 5월 13일 12시,수요일,충청북도 청주시 청원구 내수읍,중상사고,0,1,0,0,차대차 - 기타,중앙선침범,건조,맑음,단일로 - 기타,자전거,여,10세,중상,승용,남,57세,상해없음
2020051300100258,2020년 5월 13일 12시,수요일,충청북도 청주시 상당구 석교동,중상사고,0,1,0,0,차대차 - 측면충돌,신호위반,건조,맑음,교차로 - 교차로안,승용,여,32세,상해없음,이륜,남,68세,중상
2020051300100288,2020년 5월 13일 13시,수요일,충청북도 증평군 증평읍,중상사고,0,1,0,0,차대차 - 측면충돌,신호위반,건조,맑음,교차로 - 교차로안,원동기,남,79세,중상,화물,남,75세,상해없음
2020051300100322,2020년 5월 13일 14시,수요일,충청북도 청주시 흥덕구 옥산면,중상사고,0,1,0,0,차대차 - 기타,직진우회전진행방해,건조,맑음,교차로 - 교차로안,승용,남,49세,상해없음,이륜,남,33세,중상
2020051300100459,2020년 5월 13일 17시,수요일,충청북도 청주시 흥덕구 봉명동,중상사고,0,1,0,0,차대사람 - 기타,기타,건조,맑음,단일로 - 기타,승합,남,60세,상해없음,보행자,여,76세,중상
2020051300100551,2020년 5월 13일 19시,수요일,충청북도 청주시 흥덕구 복대동,경상사고,0,0,2,0,차대차 - 기타,교차로운행방법위반,건조,맑음,교차로 - 교차로안,승합,남,49세,상해없음,이륜,남,18세,경상
2020051300100552,2020년 5월 13일 19시,수요일,충청북도 청주시 흥덕구 봉명동,중상사고,0,1,0,0,차대차 - 기타,안전운전불이행,건조,맑음,단일로 - 기타,승용,남,39세,상해없음,이륜,남,34세,중상
2020051300100588,2020년 5월 13일 20시,수요일,충청북도 제천시 장락동,경상사고,0,0,1,0,차대차 - 추돌,안전거리미확보,건조,맑음,단일로 - 기타,개인형이동수단(PM),남,28세,상해없음,승용,남,61세,경상
2020051400100008,2020년 5월 14일 00시,목요일,충청북도 진천군 진천읍,중상사고,0,1,0,0,차대사람 - 횡단중,안전운전불이행,건조,맑음,교차로 - 교차로부근,승용,남,19세,상해없음,보행자,남,43세,중상
2020051400100031,2020년 5월 14일 03시,목요일,충청북도 청주시 서원구 산남동,중상사고,0,2,1,0,차대차 - 측면충돌,교차로운행방법위반,건조,맑음,교차로 - 교차로안,승용,여,29세,중상,승용,남,59세,중상
2020051400100038,2020년 5월 14일 05시,목요일,충청북도 진천군 진천읍,경상사고,0,0,2,0,차대차 - 측면충돌,신호위반,건조,맑음,교차로 - 교차로안,승용,남,50세,상해없음,승용,여,66세,경상
2020051400100048,2020년 5월 14일 06시,목요일,충청북도 단양군 매포읍,경상사고,0,0,1,0,차량단독 - 전도전복 - 전도,안전운전불이행,건조,맑음,단일로 - 기타,화물,남,63세,경상,,,,
2020051400100095,2020년 5월 14일 08시,목요일,충청북도 충주시 주덕읍,중상사고,0,1,2,0,차대차 - 기타,차로위반,건조,맑음,단일로 - 기타,건설기계,남,61세,상해없음,승용,여,68세,중상
2020051400100096,2020년 5월 14일 08시,목요일,충청북도 청주시 흥덕구 가경동,경상사고,0,0,1,0,차대차 - 추돌,안전운전불이행,건조,맑음,교차로 - 교차로부근,승용,남,62세,상해없음,승용,남,49세,경상
2020051400100151,2020년 5월 14일 10시,목요일,충청북도 청주시 흥덕구 봉명동,경상사고,0,0,1,0,차대사람 - 차도통행중,안전운전불이행,건조,맑음,단일로 - 기타,승용,여,59세,상해없음,보행자,남,79세,경상
2020051400100191,2020년 5월 14일 11시,목요일,충청북도 충주시 연수동,경상사고,0,0,2,0,차대차 - 추돌,안전운전불이행,건조,맑음,교차로 - 교차로부근,승용,여,55세,상해없음,승용,여,37세,경상
2020051400100260,2020년 5월 14일 13시,목요일,충청북도 청주시 청원구 율량동,중상사고,0,1,0,0,차대차 - 측면충돌,안전운전불이행,건조,맑음,기타 - 기타,승용,여,39세,상해없음,자전거,남,12세,중상
2020051400100297,2020년 5월 14일 14시,목요일,충청북도 청주시 청원구 북이면,중상사고,0,1,0,0,차대차 - 기타,안전운전불이행,건조,맑음,교차로 - 교차로부근,화물,남,28세,상해없음,승용,남,22세,중상
2020051400100341,2020년 5월 14일 15시,목요일,충청북도 제천시 모산동,중상사고,0,2,0,0,차대차 - 추돌,안전운전불이행,건조,맑음,교차로 - 교차로부근,승용,남,59세,상해없음,승용,여,60세,중상
2020051400100342,2020년 5월 14일 15시,목요일,충청북도 증평군 증평읍,경상사고,0,0,1,0,차대차 - 측면충돌,안전운전불이행,건조,맑음,단일로 - 기타,승용,남,57세,상해없음,승용,남,49세,상해없음
2020051400100411,2020년 5월 14일 17시,목요일,충청북도 청주시 흥덕구 복대동,경상사고,0,0,1,0,차대차 - 측면충돌,안전운전불이행,건조,맑음,단일로 - 기타,승용,남,53세,상해없음,이륜,남,18세,경상
2020051400100412,2020년 5월 14일 17시,목요일,충청북도 청주시 흥덕구 복대동,경상사고,0,0,1,0,차대사람 - 기타,안전운전불이행,건조,맑음,교차로 - 교차로부근,승용,여,62세,상해없음,보행자,남,57세,경상
2020051400100459,2020년 5월 14일 18시,목요일,충청북도 청주시 청원구 주중동,경상사고,0,0,3,0,차대차 - 측면충돌,차로위반,건조,맑음,교차로 - 교차로부근,승용,여,60세,경상,승용,남,37세,경상
2020051400100460,2020년 5월 14일 18시,목요일,충청북도 충주시 살미면,경상사고,0,0,1,0,차대차 - 측면충돌,안전운전불이행,건조,맑음,교차로 - 교차로부근,승용,남,61세,상해없음,승용,남,47세,경상
2020051400100461,2020년 5월 14일 18시,목요일,충청북도 충주시 봉방동,경상사고,0,0,1,0,차대사람 - 기타,안전운전불이행,건조,맑음,교차로 - 교차로안,승용,여,57세,상해없음,보행자,남,15세,경상
2020051400100462,2020년 5월 14일 18시,목요일,충청북도 제천시 강제동,중상사고,0,3,1,0,차대차 - 측면충돌,신호위반,건조,맑음,교차로 - 교차로안,승용,여,63세,중상,승용,남,44세,중상
2020051400100506,2020년 5월 14일 19시,목요일,충청북도 청주시 청원구 정북동,경상사고,0,0,1,0,차대차 - 기타,중앙선침범,건조,흐림,교차로 - 교차로부근,승용,남,31세,상해없음,승용,남,33세,경상
2020051400100542,2020년 5월 14일 20시,목요일,충청북도 청주시 서원구 미평동,중상사고,0,1,0,0,차대차 - 측면충돌,안전운전불이행,건조,맑음,기타 - 기타,승용,남,59세,상해없음,승용,남,29세,중상
2020051400100568,2020년 5월 14일 21시,목요일,충청북도 청주시 청원구 율량동,경상사고,0,0,2,0,차대차 - 추돌,과속,건조,맑음,단일로 - 기타,승용,남,36세,상해없음,승용,남,31세,경상
2020051400100598,2020년 5월 14일 22시,목요일,충청북도 청주시 청원구 내덕동,경상사고,0,0,2,0,차대차 - 기타,차로위반,건조,맑음,단일로 - 기타,승용,여,64세,상해없음,화물,남,66세,경상
2020051400100599,2020년 5월 14일 22시,목요일,충청북도 음성군 감곡면,사망사고,1,0,0,0,차량단독 - 도로외이탈 - 추락,안전운전불이행,건조,흐림,단일로 - 기타,이륜,남,79세,사망,,,,
2020051500100005,2020년 5월 15일 00시,금요일,충청북도 청주시 청원구 북이면,경상사고,0,0,1,0,차량단독 - 공작물충돌,안전운전불이행,건조,맑음,교차로 - 교차로부근,승용,남,40세,경상,,,,
2020051500100035,2020년 5월 15일 02시,금요일,충청북도 청주시 흥덕구 옥산면,경상사고,0,0,1,0,차량단독 - 공작물충돌,안전운전불이행,젖음/습기,비,단일로 - 기타,승용,남,27세,상해없음,,,,
2020051500100036,2020년 5월 15일 02시,금요일,충청북도 청주시 상당구 가덕면,중상사고,0,1,0,0,차대차 - 추돌,중앙선침범,건조,맑음,단일로 - 지하차도(도로)내,화물,남,57세,상해없음,승용,남,44세,중상
2020051500100063,2020년 5월 15일 06시,금요일,충청북도 청주시 상당구 명암동,경상사고,0,0,2,0,차대차 - 기타,안전운전불이행,건조,맑음,단일로 - 지하차도(도로)내,승용,남,52세,상해없음,승용,남,24세,경상
2020051500100079,2020년 5월 15일 07시,금요일,충청북도 음성군 맹동면,중상사고,0,1,1,0,차대차 - 측면충돌,교차로운행방법위반,젖음/습기,흐림,교차로 - 교차로안,승용,여,53세,중상,화물,남,62세,경상
2020051500100080,2020년 5월 15일 07시,금요일,충청북도 청주시 서원구 남이면,경상사고,0,0,2,0,차대차 - 기타,신호위반,젖음/습기,비,교차로 - 교차로안,승합,남,42세,경상,화물,남,65세,경상
2020051500100110,2020년 5월 15일 08시,금요일,충청북도 제천시 봉양읍,중상사고,0,6,4,0,차대차 - 정면충돌,중앙선침범,젖음/습기,비,단일로 - 기타,승용,남,28세,중상,승합,남,65세,경상
2020051500100111,2020년 5월 15일 08시,금요일,충청북도 보은군 보은읍,경상사고,0,0,1,0,차대차 - 측면충돌,교차로운행방법위반,젖음/습기,비,교차로 - 교차로안,이륜,남,70세,경상,승용,여,36세,상해없음
2020051500100112,2020년 5월 15일 08시,금요일,충청북도 청주시 흥덕구 봉명동,경상사고,0,0,1,0,차대차 - 기타,교차로운행방법위반,젖음/습기,비,교차로 - 교차로안,승용,여,32세,상해없음,이륜,남,37세,경상
2020051500100113,2020년 5월 15일 08시,금요일,충청북도 청주시 상당구 문화동,경상사고,0,0,1,0,차량단독 - 기타,안전운전불이행,젖음/습기,비,단일로 - 지하차도(도로)내,승합,남,52세,상해없음,,,,
2020051500100142,2020년 5월 15일 09시,금요일,충청북도 진천군 덕산면,경상사고,0,0,1,0,차대차 - 기타,안전운전불이행,건조,맑음,기타 - 기타,승합,여,52세,상해없음,승용,여,54세,경상
2020051500100222,2020년 5월 15일 12시,금요일,충청북도 단양군 단양읍,경상사고,0,0,1,0,차대차 - 기타,안전운전불이행,젖음/습기,비,교차로 - 교차로안,승용,여,39세,상해없음,이륜,남,22세,경상
2020051500100223,2020년 5월 15일 12시,금요일,충청북도 단양군 매포읍,부상신고사고,0,0,0,1,차량단독 - 공작물충돌,안전운전불이행,젖음/습기,비,단일로 - 기타,특수,남,59세,부상신고,,,,
2020051500100287,2020년 5월 15일 14시,금요일,충청북도 청주시 서원구 모충동,경상사고,0,0,1,0,차대차 - 기타,차로위반,젖음/습기,비,단일로 - 기타,승용,남,53세,상해없음,승용,남,51세,경상
2020051500100414,2020년 5월 15일 17시,금요일,충청북도 제천시 강제동,경상사고,0,0,1,0,차대차 - 후진중충돌,안전운전불이행,건조,맑음,단일로 - 지하차도(도로)내,승용,남,79세,상해없음,승용,남,51세,경상
2020051500100461,2020년 5월 15일 18시,금요일,충청북도 청주시 서원구 산남동,경상사고,0,0,1,0,차대차 - 기타,안전운전불이행,젖음/습기,흐림,단일로 - 기타,승용,여,46세,상해없음,승용,남,37세,경상
2020051500100462,2020년 5월 15일 18시,금요일,충청북도 청주시 상당구 서운동,경상사고,0,0,3,0,차대차 - 측면충돌,안전운전불이행,건조,맑음,교차로 - 교차로부근,승용,여,58세,상해없음,승용,남,50세,경상
2020051500100508,2020년 5월 15일 19시,금요일,충청북도 충주시 산척면,사망사고,2,0,0,0,차량단독 - 전도전복 - 전복,과속,젖음/습기,비,단일로 - 고가도로위,화물,남,47세,사망,,,,
2020051500100509,2020년 5월 15일 19시,금요일,충청북도 청주시 흥덕구 비하동,중상사고,0,1,0,0,차대사람 - 횡단중,안전운전불이행,건조,맑음,교차로 - 교차로안,승용,남,57세,상해없음,보행자,남,53세,중상
2020051500100546,2020년 5월 15일 20시,금요일,충청북도 충주시 연수동,중상사고,0,1,0,0,차대차 - 기타,신호위반,젖음/습기,비,교차로 - 교차로안,승용,남,43세,상해없음,이륜,남,49세,중상
2020051500100547,2020년 5월 15일 20시,금요일,충청북도 청주시 서원구 성화동,중상사고,0,1,0,0,차대차 - 측면충돌,직진우회전진행방해,건조,맑음,교차로 - 교차로안,승용,여,35세,상해없음,자전거,남,13세,중상
2020051500100548,2020년 5월 15일 20시,금요일,충청북도 청주시 서원구 분평동,중상사고,0,2,0,0,차대사람 - 횡단중,안전운전불이행,젖음/습기,비,교차로 - 교차로부근,승용,여,37세,상해없음,보행자,남,50세,중상
2020051500100590,2020년 5월 15일 21시,금요일,충청북도 제천시 중앙로2가,경상사고,0,0,1,0,차대사람 - 보도통행중,보행자보호의무위반,젖음/습기,비,교차로 - 교차로부근,이륜,남,17세,상해없음,보행자,여,72세,경상
2020051500100591,2020년 5월 15일 21시,금요일,충청북도 제천시 고명동,경상사고,0,0,2,0,차대차 - 정면충돌,불법유턴,젖음/습기,비,교차로 - 교차로안,화물,남,52세,경상,승용,남,40세,경상
2020051500100592,2020년 5월 15일 21시,금요일,충청북도 진천군 진천읍,경상사고,0,0,1,0,차대사람 - 횡단중,안전운전불이행,젖음/습기,흐림,교차로 - 교차로안,승용,여,53세,상해없음,보행자,남,25세,경상
2020051500100593,2020년 5월 15일 21시,금요일,충청북도 청주시 흥덕구 봉명동,중상사고,0,1,0,1,차대차 - 추돌,안전운전불이행,건조,맑음,단일로 - 기타,화물,남,58세,부상신고,승용,남,42세,중상
2020051500100594,2020년 5월 15일 21시,금요일,충청북도 청주시 상당구 수동,경상사고,0,0,1,0,차대차 - 측면충돌,안전거리미확보,건조,맑음,단일로 - 기타,승용,남,59세,상해없음,이륜,남,22세,경상
2020051500100638,2020년 5월 15일 22시,금요일,충청북도 청주시 청원구 내덕동,경상사고,0,0,1,0,차대차 - 기타,안전운전불이행,젖음/습기,비,교차로 - 교차로안,이륜,남,26세,경상,승용,남,60세,상해없음
2020051500100639,2020년 5월 15일 22시,금요일,충청북도 진천군 진천읍,경상사고,0,0,1,0,차대차 - 측면충돌,안전거리미확보,건조,맑음,단일로 - 기타,승용,남,56세,상해없음,승용,남,40세,경상
2020051500100640,2020년 5월 15일 22시,금요일,충청북도 청주시 상당구 용암동,경상사고,0,0,1,0,차대차 - 측면충돌,교차로운행방법위반,젖음/습기,맑음,교차로 - 교차로부근,이륜,남,26세,상해없음,이륜,남,47세,경상
2020051500100668,2020년 5월 15일 23시,금요일,충청북도 음성군 금왕읍,경상사고,0,0,1,0,차대차 - 기타,안전운전불이행,건조,맑음,단일로 - 교량,승용,남,50세,상해없음,승용,남,23세,경상
2020051500100669,2020년 5월 15일 23시,금요일,충청북도 청주시 서원구 모충동,경상사고,0,0,1,0,차대차 - 측면충돌,안전운전불이행,건조,맑음,단일로 - 기타,승용,남,51세,상해없음,승용,남,47세,경상
2020051600100009,2020년 5월 16일 00시,토요일,충청북도 청주시 흥덕구 복대동,경상사고,0,0,1,0,차대차 - 추돌,안전운전불이행,건조,맑음,교차로 - 교차로부근,승용,남,40세,상해없음,화물,남,59세,경상
2020051600100066,2020년 5월 16일 04시,토요일,충청북도 청주시 흥덕구 봉명동,경상사고,0,0,2,0,차대차 - 추돌,안전운전불이행,젖음/습기,흐림,교차로 - 교차로부근,승용,남,34세,상해없음,승용,남,42세,경상
2020051600100071,2020년 5월 16일 05시,토요일,충청북도 증평군 증평읍,경상사고,0,0,1,0,차대차 - 측면충돌,신호위반,건조,맑음,교차로 - 교차로안,승용,여,59세,상해없음,승용,남,29세,경상
2020051600100080,2020년 5월 16일 06시,토요일,충청북도 음성군 금왕읍,경상사고,0,0,3,0,차대차 - 측면충돌,안전운전불이행,건조,맑음,주차장 - 주차장,승용,남,18세,상해없음,승용,남,21세,경상
2020051600100127,2020년 5월 16일 09시,토요일,충청북도 청주시 서원구 분평동,경상사고,0,0,1,0,차대차 - 추돌,안전운전불이행,건조,맑음,단일로 - 기타,승용,남,30세,상해없음,승용,남,60세,경상
2020051600100150,2020년 5월 16일 10시,토요일,충청북도 청주시 청원구 오창읍,중상사고,0,1,0,0,차대차 - 기타,교차로운행방법위반,건조,맑음,교차로 - 교차로안,특수,남,38세,상해없음,승용,여,53세,중상
2020051600100181,2020년 5월 16일 11시,토요일,충청북도 청주시 청원구 율량동,경상사고,0,0,1,0,차대사람 - 기타,보행자보호의무위반,건조,맑음,교차로 - 교차로횡단보도내,승용,여,56세,기타불명,보행자,여,9세,경상
2020051600100182,2020년 5월 16일 11시,토요일,충청북도 괴산군 문광면,경상사고,0,0,3,0,차대차 - 측면충돌,안전운전불이행,건조,맑음,교차로 - 교차로안,승용,남,48세,상해없음,승용,남,41세,경상
2020051600100218,2020년 5월 16일 12시,토요일,충청북도 청주시 흥덕구 가경동,경상사고,0,0,2,0,차대차 - 기타,중앙선침범,건조,맑음,단일로 - 기타,이륜,남,54세,상해없음,승용,남,58세,경상
2020051600100248,2020년 5월 16일 13시,토요일,충청북도 충주시 칠금동,경상사고,0,0,4,0,차대차 - 기타,안전운전불이행,건조,맑음,단일로 - 기타,승용,여,53세,상해없음,승용,남,39세,경상
2020051600100249,2020년 5월 16일 13시,토요일,충청북도 충주시 목행동,경상사고,0,0,1,1,차대차 - 기타,직진우회전진행방해,건조,맑음,교차로 - 교차로안,화물,남,41세,부상신고,승용,남,22세,경상
2020051600100279,2020년 5월 16일 14시,토요일,충청북도 청주시 청원구 우암동,중상사고,0,1,0,0,차대사람 - 기타,안전운전불이행,건조,맑음,단일로 - 기타,기타불명,기타불명,미분류,기타불명,보행자,여,79세,중상
2020051600100280,2020년 5월 16일 14시,토요일,충청북도 충주시 칠금동,중상사고,0,1,0,0,차대차 - 기타,안전운전불이행,건조,흐림,교차로 - 교차로부근,승용,남,50세,상해없음,승용,남,44세,중상
2020051600100313,2020년 5월 16일 15시,토요일,충청북도 청주시 청원구 오창읍,중상사고,0,1,0,0,차대차 - 기타,안전운전불이행,건조,맑음,교차로 - 교차로부근,승용,남,38세,상해없음,자전거,남,81세,중상
2020051600100314,2020년 5월 16일 15시,토요일,충청북도 충주시 소태면,중상사고,0,2,0,0,차대차 - 기타,안전거리미확보,건조,흐림,단일로 - 기타,화물,남,64세,상해없음,자전거,여,46세,중상
2020051600100344,2020년 5월 16일 16시,토요일,충청북도 청주시 흥덕구 석곡동,중상사고,0,4,1,0,차대차 - 측면충돌,직진우회전진행방해,건조,맑음,교차로 - 교차로안,승용,남,61세,경상,승용,남,21세,중상
2020051600100373,2020년 5월 16일 17시,토요일,충청북도 제천시 중앙로2가,중상사고,0,1,2,0,차대차 - 측면충돌,안전운전불이행,건조,맑음,단일로 - 지하차도(도로)내,승용,여,51세,상해없음,승용,여,31세,중상
2020051600100374,2020년 5월 16일 17시,토요일,충청북도 청주시 흥덕구 가경동,경상사고,0,0,3,0,차대차 - 측면충돌,교차로운행방법위반,건조,맑음,교차로 - 교차로안,승용,남,38세,경상,승용,남,25세,경상
2020051600100435,2020년 5월 16일 19시,토요일,충청북도 진천군 덕산읍,중상사고,0,1,0,0,차대사람 - 횡단중,보행자보호의무위반,건조,맑음,교차로 - 교차로횡단보도내,승용,여,33세,상해없음,보행자,여,14세,중상
2020051600100436,2020년 5월 16일 19시,토요일,충청북도 청주시 흥덕구 복대동,경상사고,0,0,1,0,차대차 - 기타,안전운전불이행,건조,맑음,교차로 - 교차로안,승용,남,26세,상해없음,이륜,남,63세,경상
2020051600100463,2020년 5월 16일 20시,토요일,충청북도 제천시 동현동,경상사고,0,0,1,0,차대차 - 기타,직진우회전진행방해,건조,맑음,교차로 - 교차로부근,승용,여,61세,상해없음,이륜,남,36세,경상