사고번호,사고일시,요일,시군구,사고내용,사망자수,중상자수,경상자수,부상신고자수,사고유형,법규위반,노면상태,기상상태,도로형태,가해운전자 차종,가해운전자 성별,가해운전자 연령,가해운전자 상해정도,피해운전자 차종,피해운전자 성별,피해운전자 연령,피해운전자 상해정도
2020060600100425,2020년 6월 6일 17시,토요일,충청북도 청주시 흥덕구 비하동,경상사고,0,0,1,0,차대차 - 측면충돌,안전운전불이행,건조,맑음,단일로 - 기타,승용,남,32세,상해없음,승용,여,80세,경상
2020060600100464,2020년 6월 6일 18시,토요일,충청북도 진천군 광혜원면,부상신고사고,0,0,0,1,차대차 - 추돌,안전운전불이행,건조,맑음,단일로 - 터널,승용,기타불명,미분류,기타불명,승용,남,36세,부상신고
2020060600100490,2020년 6월 6일 19시,토요일,충청북도 청주시 상당구 남문로2가동,경상사고,0,0,3,0,차대차 - 기타,차로위반,건조,맑음,단일로 - 지하차도(도로)내,승용,남,21세,상해없음,승용,여,32세,상해없음
2020060600100524,2020년 6월 6일 20시,토요일,충청북도 보은군 보은읍,중상사고,0,1,0,0,차대차 - 측면충돌,안전운전불이행,건조,맑음,교차로 - 교차로안,승용,남,64세,상해없음,승용,여,48세,중상
2020060600100580,2020년 6월 6일 22시,토요일,충청북도 청주시 청원구 우암동,경상사고,0,0,1,0,차대사람 - 길가장자리구역통행중,안전운전불이행,건조,맑음,단일로 - 기타,화물,남,24세,상해없음,보행자,남,24세,경상
2020060600100591,2020년 6월 6일 23시,토요일,충청북도 청주시 흥덕구 복대동,중상사고,0,1,1,0,차대차 - 측면충돌,신호위반,건조,맑음,교차로 - 교차로안,승용,남,28세,상해없음,승용,남,47세,중상
2020060600100592,2020년 6월 6일 23시,토요일,충청북도 청주시 서원구 죽림동,경상사고,0,0,2,0,차대차 - 기타,안전운전불이행,건조,맑음,단일로 - 기타,승용,남,31세,상해없음,승용,남,21세,경상
2020060600100593,2020년 6월 6일 23시,토요일,충청북도 청주시 서원구 산남동,경상사고,0,0,4,0,차대차 - 후진중충돌,안전운전불이행,건조,맑음,교차로 - 교차로부근,승용,남,52세,상해없음,승용,남,40세,경상
2020060700100006,2020년 6월 7일 00시,일요일,충청북도 청주시 서원구 사창동,경상사고,0,0,1,0,차대사람 - 기타,안전운전불이행,건조,맑음,단일로 - 기타,승용,남,24세,상해없음,보행자,남,25세,경상
2020060700100083,2020년 6월 7일 07시,일요일,충청북도 제천시 장락동,경상사고,0,0,1,0,차대차 - 측면충돌,안전운전불이행,건조,맑음,교차로 - 교차로안,승용,남,51세,상해없음,건설기계,남,52세,경상
2020060700100120,2020년 6월 7일 09시,일요일,충청북도 청주시 서원구 사직동,경상사고,0,0,1,0,차대차 - 측면충돌,안전거리미확보,건조,맑음,교차로 - 교차로안,승합,남,64세,상해없음,승합,남,62세,경상
2020060700100186,2020년 6월 7일 12시,일요일,충청북도 충주시 연수동,경상사고,0,0,1,0,차대차 - 기타,안전운전불이행,건조,맑음,단일로 - 기타,승합,남,40세,상해없음,승용,남,37세,경상
2020060700100257,2020년 6월 7일 14시,일요일,충청북도 충주시 주덕읍,경상사고,0,0,1,0,차대차 - 기타,안전운전불이행,건조,맑음,교차로 - 교차로부근,승용,남,42세,상해없음,승용,남,46세,경상
2020060700100258,2020년 6월 7일 14시,일요일,충청북도 제천시 중앙로2가,경상사고,0,0,3,0,차대차 - 추돌,안전운전불이행,건조,맑음,교차로 - 교차로부근,승용,남,81세,상해없음,승용,여,46세,경상
2020060700100259,2020년 6월 7일 14시,일요일,충청북도 제천시 흑석동,중상사고,0,1,0,0,차대차 - 추돌,안전운전불이행,건조,맑음,단일로 - 고가도로위,특수,남,57세,상해없음,화물,남,59세,중상
2020060700100260,2020년 6월 7일 14시,일요일,충청북도 음성군 금왕읍,경상사고,0,0,6,0,차대차 - 추돌,안전운전불이행,건조,맑음,단일로 - 기타,승용,남,31세,경상,승용,남,33세,경상
2020060700100287,2020년 6월 7일 15시,일요일,충청북도 청주시 서원구 현도면,경상사고,0,0,1,0,차대차 - 기타,직진우회전진행방해,건조,맑음,교차로 - 교차로안,승용,여,68세,상해없음,농기계,남,72세,경상
2020060700100288,2020년 6월 7일 15시,일요일,충청북도 청주시 흥덕구 봉명동,경상사고,0,0,2,0,차대차 - 측면충돌,교차로운행방법위반,건조,맑음,교차로 - 교차로안,승용,남,28세,상해없음,승용,여,22세,경상
2020060700100289,2020년 6월 7일 15시,일요일,충청북도 청주시 흥덕구 복대동,경상사고,0,0,1,0,차량단독 - 기타,안전운전불이행,건조,맑음,단일로 - 기타,승합,남,43세,상해없음,,,,
2020060700100325,2020년 6월 7일 16시,일요일,충청북도 제천시 청전동,경상사고,0,0,1,0,차대사람 - 기타,안전운전불이행,건조,맑음,단일로 - 지하차도(도로)내,승용,남,75세,상해없음,보행자,남,28세,경상
2020060700100403,2020년 6월 7일 18시,일요일,충청북도 충주시 달천동,경상사고,0,0,2,0,차대차 - 측면충돌,교차로운행방법위반,건조,맑음,교차로 - 교차로안,승용,여,35세,상해없음,승용,여,25세,경상
2020060700100405,2020년 6월 7일 18시,일요일,충청북도 청주시 흥덕구 옥산면,경상사고,0,0,1,0,차대차 - 측면충돌,안전운전불이행,건조,맑음,단일로 - 기타,승용,남,68세,상해없음,승용,남,47세,경상
2020060700100482,2020년 6월 7일 21시,일요일,충청북도 청주시 서원구 미평동,경상사고,0,0,1,0,차대차 - 측면충돌,신호위반,건조,맑음,교차로 - 교차로안,이륜,남,22세,상해없음,승용,남,50세,경상
2020060800100040,2020년 6월 8일 05시,월요일,충청북도 충주시 연수동,경상사고,0,0,1,0,차대차 - 측면충돌,신호위반,건조,흐림,교차로 - 교차로안,승용,남,53세,상해없음,승용,남,47세,경상
2020060800100055,2020년 6월 8일 06시,월요일,충청북도 청주시 흥덕구 강내면,부상신고사고,0,0,0,1,차대차 - 추돌,안전운전불이행,건조,맑음,교차로 - 교차로부근,승합,남,44세,상해없음,승용,남,68세,상해없음
2020060800100080,2020년 6월 8일 07시,월요일,충청북도 제천시 왕암동,경상사고,0,0,1,0,차대차 - 정면충돌,안전운전불이행,건조,맑음,교차로 - 교차로안,승용,여,24세,상해없음,승용,여,20세,경상
2020060800100081,2020년 6월 8일 07시,월요일,충청북도 증평군 증평읍,경상사고,0,0,1,0,차대차 - 측면충돌,직진우회전진행방해,건조,맑음,교차로 - 교차로안,화물,남,72세,상해없음,승용,여,52세,경상
2020060800100082,2020년 6월 8일 07시,월요일,충청북도 청주시 흥덕구 비하동,경상사고,0,0,1,0,차대사람 - 기타,안전운전불이행,건조,맑음,교차로 - 교차로부근,승용,남,77세,상해없음,보행자,남,30세,경상
2020060800100083,2020년 6월 8일 07시,월요일,충청북도 청주시 흥덕구 가경동,경상사고,0,0,1,0,차대차 - 측면충돌,직진우회전진행방해,건조,맑음,교차로 - 교차로안,승용,남,77세,상해없음,승용,남,42세,경상
2020060800100125,2020년 6월 8일 08시,월요일,충청북도 청주시 상당구 북문로2가동,중상사고,0,1,0,0,차대차 - 기타,교차로운행방법위반,건조,맑음,교차로 - 교차로안,이륜,남,59세,중상,승용,남,53세,상해없음
2020060800100126,2020년 6월 8일 08시,월요일,충청북도 청주시 서원구 미평동,경상사고,0,0,1,0,차대차 - 추돌,안전운전불이행,건조,맑음,단일로 - 기타,승용,남,30세,상해없음,승용,여,34세,경상
2020060800100171,2020년 6월 8일 09시,월요일,충청북도 청주시 서원구 사직동,중상사고,0,1,0,0,차대차 - 기타,교차로운행방법위반,건조,맑음,교차로 - 교차로안,승용,여,42세,상해없음,자전거,남,77세,중상
2020060800100200,2020년 6월 8일 10시,월요일,충청북도 제천시 장락동,중상사고,0,1,0,0,차대사람 - 횡단중,안전운전불이행,건조,맑음,교차로 - 교차로안,화물,남,74세,상해없음,보행자,여,73세,중상
2020060800100201,2020년 6월 8일 10시,월요일,충청북도 제천시 의림동,경상사고,0,0,1,1,차대차 - 측면충돌,직진우회전진행방해,건조,맑음,교차로 - 교차로안,승용,여,57세,부상신고,화물,남,41세,경상
2020060800100202,2020년 6월 8일 10시,월요일,충청북도 청주시 상당구 문의면,경상사고,0,0,1,0,차대차 - 추돌,안전운전불이행,건조,맑음,단일로 - 지하차도(도로)내,특수,남,34세,상해없음,승용,여,51세,경상
2020060800100237,2020년 6월 8일 11시,월요일,충청북도 충주시 중앙탑면,경상사고,0,0,3,0,차대차 - 추돌,안전운전불이행,건조,맑음,교차로 - 교차로안,승용,남,62세,상해없음,승용,여,35세,경상
2020060800100238,2020년 6월 8일 11시,월요일,충청북도 청주시 상당구 용담동,중상사고,0,1,0,0,차대차 - 측면충돌,신호위반,건조,맑음,교차로 - 교차로횡단보도내,승용,남,28세,상해없음,자전거,남,10세,중상
2020060800100281,2020년 6월 8일 12시,월요일,충청북도 단양군 적성면,경상사고,0,0,2,0,차대차 - 추돌,안전운전불이행,건조,맑음,단일로 - 기타,승용,남,57세,경상,화물,남,55세,경상
2020060800100282,2020년 6월 8일 12시,월요일,충청북도 옥천군 옥천읍,경상사고,0,0,4,1,차대차 - 측면충돌,안전거리미확보,건조,맑음,단일로 - 기타,승용,여,64세,부상신고,승용,남,49세,경상
2020060800100283,2020년 6월 8일 12시,월요일,충청북도 청주시 흥덕구 외북동,중상사고,0,1,0,0,차량단독 - 기타,기타,건조,맑음,교차로 - 교차로부근,승합,남,65세,상해없음,,,,
2020060800100332,2020년 6월 8일 13시,월요일,충청북도 제천시 봉양읍,경상사고,0,0,1,0,차대차 - 정면충돌,중앙선침범,건조,맑음,단일로 - 기타,화물,남,69세,상해없음,화물,남,55세,경상
2020060800100333,2020년 6월 8일 13시,월요일,충청북도 증평군 증평읍,경상사고,0,0,2,0,차대차 - 측면충돌,중앙선침범,건조,맑음,단일로 - 기타,승용,남,81세,상해없음,승용,여,25세,경상
2020060800100334,2020년 6월 8일 13시,월요일,충청북도 청주시 서원구 남이면,경상사고,0,0,1,0,차대차 - 측면충돌,안전거리미확보,건조,맑음,단일로 - 기타,승용,남,59세,상해없음,승용,남,43세,경상
2020060800100402,2020년 6월 8일 15시,월요일,충청북도 청주시 서원구 사창동,경상사고,0,0,1,0,차대차 - 측면충돌,차로위반,건조,맑음,교차로 - 교차로부근,승용,여,60세,상해없음,승용,여,47세,경상
2020060800100448,2020년 6월 8일 16시,월요일,충청북도 청주시 상당구 석교동,경상사고,0,0,1,0,차대사람 - 기타,안전운전불이행,건조,맑음,단일로 - 기타,승용,여,69세,상해없음,보행자,남,22세,경상
2020060800100494,2020년 6월 8일 17시,월요일,충청북도 진천군 진천읍,중상사고,0,1,0,0,차대차 - 측면충돌,중앙선침범,건조,맑음,단일로 - 기타,화물,남,52세,상해없음,이륜,남,72세,중상
2020060800100495,2020년 6월 8일 17시,월요일,충청북도 청주시 서원구 수곡동,중상사고,0,1,0,0,차대차 - 기타,안전운전불이행,건조,맑음,교차로 - 교차로안,승용,여,54세,상해없음,이륜,남,47세,중상
2020060800100542,2020년 6월 8일 18시,월요일,충청북도 옥천군 옥천읍,중상사고,0,1,0,0,차대차 - 측면충돌,안전운전불이행,건조,맑음,단일로 - 기타,승용,남,23세,상해없음,원동기,여,66세,중상
2020060800100591,2020년 6월 8일 19시,월요일,충청북도 청주시 흥덕구 봉명동,경상사고,0,0,1,0,차대사람 - 길가장자리구역통행중,안전운전불이행,건조,맑음,단일로 - 기타,승용,남,43세,상해없음,보행자,남,23세,경상
2020060800100592,2020년 6월 8일 19시,월요일,충청북도 청주시 서원구 수곡동,경상사고,0,0,2,0,차대차 - 측면충돌,기타,건조,맑음,교차로 - 교차로안,원동기,남,18세,경상,승용,여,29세,경상
2020060800100625,2020년 6월 8일 20시,월요일,충청북도 충주시 교현동,중상사고,0,1,0,0,차대사람 - 기타,안전운전불이행,건조,맑음,교차로 - 교차로안,기타불명,기타불명,미분류,기타불명,보행자,남,17세,중상
2020060800100626,2020년 6월 8일 20시,월요일,충청북도 청주시 상당구 금천동,경상사고,0,0,1,0,차대차 - 추돌,안전운전불이행,건조,맑음,교차로 - 교차로부근,이륜,남,36세,상해없음,승용,남,42세,경상
2020060800100685,2020년 6월 8일 22시,월요일,충청북도 청주시 흥덕구 가경동,경상사고,0,0,2,0,차대차 - 추돌,안전운전불이행,건조,맑음,단일로 - 기타,승용,남,27세,상해없음,승용,여,46세,경상
2020060800100707,2020년 6월 8일 23시,월요일,충청북도 청주시 흥덕구 석소동,경상사고,0,0,3,0,차대차 - 측면충돌,안전운전불이행,건조,맑음,단일로 - 기타,승용,남,25세,상해없음,승용,남,45세,경상
2020060900100016,2020년 6월 9일 01시,화요일,충청북도 청주시 상당구 용암동,경상사고,0,0,1,0,차대차 - 추돌,안전운전불이행,건조,맑음,교차로 - 교차로부근,승용,남,26세,상해없음,이륜,남,23세,경상
2020060900100020,2020년 6월 9일 02시,화요일,충청북도 단양군 적성면,중상사고,0,1,0,0,차대차 - 추돌,안전운전불이행,건조,맑음,단일로 - 기타,승용,남,48세,상해없음,화물,남,48세,상해없음
2020060900100021,2020년 6월 9일 02시,화요일,충청북도 음성군 맹동면,경상사고,0,0,1,0,차량단독 - 공작물충돌,안전운전불이행,건조,맑음,교차로 - 교차로안,승용,남,24세,경상,,,,
2020060900100036,2020년 6월 9일 05시,화요일,충청북도 청주시 흥덕구 복대동,경상사고,0,0,2,0,차대차 - 측면충돌,교차로운행방법위반,건조,맑음,교차로 - 교차로안,승용,남,54세,상해없음,승용,남,73세,경상
2020060900100047,2020년 6월 9일 06시,화요일,충청북도 충주시 동량면,중상사고,0,1,0,0,차대차 - 정면충돌,직진우회전진행방해,건조,맑음,교차로 - 교차로안,승용,여,46세,상해없음,이륜,남,50세,중상
2020060900100071,2020년 6월 9일 07시,화요일,충청북도 청주시 청원구 내덕동,경상사고,0,0,1,0,차대차 - 기타,교차로운행방법위반,건조,맑음,교차로 - 교차로안,승용,남,57세,상해없음,승합,남,47세,상해없음
2020060900100158,2020년 6월 9일 09시,화요일,충청북도 청주시 흥덕구 봉명동,경상사고,0,0,3,0,차대차 - 기타,안전운전불이행,건조,맑음,교차로 - 교차로부근,승용,남,64세,상해없음,승용,여,36세,경상
2020060900100159,2020년 6월 9일 09시,화요일,충청북도 청주시 청원구 오창읍,중상사고,0,2,1,0,차대차 - 기타,신호위반,건조,맑음,교차로 - 교차로부근,원동기,남,17세,상해없음,승용,남,34세,중상
2020060900100160,2020년 6월 9일 09시,화요일,충청북도 제천시 수산면,경상사고,0,0,1,0,차량단독 - 공작물충돌,안전운전불이행,건조,맑음,단일로 - 기타,이륜,남,61세,경상,,,,
2020060900100194,2020년 6월 9일 10시,화요일,충청북도 음성군 금왕읍,경상사고,0,0,2,0,차대차 - 측면충돌,신호위반,건조,맑음,교차로 - 교차로안,화물,남,62세,상해없음,승용,남,43세,경상
2020060900100195,2020년 6월 9일 10시,화요일,충청북도 청주시 상당구 남일면,경상사고,0,0,1,0,차대차 - 측면충돌,안전운전불이행,건조,맑음,교차로 - 교차로부근,화물,남,55세,상해없음,승용,남,72세,경상
2020060900100274,2020년 6월 9일 12시,화요일,충청북도 단양군 단양읍,경상사고,0,0,1,0,차량단독 - 공작물충돌,안전운전불이행,건조,맑음,교차로 - 교차로부근,승용,남,56세,경상,,,,
2020060900100311,2020년 6월 9일 13시,화요일,충청북도 단양군 영춘면,중상사고,0,2,0,0,차량단독 - 기타,안전운전불이행,건조,맑음,단일로 - 기타,화물,남,71세,중상,,,,
2020060900100312,2020년 6월 9일 13시,화요일,충청북도 단양군 단양읍,부상신고사고,0,0,0,1,차대차 - 측면충돌,안전운전불이행,건조,맑음,기타 - 기타,승용,남,47세,부상신고,승용,남,74세,상해없음
2020060900100346,2020년 6월 9일 14시,화요일,충청북도 청주시 서원구 개신동,경상사고,0,0,2,0,차대차 - 기타,직진우회전진행방해,건조,맑음,교차로 - 교차로안,승합,남,62세,상해없음,이륜,남,71세,경상
2020060900100347,2020년 6월 9일 14시,화요일,충청북도 괴산군 장연면,중상사고,0,3,1,0,차대차 - 기타,안전운전불이행,건조,맑음,단일로 - 터널,화물,남,64세,상해없음,특수,남,26세,중상
2020060900100392,2020년 6월 9일 15시,화요일,충청북도 진천군 진천읍,경상사고,0,0,2,0,차대차 - 측면충돌,안전운전불이행,건조,맑음,단일로 - 기타,화물,남,69세,상해없음,승용,여,33세,경상
2020060900100434,2020년 6월 9일 16시,화요일,충청북도 제천시 청전동,경상사고,0,0,2,0,차대차 - 추돌,안전거리미확보,건조,맑음,단일로 - 지하차도(도로)내,승용,남,19세,경상,승용,남,19세,경상
2020060900100435,2020년 6월 9일 16시,화요일,충청북도 청주시 상당구 용암동,경상사고,0,0,1,0,차대차 - 기타,안전운전불이행,건조,맑음,교차로 - 교차로안,승용,여,34세,상해없음,원동기,남,29세,경상
2020060900100436,2020년 6월 9일 16시,화요일,충청북도 진천군 광혜원면,중상사고,0,2,0,0,차대차 - 추돌,안전운전불이행,건조,맑음,단일로 - 기타,화물,남,46세,중상,화물,남,59세,중상
2020060900100486,2020년 6월 9일 17시,화요일,충청북도 진천군 진천읍,경상사고,0,0,2,0,차대차 - 추돌,안전운전불이행,건조,맑음,교차로 - 교차로부근,화물,남,63세,상해없음,승용,남,65세,경상
2020060900100541,2020년 6월 9일 18시,화요일,충청북도 제천시 강제동,경상사고,0,0,1,0,차대차 - 측면충돌,신호위반,건조,맑음,교차로 - 교차로안,화물,남,63세,상해없음,승용,남,40세,경상
2020060900100542,2020년 6월 9일 18시,화요일,충청북도 영동군 영동읍,경상사고,0,0,1,0,차대사람 - 차도통행중,기타,건조,맑음,단일로 - 기타,승용,남,21세,상해없음,보행자,남,48세,경상
2020060900100599,2020년 6월 9일 19시,화요일,충청북도 제천시 영천동,경상사고,0,0,1,0,차대차 - 측면충돌,안전운전불이행,건조,맑음,교차로 - 교차로부근,승용,여,64세,상해없음,승용,남,24세,경상
2020060900100600,2020년 6월 9일 19시,화요일,충청북도 청주시 서원구 남이면,경상사고,0,0,1,0,차대차 - 추돌,안전운전불이행,건조,맑음,교차로 - 교차로부근,승용,여,60세,상해없음,승용,남,48세,경상
2020060900100652,2020년 6월 9일 21시,화요일,충청북도 진천군 광혜원면,경상사고,0,0,1,0,차대차 - 측면충돌,안전운전불이행,건조,맑음,단일로 - 기타,승용,남,36세,상해없음,이륜,남,22세,경상
2020060900100683,2020년 6월 9일 22시,화요일,충청북도 보은군 산외면,중상사고,0,1,0,0,차량단독 - 기타,안전운전불이행,건조,맑음,단일로 - 기타,이륜,남,66세,중상,,,,
2020060900100684,2020년 6월 9일 22시,화요일,충청북도 음성군 대소면,경상사고,0,0,1,0,차대차 - 측면충돌,안전운전불이행,건조,맑음,교차로 - 교차로부근,승용,남,39세,상해없음,승용,여,20세,경상
2020061000100016,2020년 6월 10일 01시,수요일,충청북도 청주시 흥덕구 복대동,경상사고,0,0,4,0,차대차 - 측면충돌,신호위반,건조,맑음,교차로 - 교차로안,승용,남,54세,상해없음,승용,여,25세,경상
2020061000100033,2020년 6월 10일 05시,수요일,충청북도 청주시 상당구 미원면,경상사고,0,0,1,0,차량단독 - 기타,안전운전불이행,건조,맑음,단일로 - 지하차도(도로)내,화물,남,54세,상해없음,,,,
2020061000100050,2020년 6월 10일 06시,수요일,충청북도 청주시 청원구 우암동,중상사고,0,1,0,0,차대사람 - 횡단중,안전운전불이행,건조,맑음,교차로 - 교차로횡단보도내,승용,남,70세,상해없음,보행자,여,79세,중상
2020061000100051,2020년 6월 10일 06시,수요일,충청북도 영동군 영동읍,경상사고,0,0,1,0,차량단독 - 전도전복 - 전도,안전운전불이행,건조,맑음,단일로 - 기타,이륜,남,26세,경상,,,,
2020061000100075,2020년 6월 10일 07시,수요일,충청북도 청주시 청원구 내수읍,중상사고,0,1,1,0,차대차 - 기타,안전거리미확보,건조,맑음,단일로 - 기타,승용,여,26세,경상,화물,여,55세,중상
2020061000100117,2020년 6월 10일 08시,수요일,충청북도 청주시 청원구 오창읍,중상사고,0,2,0,0,차대차 - 기타,안전운전불이행,건조,맑음,교차로 - 교차로안,승용,여,29세,중상,승용,남,33세,중상
2020061000100118,2020년 6월 10일 08시,수요일,충청북도 영동군 영동읍,중상사고,0,1,1,0,차대차 - 측면충돌,신호위반,건조,맑음,교차로 - 교차로안,화물,남,77세,경상,건설기계,남,60세,상해없음
2020061000100190,2020년 6월 10일 10시,수요일,충청북도 증평군 증평읍,중상사고,0,1,0,0,차대차 - 측면충돌,안전운전불이행,건조,맑음,교차로 - 교차로안,승용,여,54세,중상,승용,남,22세,상해없음
2020061000100191,2020년 6월 10일 10시,수요일,충청북도 증평군 증평읍,중상사고,0,2,0,0,차대차 - 측면충돌,신호위반,건조,맑음,교차로 - 교차로안,화물,남,52세,상해없음,승용,남,28세,중상
2020061000100192,2020년 6월 10일 10시,수요일,충청북도 청주시 흥덕구 송정동,중상사고,0,1,0,0,차대차 - 기타,안전거리미확보,건조,맑음,교차로 - 교차로안,승용,남,59세,상해없음,승용,남,35세,중상
2020061000100224,2020년 6월 10일 11시,수요일,충청북도 충주시 칠금동,중상사고,0,1,1,0,차대차 - 측면충돌,안전거리미확보,건조,맑음,교차로 - 교차로부근,개인형이동수단(PM),남,81세,경상,승용,남,29세,중상
2020061000100225,2020년 6월 10일 11시,수요일,충청북도 괴산군 청안면,중상사고,0,1,0,0,차대차 - 정면충돌,중앙선침범,건조,맑음,단일로 - 기타,승용,여,26세,상해없음,화물,남,65세,중상
2020061000100226,2020년 6월 10일 11시,수요일,충청북도 옥천군 옥천읍,중상사고,0,1,0,0,차대차 - 측면충돌,교차로운행방법위반,건조,맑음,교차로 - 교차로안,승합,남,46세,상해없음,원동기,여,56세,중상
2020061000100227,2020년 6월 10일 11시,수요일,충청북도 옥천군 군북면,중상사고,0,1,0,0,차대차 - 기타,교차로운행방법위반,건조,맑음,단일로 - 기타,승용,여,82세,상해없음,승합,남,40세,상해없음
2020061000100286,2020년 6월 10일 13시,수요일,충청북도 제천시 하소동,중상사고,0,1,0,0,차대사람 - 횡단중,기타,건조,맑음,교차로 - 교차로안,승용,여,57세,상해없음,보행자,여,7세,중상
2020061000100287,2020년 6월 10일 13시,수요일,충청북도 음성군 금왕읍,중상사고,0,3,1,0,차대차 - 측면충돌,교차로운행방법위반,건조,맑음,교차로 - 교차로안,승용,남,46세,중상,특수,남,33세,경상
2020061000100323,2020년 6월 10일 14시,수요일,충청북도 청주시 청원구 사천동,경상사고,0,0,2,0,차대차 - 기타,직진우회전진행방해,건조,맑음,교차로 - 교차로안,승용,남,26세,경상,승용,남,54세,경상
2020061000100358,2020년 6월 10일 15시,수요일,충청북도 청주시 서원구 사직동,경상사고,0,0,1,0,차량단독 - 기타,안전운전불이행,건조,맑음,단일로 - 기타,승용,남,71세,상해없음,,,,
2020061000100359,2020년 6월 10일 15시,수요일,충청북도 충주시 대소원면,중상사고,0,1,1,0,차대차 - 추돌,안전거리미확보,건조,맑음,단일로 - 기타,화물,남,59세,상해없음,승용,여,50세,중상
2020061000100360,2020년 6월 10일 15시,수요일,충청북도 청주시 서원구 수곡동,중상사고,0,1,0,0,차대차 - 측면충돌,안전운전불이행,건조,맑음,단일로 - 기타,이륜,남,43세,중상,승용,남,41세,기타불명
2020061000100402,2020년 6월 10일 16시,수요일,충청북도 청주시 청원구 오창읍,중상사고,0,1,3,0,차대차 - 측면충돌,안전운전불이행,건조,맑음,단일로 - 지하차도(도로)내,승용,여,26세,경상,승용,여,47세,경상
2020061000100452,2020년 6월 10일 17시,수요일,충청북도 제천시 고암동,경상사고,0,0,2,0,차대차 - 측면충돌,교차로운행방법위반,건조,맑음,교차로 - 교차로안,승용,남,66세,상해없음,승용,남,70세,경상
2020061000100453,2020년 6월 10일 17시,수요일,충청북도 청주시 흥덕구 비하동,경상사고,0,0,1,0,차대차 - 기타,안전운전불이행,건조,맑음,단일로 - 기타,승용,남,62세,상해없음,승용,남,39세,경상
2020061000100509,2020년 6월 10일 18시,수요일,충청북도 보은군 보은읍,중상사고,0,2,0,0,차대차 - 측면충돌,교차로운행방법위반,젖음/습기,비,교차로 - 교차로안,승용,남,57세,중상,승용,여,64세,중상
2020061000100563,2020년 6월 10일 19시,수요일,충청북도 청주시 상당구 수동,경상사고,0,0,3,0,차대차 - 측면충돌,직진우회전진행방해,젖음/습기,비,교차로 - 교차로안,승용,여,39세,경상,승용,남,24세,경상
2020061000100564,2020년 6월 10일 19시,수요일,충청북도 청주시 상당구 가덕면,중상사고,0,1,0,0,차대차 - 기타,안전운전불이행,젖음/습기,비,단일로 - 지하차도(도로)내,승용,여,49세,상해없음,승용,남,30세,상해없음
2020061000100609,2020년 6월 10일 20시,수요일,충청북도 진천군 진천읍,경상사고,0,0,1,0,차대차 - 측면충돌,안전운전불이행,건조,맑음,교차로 - 교차로안,승합,남,66세,상해없음,승용,여,58세,경상
2020061000100610,2020년 6월 10일 20시,수요일,충청북도 청주시 흥덕구 복대동,중상사고,0,1,1,0,차대차 - 추돌,안전운전불이행,젖음/습기,비,단일로 - 기타,승용,남,68세,상해없음,승용,여,46세,경상
2020061000100611,2020년 6월 10일 20시,수요일,충청북도 청주시 흥덕구 복대동,경상사고,0,0,5,0,차대차 - 기타,신호위반,젖음/습기,비,교차로 - 교차로안,승용,여,29세,상해없음,승용,남,42세,경상
2020061000100665,2020년 6월 10일 21시,수요일,충청북도 청주시 서원구 사창동,경상사고,0,0,1,0,차대사람 - 기타,안전운전불이행,젖음/습기,비,단일로 - 기타,기타불명,기타불명,미분류,기타불명,보행자,여,24세,경상
2020061000100666,2020년 6월 10일 21시,수요일,충청북도 음성군 대소면,경상사고,0,0,1,0,차대차 - 정면충돌,안전운전불이행,젖음/습기,맑음,단일로 - 기타,승용,남,43세,경상,특수,남,48세,기타불명
2020061000100667,2020년 6월 10일 21시,수요일,충청북도 음성군 대소면,중상사고,0,1,0,0,차대사람 - 기타,안전운전불이행,젖음/습기,비,교차로 - 교차로안,승용,남,41세,상해없음,보행자,남,47세,중상
2020061000100668,2020년 6월 10일 21시,수요일,충청북도 청주시 서원구 수곡동,경상사고,0,0,2,0,차대차 - 측면충돌,신호위반,젖음/습기,비,교차로 - 교차로안,승용,남,61세,상해없음,승용,여,27세,경상
2020061000100723,2020년 6월 10일 22시,수요일,충청북도 청주시 서원구 개신동,경상사고,0,0,1,0,차대사람 - 횡단중,보행자보호의무위반,젖음/습기,비,교차로 - 교차로횡단보도내,원동기,남,21세,상해없음,보행자,남,24세,경상
2020061000100724,2020년 6월 10일 22시,수요일,충청북도 진천군 진천읍,경상사고,0,0,1,0,차대차 - 측면충돌,안전거리미확보,건조,맑음,단일로 - 기타,화물,남,55세,상해없음,승용,남,26세,경상
2020061000100725,2020년 6월 10일 22시,수요일,충청북도 청주시 상당구 금천동,경상사고,0,0,1,0,차대사람 - 기타,안전운전불이행,젖음/습기,비,교차로 - 교차로부근,승합,남,58세,상해없음,보행자,여,26세,경상
2020061100100011,2020년 6월 11일 00시,목요일,충청북도 청주시 청원구 오창읍,경상사고,0,0,1,0,차대차 - 기타,안전운전불이행,젖음/습기,맑음,단일로 - 기타,승용,여,28세,상해없음,승용,남,36세,경상
2020061100100030,2020년 6월 11일 01시,목요일,충청북도 제천시 동현동,경상사고,0,0,2,0,차대차 - 추돌,안전운전불이행,건조,맑음,단일로 - 지하차도(도로)내,승용,남,27세,상해없음,승용,여,68세,경상
2020061100100031,2020년 6월 11일 01시,목요일,충청북도 청주시 흥덕구 복대동,경상사고,0,0,1,0,차대차 - 기타,안전운전불이행,젖음/습기,비,교차로 - 교차로안,승용,남,32세,상해없음,승용,남,64세,경상
2020061100100032,2020년 6월 11일 01시,목요일,충청북도 청주시 서원구 산남동,경상사고,0,0,1,0,차대차 - 추돌,안전운전불이행,젖음/습기,비,교차로 - 교차로부근,승용,남,25세,상해없음,승용,남,36세,경상