사고번호,사고일시,요일,시군구,사고내용,사망자수,중상자수,경상자수,부상신고자수,사고유형,법규위반,노면상태,기상상태,도로형태,가해운전자 차종,가해운전자 성별,가해운전자 연령,가해운전자 상해정도,피해운전자 차종,피해운전자 성별,피해운전자 연령,피해운전자 상해정도
2020061100100046,2020년 6월 11일 02시,목요일,충청북도 청주시 청원구 우암동,경상사고,0,0,1,0,차대차 - 기타,안전운전불이행,젖음/습기,비,교차로 - 교차로부근,승용,남,32세,상해없음,승용,남,23세,경상
2020061100100094,2020년 6월 11일 07시,목요일,충청북도 옥천군 옥천읍,경상사고,0,0,3,0,차대차 - 정면충돌,안전운전불이행,젖음/습기,비,교차로 - 교차로안,승용,남,52세,경상,화물,남,69세,상해없음
2020061100100156,2020년 6월 11일 09시,목요일,충청북도 충주시 중앙탑면,중상사고,0,1,2,0,차대차 - 추돌,과속,건조,맑음,교차로 - 교차로안,승용,여,56세,상해없음,승용,여,30세,중상
2020061100100157,2020년 6월 11일 09시,목요일,충청북도 옥천군 옥천읍,중상사고,0,1,0,0,차대차 - 추돌,안전운전불이행,건조,맑음,교차로 - 교차로부근,화물,남,49세,상해없음,승용,여,48세,중상
2020061100100158,2020년 6월 11일 09시,목요일,충청북도 청주시 상당구 금천동,중상사고,0,1,0,0,차대차 - 측면충돌,안전운전불이행,건조,맑음,교차로 - 교차로부근,자전거,남,83세,중상,승용,남,25세,상해없음
2020061100100186,2020년 6월 11일 10시,목요일,충청북도 청주시 흥덕구 수의동,중상사고,0,1,1,0,차대사람 - 기타,안전운전불이행,건조,맑음,단일로 - 기타,승용,남,23세,상해없음,보행자,남,33세,경상
2020061100100187,2020년 6월 11일 10시,목요일,충청북도 청주시 흥덕구 가경동,경상사고,0,0,1,0,차대차 - 측면충돌,교차로운행방법위반,건조,맑음,교차로 - 교차로안,승용,여,51세,상해없음,승용,남,28세,경상
2020061100100250,2020년 6월 11일 12시,목요일,충청북도 청주시 청원구 율량동,중상사고,0,1,0,1,차대차 - 측면충돌,안전운전불이행,건조,맑음,교차로 - 교차로부근,승용,여,40세,부상신고,승용,남,67세,중상
2020061100100251,2020년 6월 11일 12시,목요일,충청북도 청주시 흥덕구 비하동,경상사고,0,0,2,0,차대차 - 기타,안전운전불이행,건조,맑음,교차로 - 교차로안,승용,남,31세,경상,승용,여,49세,경상
2020061100100285,2020년 6월 11일 13시,목요일,충청북도 청주시 서원구 사창동,경상사고,0,0,1,0,차대사람 - 기타,교차로운행방법위반,건조,맑음,교차로 - 교차로안,화물,남,69세,상해없음,보행자,남,67세,경상
2020061100100286,2020년 6월 11일 13시,목요일,충청북도 청주시 흥덕구 송정동,경상사고,0,0,2,0,차대차 - 측면충돌,안전거리미확보,건조,맑음,교차로 - 교차로부근,승용,남,25세,상해없음,승용,남,27세,경상
2020061100100287,2020년 6월 11일 13시,목요일,충청북도 청주시 상당구 남일면,경상사고,0,0,2,1,차대차 - 측면충돌,안전운전불이행,건조,맑음,단일로 - 지하차도(도로)내,승용,여,61세,부상신고,승용,여,45세,경상
2020061100100331,2020년 6월 11일 14시,목요일,충청북도 청주시 흥덕구 봉명동,경상사고,0,0,1,0,차대차 - 측면충돌,교차로운행방법위반,건조,맑음,교차로 - 교차로횡단보도내,화물,남,38세,상해없음,개인형이동수단(PM),남,22세,경상
2020061100100366,2020년 6월 11일 15시,목요일,충청북도 청주시 흥덕구 강서동,경상사고,0,0,1,0,차대차 - 기타,안전운전불이행,건조,맑음,단일로 - 기타,승용,남,54세,상해없음,승용,남,37세,경상
2020061100100395,2020년 6월 11일 16시,목요일,충청북도 제천시 의림동,중상사고,0,1,0,0,차대차 - 추돌,안전운전불이행,건조,맑음,교차로 - 교차로부근,승합,남,64세,상해없음,승용,여,69세,중상
2020061100100396,2020년 6월 11일 16시,목요일,충청북도 영동군 양강면,중상사고,0,1,1,0,차량단독 - 공작물충돌,중앙선침범,건조,맑음,단일로 - 기타,이륜,남,16세,경상,,,,
2020061100100445,2020년 6월 11일 17시,목요일,충청북도 제천시 청풍면,경상사고,0,0,1,0,차대차 - 측면충돌,중앙선침범,건조,맑음,단일로 - 기타,이륜,남,61세,경상,화물,남,57세,상해없음
2020061100100446,2020년 6월 11일 17시,목요일,충청북도 단양군 단양읍,경상사고,0,0,2,0,차대차 - 측면충돌,안전운전불이행,건조,맑음,교차로 - 교차로안,화물,남,54세,상해없음,승용,남,36세,경상
2020061100100447,2020년 6월 11일 17시,목요일,충청북도 진천군 진천읍,경상사고,0,0,1,0,차대차 - 측면충돌,안전거리미확보,건조,맑음,단일로 - 기타,화물,남,24세,상해없음,화물,남,46세,경상
2020061100100497,2020년 6월 11일 18시,목요일,충청북도 음성군 음성읍,경상사고,0,0,1,0,차대차 - 측면충돌,교차로운행방법위반,건조,맑음,교차로 - 교차로안,승용,여,27세,경상,화물,남,64세,상해없음
2020061100100525,2020년 6월 11일 19시,목요일,충청북도 충주시 연수동,경상사고,0,0,1,0,차대차 - 기타,기타,건조,맑음,단일로 - 기타,승용,남,61세,상해없음,이륜,남,36세,경상
2020061100100556,2020년 6월 11일 20시,목요일,충청북도 청주시 서원구 남이면,중상사고,0,1,1,0,차대차 - 측면충돌,직진우회전진행방해,건조,맑음,교차로 - 교차로안,승용,남,72세,중상,승용,남,64세,경상
2020061100100557,2020년 6월 11일 20시,목요일,충청북도 청주시 상당구 명암동,경상사고,0,0,1,0,차대차 - 추돌,안전운전불이행,건조,맑음,단일로 - 기타,화물,남,53세,상해없음,승용,여,28세,경상
2020061100100646,2020년 6월 11일 23시,목요일,충청북도 청주시 청원구 오창읍,경상사고,0,0,1,0,차대차 - 기타,안전운전불이행,젖음/습기,맑음,단일로 - 기타,승용,남,28세,상해없음,승용,남,61세,경상
2020061200100055,2020년 6월 12일 06시,금요일,충청북도 청주시 흥덕구 봉명동,경상사고,0,0,2,0,차대차 - 측면충돌,안전운전불이행,건조,맑음,교차로 - 교차로안,승용,여,51세,경상,승용,남,59세,경상
2020061200100098,2020년 6월 12일 08시,금요일,충청북도 충주시 금릉동,경상사고,0,0,1,0,차대차 - 측면충돌,기타,건조,맑음,단일로 - 기타,승용,여,43세,상해없음,화물,여,59세,경상
2020061200100143,2020년 6월 12일 09시,금요일,충청북도 진천군 초평면,경상사고,0,0,1,0,차량단독 - 전도전복 - 전도,안전운전불이행,젖음/습기,맑음,단일로 - 기타,건설기계,남,32세,경상,,,,
2020061200100181,2020년 6월 12일 10시,금요일,충청북도 청주시 청원구 율량동,경상사고,0,0,1,0,차대차 - 기타,안전운전불이행,건조,맑음,단일로 - 기타,승용,남,52세,상해없음,승용,여,38세,경상
2020061200100182,2020년 6월 12일 10시,금요일,충청북도 청주시 상당구 용정동,경상사고,0,0,2,0,차대차 - 추돌,안전운전불이행,건조,맑음,교차로 - 교차로부근,화물,남,50세,상해없음,승용,남,53세,경상
2020061200100266,2020년 6월 12일 12시,금요일,충청북도 청주시 상당구 용암동,경상사고,0,0,1,0,차대차 - 측면충돌,신호위반,건조,맑음,교차로 - 교차로안,화물,남,36세,상해없음,승용,여,48세,경상
2020061200100302,2020년 6월 12일 13시,금요일,충청북도 증평군 증평읍,경상사고,0,0,2,0,차대차 - 측면충돌,신호위반,건조,맑음,교차로 - 교차로안,승용,여,59세,상해없음,승용,여,53세,경상
2020061200100303,2020년 6월 12일 13시,금요일,충청북도 청주시 흥덕구 신봉동,중상사고,0,1,0,0,차대차 - 기타,안전운전불이행,건조,맑음,단일로 - 기타,승용,여,30세,상해없음,자전거,남,69세,중상
2020061200100335,2020년 6월 12일 14시,금요일,충청북도 청주시 흥덕구 봉명동,중상사고,0,1,0,0,차대사람 - 기타,안전운전불이행,건조,맑음,교차로 - 교차로안,승용,여,45세,상해없음,보행자,남,25세,중상
2020061200100336,2020년 6월 12일 14시,금요일,충청북도 옥천군 옥천읍,경상사고,0,0,2,0,차대차 - 측면충돌,교차로운행방법위반,젖음/습기,비,교차로 - 교차로안,승용,남,29세,경상,화물,남,61세,경상
2020061200100337,2020년 6월 12일 14시,금요일,충청북도 청주시 서원구 성화동,경상사고,0,0,1,0,차대차 - 추돌,안전운전불이행,젖음/습기,비,단일로 - 기타,승용,남,40세,상해없음,화물,남,48세,경상
2020061200100407,2020년 6월 12일 16시,금요일,충청북도 음성군 음성읍,중상사고,0,1,0,0,차대사람 - 기타,안전운전불이행,건조,맑음,교차로 - 교차로부근,승용,남,54세,상해없음,보행자,여,78세,중상
2020061200100408,2020년 6월 12일 16시,금요일,충청북도 청주시 흥덕구 옥산면,중상사고,0,2,0,0,차대차 - 측면충돌,안전운전불이행,건조,맑음,교차로 - 교차로안,승용,남,33세,중상,승용,남,34세,중상
2020061200100409,2020년 6월 12일 16시,금요일,충청북도 청주시 서원구 수곡동,경상사고,0,0,1,0,차량단독 - 공작물충돌,안전운전불이행,건조,맑음,단일로 - 기타,승용,여,60세,경상,,,,
2020061200100456,2020년 6월 12일 17시,금요일,충청북도 제천시 남천동,중상사고,0,1,2,0,차대차 - 측면충돌,신호위반,건조,맑음,교차로 - 교차로안,승용,남,63세,상해없음,승용,남,33세,중상
2020061200100513,2020년 6월 12일 18시,금요일,충청북도 청주시 서원구 개신동,경상사고,0,0,3,0,차대차 - 기타,안전운전불이행,젖음/습기,비,교차로 - 교차로부근,승용,남,51세,경상,승용,여,35세,경상
2020061200100565,2020년 6월 12일 19시,금요일,충청북도 청주시 청원구 내수읍,경상사고,0,0,3,0,차대차 - 측면충돌,신호위반,젖음/습기,비,교차로 - 교차로안,승용,남,60세,상해없음,승용,여,51세,경상
2020061200100566,2020년 6월 12일 19시,금요일,충청북도 음성군 삼성면,경상사고,0,0,1,0,차대차 - 후진중충돌,안전운전불이행,젖음/습기,비,교차로 - 교차로부근,승용,여,52세,상해없음,승용,남,37세,경상
2020061200100606,2020년 6월 12일 20시,금요일,충청북도 충주시 용산동,경상사고,0,0,1,0,차대차 - 기타,직진우회전진행방해,젖음/습기,비,교차로 - 교차로안,승용,여,55세,상해없음,원동기,남,32세,경상
2020061200100607,2020년 6월 12일 20시,금요일,충청북도 청주시 서원구 개신동,경상사고,0,0,2,0,차대차 - 추돌,안전운전불이행,젖음/습기,비,단일로 - 기타,승용,남,61세,상해없음,승용,여,41세,경상
2020061200100608,2020년 6월 12일 20시,금요일,충청북도 청주시 흥덕구 가경동,경상사고,0,0,1,0,차대차 - 측면충돌,안전거리미확보,젖음/습기,비,기타 - 기타,승용,남,27세,상해없음,승용,남,45세,경상
2020061200100609,2020년 6월 12일 20시,금요일,충청북도 청주시 서원구 모충동,중상사고,0,1,6,0,차대차 - 정면충돌,신호위반,젖음/습기,맑음,교차로 - 교차로안,승용,남,71세,상해없음,승용,여,59세,중상
2020061200100639,2020년 6월 12일 21시,금요일,충청북도 음성군 대소면,경상사고,0,0,1,0,차대사람 - 기타,안전운전불이행,젖음/습기,흐림,교차로 - 교차로안,승용,남,49세,상해없음,보행자,남,38세,경상
2020061200100640,2020년 6월 12일 21시,금요일,충청북도 청주시 흥덕구 봉명동,경상사고,0,0,1,0,차대차 - 측면충돌,안전운전불이행,젖음/습기,비,단일로 - 기타,이륜,남,30세,경상,승용,남,55세,상해없음
2020061200100685,2020년 6월 12일 22시,금요일,충청북도 청주시 흥덕구 내곡동,경상사고,0,0,3,0,차대차 - 추돌,안전운전불이행,젖음/습기,비,단일로 - 기타,승용,남,53세,상해없음,승용,남,59세,경상
2020061200100731,2020년 6월 12일 23시,금요일,충청북도 청주시 흥덕구 복대동,중상사고,0,1,0,0,차대차 - 기타,안전운전불이행,젖음/습기,비,교차로 - 교차로부근,승용,남,65세,상해없음,승용,남,48세,중상
2020061300100040,2020년 6월 13일 01시,토요일,충청북도 청주시 서원구 남이면,경상사고,0,0,2,0,차대차 - 기타,안전운전불이행,젖음/습기,흐림,단일로 - 기타,승용,여,41세,상해없음,승용,남,28세,경상
2020061300100074,2020년 6월 13일 03시,토요일,충청북도 충주시 봉방동,중상사고,0,1,2,0,차대차 - 기타,신호위반,건조,맑음,교차로 - 교차로안,승용,남,43세,상해없음,승용,남,58세,중상
2020061300100075,2020년 6월 13일 03시,토요일,충청북도 청주시 흥덕구 비하동,중상사고,0,1,0,0,차대사람 - 횡단중,안전운전불이행,건조,맑음,교차로 - 교차로부근,승용,남,66세,상해없음,보행자,남,43세,중상
2020061300100076,2020년 6월 13일 03시,토요일,충청북도 청주시 흥덕구 송정동,부상신고사고,0,0,0,1,차대차 - 기타,안전운전불이행,젖음/습기,흐림,교차로 - 교차로부근,승용,남,25세,부상신고,승용,남,38세,기타불명
2020061300100101,2020년 6월 13일 06시,토요일,충청북도 청주시 흥덕구 오송읍,경상사고,0,0,1,0,차대차 - 측면충돌,신호위반,건조,맑음,교차로 - 교차로안,승용,남,48세,상해없음,승용,여,52세,경상
2020061300100118,2020년 6월 13일 07시,토요일,충청북도 제천시 모산동,경상사고,0,0,3,0,차대차 - 정면충돌,중앙선침범,건조,맑음,단일로 - 기타,승용,남,71세,경상,화물,남,58세,경상
2020061300100216,2020년 6월 13일 11시,토요일,충청북도 충주시 충의동,경상사고,0,0,1,0,차대사람 - 기타,안전운전불이행,건조,맑음,단일로 - 기타,승용,여,60세,상해없음,보행자,남,72세,경상
2020061300100258,2020년 6월 13일 12시,토요일,충청북도 청주시 상당구 북문로2가동,경상사고,0,0,2,0,차대차 - 기타,안전운전불이행,건조,맑음,교차로 - 교차로안,승용,남,37세,상해없음,승용,남,61세,경상
2020061300100259,2020년 6월 13일 12시,토요일,충청북도 괴산군 괴산읍,경상사고,0,0,2,0,차대차 - 측면충돌,안전운전불이행,건조,맑음,교차로 - 교차로안,승용,여,55세,상해없음,승용,여,66세,경상
2020061300100308,2020년 6월 13일 13시,토요일,충청북도 충주시 중앙탑면,경상사고,0,0,2,0,차대차 - 기타,신호위반,건조,맑음,교차로 - 교차로안,승용,남,59세,상해없음,승용,여,44세,경상
2020061300100309,2020년 6월 13일 13시,토요일,충청북도 증평군 증평읍,경상사고,0,0,1,0,차대차 - 측면충돌,안전거리미확보,건조,맑음,단일로 - 기타,승합,남,70세,상해없음,이륜,남,40세,경상
2020061300100333,2020년 6월 13일 14시,토요일,충청북도 청주시 서원구 사창동,경상사고,0,0,2,0,차대차 - 기타,차로위반,건조,맑음,단일로 - 기타,화물,남,80세,상해없음,승용,남,47세,경상
2020061300100334,2020년 6월 13일 14시,토요일,충청북도 청주시 흥덕구 비하동,부상신고사고,0,0,0,1,차대차 - 측면충돌,교차로운행방법위반,건조,맑음,교차로 - 교차로안,승용,남,35세,부상신고,승용,여,47세,상해없음
2020061300100373,2020년 6월 13일 15시,토요일,충청북도 제천시 신동,경상사고,0,0,1,0,차대차 - 기타,안전운전불이행,건조,맑음,단일로 - 고가도로위,승용,남,36세,상해없음,승용,여,46세,상해없음
2020061300100414,2020년 6월 13일 16시,토요일,충청북도 청주시 흥덕구 오송읍,경상사고,0,0,1,0,차대차 - 측면충돌,안전거리미확보,건조,맑음,단일로 - 기타,자전거,남,11세,경상,승합,남,51세,상해없음
2020061300100415,2020년 6월 13일 16시,토요일,충청북도 청주시 흥덕구 가경동,경상사고,0,0,2,0,차대차 - 측면충돌,안전운전불이행,건조,맑음,단일로 - 기타,승용,남,49세,상해없음,화물,남,54세,경상
2020061300100497,2020년 6월 13일 18시,토요일,충청북도 청주시 서원구 사직동,경상사고,0,0,4,0,차대차 - 측면충돌,안전운전불이행,젖음/습기,비,단일로 - 기타,승용,남,50세,상해없음,승용,남,50세,경상
2020061300100528,2020년 6월 13일 19시,토요일,충청북도 충주시 연수동,경상사고,0,0,1,0,차대차 - 기타,안전운전불이행,건조,맑음,단일로 - 기타,승용,남,24세,상해없음,승용,남,30세,경상
2020061300100529,2020년 6월 13일 19시,토요일,충청북도 제천시 청풍면,경상사고,0,0,5,0,차대차 - 정면충돌,중앙선침범,건조,맑음,단일로 - 기타,승합,남,57세,상해없음,승용,여,53세,경상
2020061300100571,2020년 6월 13일 20시,토요일,충청북도 청주시 서원구 사직동,사망사고,1,0,0,0,차대사람 - 횡단중,안전운전불이행,젖음/습기,맑음,교차로 - 교차로안,승용,여,58세,상해없음,보행자,여,78세,사망
2020061300100602,2020년 6월 13일 21시,토요일,충청북도 단양군 단양읍,경상사고,0,0,1,0,차대차 - 기타,안전운전불이행,건조,흐림,단일로 - 기타,승용,남,26세,상해없음,이륜,남,19세,경상
2020061300100603,2020년 6월 13일 21시,토요일,충청북도 진천군 진천읍,중상사고,0,1,0,0,차대차 - 측면충돌,안전운전불이행,건조,맑음,교차로 - 교차로안,승용,남,32세,상해없음,원동기,남,28세,중상
2020061300100665,2020년 6월 13일 23시,토요일,충청북도 청주시 서원구 산남동,경상사고,0,0,2,0,차대차 - 추돌,안전운전불이행,젖음/습기,비,교차로 - 교차로부근,승용,남,24세,상해없음,화물,남,37세,경상
2020061400100012,2020년 6월 14일 00시,일요일,충청북도 청주시 청원구 율량동,경상사고,0,0,1,0,차량단독 - 기타,안전운전불이행,젖음/습기,비,단일로 - 기타,원동기,남,44세,경상,,,,
2020061400100013,2020년 6월 14일 00시,일요일,충청북도 청주시 서원구 개신동,경상사고,0,0,1,0,차대차 - 정면충돌,안전운전불이행,젖음/습기,비,교차로 - 교차로부근,승용,여,46세,상해없음,승용,남,51세,경상
2020061400100014,2020년 6월 14일 00시,일요일,충청북도 청주시 흥덕구 복대동,경상사고,0,0,1,0,차대차 - 측면충돌,교차로운행방법위반,젖음/습기,비,교차로 - 교차로안,승용,남,36세,상해없음,이륜,남,33세,경상
2020061400100049,2020년 6월 14일 02시,일요일,충청북도 청주시 청원구 오창읍,경상사고,0,0,2,0,차대차 - 기타,안전운전불이행,건조,맑음,단일로 - 기타,승용,남,28세,상해없음,화물,남,52세,경상
2020061400100083,2020년 6월 14일 06시,일요일,충청북도 진천군 백곡면,경상사고,0,0,1,0,차량단독 - 공작물충돌,안전운전불이행,건조,맑음,단일로 - 기타,승용,남,26세,경상,,,,
2020061400100111,2020년 6월 14일 09시,일요일,충청북도 청주시 청원구 내덕동,부상신고사고,0,0,0,1,차량단독 - 기타,안전운전불이행,건조,맑음,단일로 - 기타,자전거,여,33세,부상신고,,,,
2020061400100112,2020년 6월 14일 09시,일요일,충청북도 증평군 증평읍,경상사고,0,0,1,0,차대차 - 측면충돌,직진우회전진행방해,젖음/습기,흐림,교차로 - 교차로안,승합,남,68세,상해없음,승용,남,49세,상해없음
2020061400100113,2020년 6월 14일 09시,일요일,충청북도 증평군 증평읍,중상사고,0,1,0,0,차대차 - 측면충돌,안전운전불이행,건조,맑음,단일로 - 기타,화물,남,63세,상해없음,자전거,남,75세,중상
2020061400100114,2020년 6월 14일 09시,일요일,충청북도 청주시 서원구 죽림동,경상사고,0,0,1,0,차대차 - 기타,중앙선침범,건조,맑음,교차로 - 교차로부근,승용,남,25세,상해없음,승용,여,51세,경상
2020061400100153,2020년 6월 14일 11시,일요일,충청북도 보은군 회남면,중상사고,0,1,1,0,차대차 - 정면충돌,중앙선침범,건조,맑음,단일로 - 기타,승용,남,25세,상해없음,승용,남,49세,경상
2020061400100173,2020년 6월 14일 12시,일요일,충청북도 청주시 청원구 주중동,경상사고,0,0,5,0,차대차 - 기타,신호위반,건조,맑음,교차로 - 교차로부근,승용,여,35세,상해없음,승용,남,40세,경상
2020061400100174,2020년 6월 14일 12시,일요일,충청북도 음성군 삼성면,중상사고,0,1,0,0,차대사람 - 횡단중,교차로운행방법위반,건조,맑음,교차로 - 교차로안,승용,남,86세,상해없음,보행자,여,67세,중상
2020061400100176,2020년 6월 14일 12시,일요일,충청북도 청주시 상당구 금천동,중상사고,0,1,0,0,차대차 - 측면충돌,신호위반,건조,맑음,교차로 - 교차로안,승용,남,52세,상해없음,이륜,남,30세,중상
2020061400100205,2020년 6월 14일 13시,일요일,충청북도 충주시 단월동,경상사고,0,0,2,1,차대차 - 기타,안전운전불이행,건조,맑음,교차로 - 교차로안,승용,여,28세,부상신고,승용,남,36세,경상
2020061400100206,2020년 6월 14일 13시,일요일,충청북도 청주시 흥덕구 봉명동,경상사고,0,0,1,0,차대차 - 측면충돌,안전운전불이행,건조,맑음,단일로 - 기타,이륜,남,30세,경상,승용,남,47세,상해없음
2020061400100238,2020년 6월 14일 14시,일요일,충청북도 청주시 청원구 오창읍,중상사고,0,1,0,0,차대사람 - 기타,안전운전불이행,건조,맑음,단일로 - 기타,승용,여,29세,상해없음,보행자,여,81세,중상
2020061400100239,2020년 6월 14일 14시,일요일,충청북도 충주시 연수동,중상사고,0,1,0,0,차대차 - 측면충돌,안전운전불이행,건조,맑음,단일로 - 기타,승용,남,67세,상해없음,원동기,남,47세,중상
2020061400100240,2020년 6월 14일 14시,일요일,충청북도 제천시 동현동,경상사고,0,0,2,0,차대차 - 정면충돌,중앙선침범,건조,맑음,단일로 - 지하차도(도로)내,승용,여,45세,상해없음,승용,여,53세,경상
2020061400100241,2020년 6월 14일 14시,일요일,충청북도 진천군 진천읍,경상사고,0,0,1,0,차대차 - 추돌,안전운전불이행,건조,맑음,단일로 - 기타,승용,남,38세,상해없음,승용,남,48세,경상
2020061400100242,2020년 6월 14일 14시,일요일,충청북도 청주시 상당구 문의면,중상사고,0,1,2,0,차대차 - 기타,중앙선침범,건조,맑음,단일로 - 기타,승용,여,54세,상해없음,승용,남,41세,중상
2020061400100280,2020년 6월 14일 15시,일요일,충청북도 음성군 감곡면,경상사고,0,0,1,0,차대차 - 추돌,안전운전불이행,건조,맑음,교차로 - 교차로안,화물,남,62세,상해없음,승용,여,45세,경상
2020061400100281,2020년 6월 14일 15시,일요일,충청북도 청주시 흥덕구 복대동,경상사고,0,0,1,0,차대차 - 측면충돌,불법유턴,건조,맑음,단일로 - 기타,승용,남,31세,상해없음,승용,남,28세,경상
2020061400100342,2020년 6월 14일 17시,일요일,충청북도 보은군 보은읍,중상사고,0,4,0,0,차대차 - 측면충돌,안전운전불이행,건조,맑음,단일로 - 기타,승용,남,30세,상해없음,화물,남,55세,중상
2020061400100468,2020년 6월 14일 21시,일요일,충청북도 청주시 흥덕구 복대동,경상사고,0,0,1,0,차대차 - 측면충돌,안전거리미확보,건조,맑음,단일로 - 기타,승용,여,62세,상해없음,승용,남,61세,경상
2020061400100494,2020년 6월 14일 22시,일요일,충청북도 청주시 흥덕구 비하동,경상사고,0,0,2,0,차대차 - 추돌,안전운전불이행,건조,맑음,교차로 - 교차로부근,승용,남,43세,상해없음,화물,여,35세,경상
2020061500100007,2020년 6월 15일 00시,월요일,충청북도 음성군 삼성면,경상사고,0,0,1,0,차대사람 - 길가장자리구역통행중,안전운전불이행,건조,맑음,교차로 - 교차로부근,승용,남,54세,상해없음,보행자,남,54세,경상
2020061500100037,2020년 6월 15일 05시,월요일,충청북도 청주시 흥덕구 오송읍,중상사고,0,1,1,0,차대차 - 측면충돌,신호위반,건조,맑음,교차로 - 교차로안,화물,남,42세,중상,승용,남,59세,경상
2020061500100069,2020년 6월 15일 07시,월요일,충청북도 충주시 주덕읍,경상사고,0,0,1,0,차대차 - 측면충돌,교차로운행방법위반,건조,맑음,교차로 - 교차로부근,건설기계,남,51세,상해없음,승용,여,51세,경상
2020061500100070,2020년 6월 15일 07시,월요일,충청북도 청주시 상당구 금천동,중상사고,0,1,0,0,차대차 - 정면충돌,교차로운행방법위반,건조,맑음,교차로 - 교차로안,승용,여,57세,상해없음,원동기,남,82세,중상
2020061500100155,2020년 6월 15일 09시,월요일,충청북도 음성군 삼성면,중상사고,0,1,1,0,차대차 - 기타,안전거리미확보,건조,맑음,단일로 - 지하차도(도로)내,승용,남,49세,상해없음,승용,여,48세,중상
2020061500100193,2020년 6월 15일 10시,월요일,충청북도 청주시 청원구 율량동,경상사고,0,0,1,0,차대차 - 기타,안전운전불이행,건조,맑음,단일로 - 기타,승용,여,48세,상해없음,이륜,남,33세,경상
2020061500100194,2020년 6월 15일 10시,월요일,충청북도 청주시 흥덕구 오송읍,경상사고,0,0,1,0,차대차 - 후진중충돌,안전운전불이행,건조,맑음,교차로 - 교차로부근,화물,남,67세,상해없음,승용,남,61세,경상
2020061500100262,2020년 6월 15일 12시,월요일,충청북도 청주시 흥덕구 오송읍,경상사고,0,0,1,0,차대차 - 기타,안전거리미확보,건조,맑음,단일로 - 기타,화물,남,51세,상해없음,승용,남,33세,경상
2020061500100263,2020년 6월 15일 12시,월요일,충청북도 청주시 서원구 분평동,경상사고,0,0,2,0,차대차 - 추돌,안전운전불이행,건조,맑음,단일로 - 기타,승용,남,74세,상해없음,승용,여,58세,경상
2020061500100299,2020년 6월 15일 13시,월요일,충청북도 제천시 송학면,경상사고,0,0,1,0,차량단독 - 공작물충돌,안전운전불이행,건조,맑음,단일로 - 지하차도(도로)내,승용,여,36세,경상,,,,
2020061500100300,2020년 6월 15일 13시,월요일,충청북도 청주시 흥덕구 봉명동,중상사고,0,1,0,0,차대차 - 측면충돌,불법유턴,건조,맑음,단일로 - 기타,승용,남,49세,상해없음,이륜,남,24세,중상
2020061500100340,2020년 6월 15일 14시,월요일,충청북도 충주시 중앙탑면,경상사고,0,0,1,0,차량단독 - 공작물충돌,안전운전불이행,건조,맑음,주차장 - 주차장,화물,남,43세,상해없음,,,,
2020061500100341,2020년 6월 15일 14시,월요일,충청북도 청주시 상당구 문의면,중상사고,0,1,2,0,차량단독 - 공작물충돌,안전운전불이행,건조,맑음,단일로 - 기타,승용,남,66세,경상,,,,
2020061500100387,2020년 6월 15일 15시,월요일,충청북도 제천시 남천동,경상사고,0,0,1,0,차대차 - 추돌,안전운전불이행,건조,맑음,단일로 - 기타,승용,남,82세,상해없음,승용,여,48세,경상
2020061500100388,2020년 6월 15일 15시,월요일,충청북도 청주시 서원구 남이면,경상사고,0,0,1,0,차대차 - 추돌,안전거리미확보,건조,맑음,교차로 - 교차로부근,화물,남,47세,상해없음,승용,남,42세,경상
2020061500100487,2020년 6월 15일 17시,월요일,충청북도 청주시 청원구 오창읍,경상사고,0,0,2,0,차대차 - 추돌,안전운전불이행,건조,맑음,교차로 - 교차로부근,이륜,남,32세,경상,승용,남,59세,경상
2020061500100556,2020년 6월 15일 18시,월요일,충청북도 진천군 덕산면,경상사고,0,0,1,0,차대차 - 측면충돌,안전운전불이행,건조,맑음,단일로 - 기타,승용,남,48세,상해없음,이륜,남,72세,경상
2020061500100557,2020년 6월 15일 18시,월요일,충청북도 진천군 진천읍,경상사고,0,0,1,0,차대사람 - 횡단중,안전운전불이행,건조,맑음,단일로 - 기타,승용,남,18세,상해없음,보행자,여,28세,경상
2020061500100627,2020년 6월 15일 20시,월요일,충청북도 청주시 흥덕구 강서동,경상사고,0,0,1,0,차대차 - 기타,안전운전불이행,건조,맑음,단일로 - 기타,화물,남,35세,상해없음,승용,여,44세,경상
2020061500100651,2020년 6월 15일 21시,월요일,충청북도 제천시 강제동,경상사고,0,0,2,0,차대차 - 측면충돌,직진우회전진행방해,건조,맑음,교차로 - 교차로안,승용,여,47세,기타불명,승용,남,38세,경상
2020061500100675,2020년 6월 15일 22시,월요일,충청북도 청주시 흥덕구 봉명동,경상사고,0,0,1,0,차대차 - 기타,안전운전불이행,건조,맑음,교차로 - 교차로안,승용,남,60세,상해없음,승용,남,48세,경상
2020061500100695,2020년 6월 15일 23시,월요일,충청북도 청주시 흥덕구 복대동,경상사고,0,0,1,0,차대차 - 측면충돌,신호위반,건조,맑음,교차로 - 교차로안,승용,남,26세,상해없음,승용,남,43세,경상
2020061600100051,2020년 6월 16일 06시,화요일,충청북도 청주시 서원구 모충동,중상사고,0,1,0,0,차대차 - 정면충돌,교차로운행방법위반,건조,맑음,교차로 - 교차로안,승용,여,56세,상해없음,원동기,남,76세,중상
2020061600100070,2020년 6월 16일 07시,화요일,충청북도 충주시 연수동,중상사고,0,1,0,0,차대사람 - 횡단중,보행자보호의무위반,건조,맑음,교차로 - 교차로안,승합,남,66세,상해없음,보행자,여,73세,중상