사고번호,사고일시,요일,시군구,사고내용,사망자수,중상자수,경상자수,부상신고자수,사고유형,법규위반,노면상태,기상상태,도로형태,가해운전자 차종,가해운전자 성별,가해운전자 연령,가해운전자 상해정도,피해운전자 차종,피해운전자 성별,피해운전자 연령,피해운전자 상해정도
2020061600100071,2020년 6월 16일 07시,화요일,충청북도 음성군 대소면,경상사고,0,0,1,0,차대차 - 측면충돌,기타,건조,맑음,단일로 - 지하차도(도로)내,승용,남,63세,상해없음,자전거,남,14세,경상
2020061600100072,2020년 6월 16일 07시,화요일,충청북도 단양군 단성면,중상사고,0,1,2,0,차대차 - 추돌,안전운전불이행,건조,맑음,교차로 - 교차로부근,화물,남,65세,기타불명,승용,남,66세,경상
2020061600100109,2020년 6월 16일 08시,화요일,충청북도 청주시 서원구 모충동,경상사고,0,0,1,0,차대차 - 측면충돌,신호위반,건조,맑음,교차로 - 교차로안,화물,남,44세,상해없음,승용,여,50세,경상
2020061600100151,2020년 6월 16일 09시,화요일,충청북도 청주시 서원구 성화동,경상사고,0,0,1,0,차대차 - 추돌,안전운전불이행,건조,맑음,교차로 - 교차로부근,승용,남,65세,상해없음,승용,남,24세,경상
2020061600100185,2020년 6월 16일 10시,화요일,충청북도 제천시 신백동,중상사고,0,1,0,0,차대차 - 측면충돌,안전운전불이행,건조,맑음,교차로 - 교차로부근,승용,남,23세,상해없음,승용,여,58세,중상
2020061600100186,2020년 6월 16일 10시,화요일,충청북도 음성군 음성읍,경상사고,0,0,2,0,차대차 - 추돌,안전거리미확보,건조,맑음,교차로 - 교차로안,화물,남,26세,상해없음,승용,여,43세,경상
2020061600100283,2020년 6월 16일 13시,화요일,충청북도 청주시 청원구 율량동,중상사고,0,1,1,0,차대사람 - 기타,안전운전불이행,건조,맑음,교차로 - 교차로안,승용,여,26세,상해없음,보행자,여,27세,경상
2020061600100284,2020년 6월 16일 13시,화요일,충청북도 제천시 신백동,경상사고,0,0,1,0,차대차 - 측면충돌,안전운전불이행,건조,맑음,교차로 - 교차로안,화물,남,56세,상해없음,화물,남,49세,경상
2020061600100285,2020년 6월 16일 13시,화요일,충청북도 청주시 흥덕구 봉명동,경상사고,0,0,1,0,차대차 - 기타,교차로운행방법위반,건조,맑음,교차로 - 교차로안,승용,남,57세,상해없음,이륜,남,49세,경상
2020061600100286,2020년 6월 16일 13시,화요일,충청북도 청주시 상당구 용암동,경상사고,0,0,1,0,차대차 - 측면충돌,안전운전불이행,건조,맑음,교차로 - 교차로안,승용,남,27세,상해없음,승용,여,57세,경상
2020061600100322,2020년 6월 16일 14시,화요일,충청북도 단양군 단양읍,경상사고,0,0,4,0,차대사람 - 기타,안전운전불이행,건조,맑음,주차장 - 주차장,승용,남,62세,상해없음,보행자,여,56세,경상
2020061600100511,2020년 6월 16일 18시,화요일,충청북도 청주시 서원구 산남동,부상신고사고,0,0,0,1,차대차 - 추돌,안전운전불이행,건조,맑음,교차로 - 교차로횡단보도내,이륜,남,45세,부상신고,승용,여,20세,상해없음
2020061600100512,2020년 6월 16일 18시,화요일,충청북도 청주시 서원구 모충동,경상사고,0,0,1,0,차대사람 - 기타,안전운전불이행,건조,맑음,기타 - 기타,승용,여,60세,상해없음,보행자,여,40세,경상
2020061600100627,2020년 6월 16일 21시,화요일,충청북도 청주시 흥덕구 오송읍,경상사고,0,0,1,0,차대사람 - 횡단중,안전운전불이행,건조,맑음,단일로 - 기타,승용,남,51세,상해없음,보행자,남,57세,경상
2020061600100647,2020년 6월 16일 22시,화요일,충청북도 충주시 목행동,중상사고,0,2,0,0,차대차 - 추돌,안전운전불이행,건조,맑음,교차로 - 교차로부근,승용,여,55세,상해없음,승용,남,62세,중상
2020061600100648,2020년 6월 16일 22시,화요일,충청북도 청주시 흥덕구 복대동,경상사고,0,0,5,0,차대차 - 측면충돌,중앙선침범,건조,맑음,교차로 - 교차로안,승용,여,44세,상해없음,승용,남,60세,경상
2020061700100005,2020년 6월 17일 00시,수요일,충청북도 청주시 서원구 분평동,중상사고,0,1,0,0,차대사람 - 횡단중,안전운전불이행,건조,맑음,교차로 - 교차로횡단보도내,승용,여,39세,상해없음,보행자,여,19세,중상
2020061700100006,2020년 6월 17일 00시,수요일,충청북도 청주시 상당구 용암동,경상사고,0,0,1,0,차대차 - 측면충돌,안전운전불이행,건조,맑음,단일로 - 지하차도(도로)내,승용,남,63세,상해없음,이륜,남,17세,경상
2020061700100072,2020년 6월 17일 07시,수요일,충청북도 청주시 청원구 내덕동,경상사고,0,0,1,0,차대차 - 기타,안전운전불이행,건조,맑음,교차로 - 교차로안,승용,남,55세,상해없음,승용,여,47세,경상
2020061700100073,2020년 6월 17일 07시,수요일,충청북도 괴산군 괴산읍,경상사고,0,0,1,0,차대차 - 측면충돌,신호위반,건조,맑음,교차로 - 교차로안,화물,남,54세,상해없음,승합,남,70세,경상
2020061700100120,2020년 6월 17일 08시,수요일,충청북도 청주시 서원구 모충동,경상사고,0,0,1,0,차대차 - 측면충돌,교차로운행방법위반,건조,맑음,교차로 - 교차로안,승용,남,43세,상해없음,승용,여,43세,경상
2020061700100155,2020년 6월 17일 09시,수요일,충청북도 청주시 청원구 내수읍,경상사고,0,0,1,0,차대사람 - 기타,안전운전불이행,건조,맑음,단일로 - 기타,승용,여,35세,상해없음,보행자,남,8세,경상
2020061700100156,2020년 6월 17일 09시,수요일,충청북도 제천시 중앙로1가,경상사고,0,0,1,0,차대차 - 측면충돌,안전운전불이행,건조,맑음,교차로 - 교차로횡단보도내,승용,남,78세,상해없음,승용,여,38세,경상
2020061700100178,2020년 6월 17일 10시,수요일,충청북도 진천군 진천읍,경상사고,0,0,1,0,차량단독 - 도로외이탈 - 추락,안전운전불이행,건조,맑음,교차로 - 교차로안,승용,남,68세,경상,,,,
2020061700100242,2020년 6월 17일 12시,수요일,충청북도 충주시 앙성면,중상사고,0,1,0,0,차대차 - 기타,안전운전불이행,건조,맑음,교차로 - 교차로부근,승용,남,56세,상해없음,이륜,남,69세,중상
2020061700100243,2020년 6월 17일 12시,수요일,충청북도 음성군 금왕읍,중상사고,0,1,1,0,차대차 - 추돌,안전거리미확보,건조,맑음,교차로 - 교차로안,승용,남,68세,상해없음,승용,여,57세,중상
2020061700100279,2020년 6월 17일 13시,수요일,충청북도 음성군 삼성면,경상사고,0,0,2,0,차대차 - 측면충돌,교차로운행방법위반,건조,맑음,교차로 - 교차로안,승용,여,32세,경상,화물,남,63세,경상
2020061700100320,2020년 6월 17일 14시,수요일,충청북도 제천시 중앙로1가,경상사고,0,0,1,0,차대차 - 추돌,안전거리미확보,건조,맑음,단일로 - 기타,승용,남,64세,상해없음,승용,여,35세,경상
2020061700100321,2020년 6월 17일 14시,수요일,충청북도 제천시 하소동,중상사고,0,1,2,0,차대차 - 측면충돌,안전운전불이행,건조,맑음,기타 - 기타,이륜,남,59세,중상,승용,여,59세,경상
2020061700100322,2020년 6월 17일 14시,수요일,충청북도 청주시 상당구 금천동,경상사고,0,0,1,0,차대사람 - 보도통행중,안전운전불이행,건조,맑음,단일로 - 기타,자전거,남,9세,경상,보행자,남,8세,상해없음
2020061700100363,2020년 6월 17일 15시,수요일,충청북도 충주시 교현동,경상사고,0,0,3,0,차대차 - 측면충돌,안전운전불이행,건조,맑음,교차로 - 교차로안,승용,남,65세,경상,화물,남,65세,경상
2020061700100364,2020년 6월 17일 15시,수요일,충청북도 청주시 서원구 수곡동,경상사고,0,0,2,0,차대차 - 측면충돌,신호위반,건조,맑음,교차로 - 교차로안,승용,남,74세,상해없음,화물,남,59세,경상
2020061700100385,2020년 6월 17일 16시,수요일,충청북도 옥천군 옥천읍,경상사고,0,0,2,0,차대차 - 측면충돌,직진우회전진행방해,건조,맑음,교차로 - 교차로안,승용,여,57세,경상,화물,남,35세,경상
2020061700100469,2020년 6월 17일 18시,수요일,충청북도 청주시 흥덕구 복대동,경상사고,0,0,1,0,차대차 - 기타,안전운전불이행,건조,맑음,단일로 - 기타,승용,여,39세,상해없음,이륜,남,47세,경상
2020061700100512,2020년 6월 17일 19시,수요일,충청북도 제천시 신백동,경상사고,0,0,1,0,차대사람 - 기타,안전운전불이행,건조,맑음,단일로 - 기타,승용,남,69세,상해없음,보행자,여,60세,경상
2020061700100570,2020년 6월 17일 21시,수요일,충청북도 청주시 흥덕구 봉명동,경상사고,0,0,1,0,차대차 - 기타,안전거리미확보,건조,맑음,단일로 - 기타,기타불명,기타불명,미분류,기타불명,특수,남,24세,경상
2020061700100603,2020년 6월 17일 22시,수요일,충청북도 청주시 청원구 사천동,경상사고,0,0,2,0,차대차 - 기타,교차로운행방법위반,건조,맑음,교차로 - 교차로부근,승용,여,46세,경상,승용,남,52세,상해없음
2020061700100629,2020년 6월 17일 23시,수요일,충청북도 청주시 청원구 오창읍,중상사고,0,1,1,0,차대차 - 기타,신호위반,건조,맑음,교차로 - 교차로안,승용,남,38세,경상,승용,남,30세,중상
2020061800100005,2020년 6월 18일 00시,목요일,충청북도 단양군 매포읍,경상사고,0,0,1,1,차대차 - 기타,중앙선침범,건조,맑음,기타 - 기타,승용,남,57세,상해없음,승용,남,65세,부상신고
2020061800100077,2020년 6월 18일 06시,목요일,충청북도 충주시 연수동,중상사고,0,1,2,0,차대차 - 추돌,안전운전불이행,건조,맑음,교차로 - 교차로부근,승합,남,64세,상해없음,화물,남,66세,경상
2020061800100132,2020년 6월 18일 08시,목요일,충청북도 보은군 보은읍,경상사고,0,0,1,0,차대차 - 측면충돌,안전운전불이행,건조,맑음,교차로 - 교차로안,자전거,여,59세,경상,승용,남,47세,상해없음
2020061800100133,2020년 6월 18일 08시,목요일,충청북도 청주시 흥덕구 신촌동,경상사고,0,0,1,0,차대차 - 추돌,안전운전불이행,건조,맑음,단일로 - 기타,승용,남,54세,상해없음,승용,여,60세,경상
2020061800100134,2020년 6월 18일 08시,목요일,충청북도 청주시 서원구 남이면,중상사고,0,1,0,0,차대차 - 추돌,안전거리미확보,건조,맑음,교차로 - 교차로부근,승용,여,58세,상해없음,승용,여,51세,중상
2020061800100135,2020년 6월 18일 08시,목요일,충청북도 청주시 상당구 용암동,경상사고,0,0,1,0,차대차 - 측면충돌,교차로운행방법위반,건조,맑음,교차로 - 교차로안,승용,남,70세,상해없음,승용,남,43세,경상
2020061800100136,2020년 6월 18일 08시,목요일,충청북도 청주시 상당구 금천동,중상사고,0,1,1,0,차대사람 - 횡단중,안전운전불이행,건조,맑음,교차로 - 교차로안,승용,여,47세,상해없음,보행자,여,78세,경상
2020061800100285,2020년 6월 18일 12시,목요일,충청북도 청주시 청원구 주성동,경상사고,0,0,1,0,차량단독 - 전도전복 - 전도,안전운전불이행,건조,맑음,단일로 - 기타,화물,남,37세,경상,,,,
2020061800100372,2020년 6월 18일 15시,목요일,충청북도 충주시 금릉동,중상사고,0,1,1,0,차대차 - 추돌,안전운전불이행,건조,맑음,단일로 - 기타,승용,여,67세,상해없음,승용,남,80세,경상
2020061800100373,2020년 6월 18일 15시,목요일,충청북도 단양군 가곡면,중상사고,0,2,0,0,차량단독 - 공작물충돌,안전운전불이행,건조,맑음,단일로 - 기타,승용,여,28세,중상,,,,
2020061800100401,2020년 6월 18일 16시,목요일,충청북도 제천시 화산동,중상사고,0,1,0,0,차대사람 - 횡단중,안전운전불이행,건조,맑음,교차로 - 교차로안,화물,남,54세,상해없음,보행자,여,57세,중상
2020061800100433,2020년 6월 18일 17시,목요일,충청북도 청주시 상당구 문화동,경상사고,0,0,1,0,차대사람 - 횡단중,보행자보호의무위반,건조,맑음,교차로 - 교차로횡단보도내,승용,여,26세,상해없음,보행자,여,18세,경상
2020061800100470,2020년 6월 18일 18시,목요일,충청북도 충주시 봉방동,경상사고,0,0,2,0,차대차 - 기타,교차로운행방법위반,건조,맑음,교차로 - 교차로안,승용,여,39세,경상,승용,남,63세,경상
2020061800100471,2020년 6월 18일 18시,목요일,충청북도 제천시 신백동,경상사고,0,0,1,0,차대차 - 측면충돌,직진우회전진행방해,건조,맑음,교차로 - 교차로안,이륜,남,17세,경상,화물,남,53세,상해없음
2020061800100472,2020년 6월 18일 18시,목요일,충청북도 제천시 신월동,경상사고,0,0,4,0,차대차 - 추돌,안전운전불이행,건조,맑음,단일로 - 기타,승용,남,33세,경상,승용,여,52세,경상
2020061800100541,2020년 6월 18일 20시,목요일,충청북도 청주시 흥덕구 가경동,중상사고,0,1,0,0,차대차 - 측면충돌,안전운전불이행,건조,맑음,교차로 - 교차로횡단보도내,자전거,남,11세,중상,승용,남,39세,상해없음
2020061800100576,2020년 6월 18일 21시,목요일,충청북도 충주시 살미면,경상사고,0,0,1,0,차대차 - 측면충돌,신호위반,건조,맑음,교차로 - 교차로안,화물,남,64세,상해없음,자전거,남,38세,경상
2020061800100629,2020년 6월 18일 23시,목요일,충청북도 증평군 증평읍,경상사고,0,0,1,0,차대차 - 추돌,안전운전불이행,건조,맑음,교차로 - 교차로부근,승용,남,43세,상해없음,승용,남,32세,경상
2020061800100630,2020년 6월 18일 23시,목요일,충청북도 진천군 광혜원면,경상사고,0,0,1,0,차대차 - 기타,중앙선침범,건조,흐림,단일로 - 기타,승용,남,20세,상해없음,원동기,남,41세,경상
2020061900100007,2020년 6월 19일 00시,금요일,충청북도 음성군 대소면,경상사고,0,0,3,0,차대차 - 기타,안전운전불이행,건조,맑음,교차로 - 교차로안,승용,남,51세,상해없음,승용,여,37세,경상
2020061900100081,2020년 6월 19일 07시,금요일,충청북도 청주시 청원구 오창읍,경상사고,0,0,1,0,차대차 - 측면충돌,안전운전불이행,건조,맑음,단일로 - 기타,승용,여,52세,상해없음,승용,여,25세,경상
2020061900100082,2020년 6월 19일 07시,금요일,충청북도 진천군 이월면,경상사고,0,0,1,0,차대차 - 측면충돌,안전운전불이행,건조,맑음,교차로 - 교차로안,화물,남,54세,상해없음,승용,남,43세,경상
2020061900100083,2020년 6월 19일 07시,금요일,충청북도 청주시 서원구 분평동,중상사고,0,1,0,0,차대사람 - 보도통행중,안전운전불이행,건조,맑음,교차로 - 교차로부근,화물,남,53세,상해없음,보행자,남,69세,중상
2020061900100151,2020년 6월 19일 09시,금요일,충청북도 청주시 흥덕구 신봉동,경상사고,0,0,2,0,차대차 - 기타,신호위반,건조,맑음,교차로 - 교차로안,승용,여,56세,상해없음,승용,여,56세,경상
2020061900100189,2020년 6월 19일 10시,금요일,충청북도 청주시 흥덕구 강서동,경상사고,0,0,1,0,차대차 - 측면충돌,안전운전불이행,건조,맑음,교차로 - 교차로안,승용,남,34세,상해없음,승용,여,44세,경상
2020061900100190,2020년 6월 19일 10시,금요일,충청북도 청주시 흥덕구 강서동,경상사고,0,0,1,0,차대차 - 측면충돌,안전거리미확보,건조,맑음,단일로 - 기타,승용,여,44세,상해없음,승용,여,36세,경상
2020061900100223,2020년 6월 19일 11시,금요일,충청북도 괴산군 괴산읍,중상사고,0,1,0,0,차대사람 - 횡단중,보행자보호의무위반,건조,맑음,단일로 - 기타,승용,남,43세,상해없음,보행자,남,66세,중상
2020061900100272,2020년 6월 19일 12시,금요일,충청북도 청주시 서원구 개신동,경상사고,0,0,1,0,차대차 - 측면충돌,교차로운행방법위반,건조,맑음,교차로 - 교차로안,승용,남,41세,경상,승용,남,70세,상해없음
2020061900100313,2020년 6월 19일 13시,금요일,충청북도 제천시 장락동,경상사고,0,0,2,0,차대차 - 추돌,안전운전불이행,건조,맑음,교차로 - 교차로안,승용,남,53세,상해없음,승용,여,56세,경상
2020061900100348,2020년 6월 19일 14시,금요일,충청북도 진천군 덕산면,중상사고,0,1,1,0,차대차 - 측면충돌,직진우회전진행방해,건조,맑음,교차로 - 교차로안,원동기,남,67세,중상,승용,여,24세,경상
2020061900100387,2020년 6월 19일 15시,금요일,충청북도 청주시 서원구 사창동,경상사고,0,0,1,0,차대사람 - 기타,안전운전불이행,건조,맑음,단일로 - 기타,승용,남,51세,기타불명,보행자,여,18세,경상
2020061900100388,2020년 6월 19일 15시,금요일,충청북도 충주시 연수동,경상사고,0,0,4,0,차대차 - 기타,신호위반,건조,맑음,교차로 - 교차로안,승용,여,58세,경상,승용,남,74세,경상
2020061900100389,2020년 6월 19일 15시,금요일,충청북도 제천시 중앙로1가,경상사고,0,0,1,0,차대차 - 측면충돌,안전운전불이행,건조,맑음,단일로 - 지하차도(도로)내,승용,여,43세,상해없음,승용,남,58세,경상
2020061900100390,2020년 6월 19일 15시,금요일,충청북도 보은군 보은읍,경상사고,0,0,1,0,차대차 - 기타,안전운전불이행,건조,맑음,단일로 - 기타,승용,남,67세,상해없음,자전거,남,9세,경상
2020061900100392,2020년 6월 19일 15시,금요일,충청북도 청주시 서원구 분평동,경상사고,0,0,1,0,차대차 - 기타,안전운전불이행,건조,맑음,단일로 - 지하차도(도로)내,승용,남,34세,상해없음,이륜,남,37세,경상
2020061900100432,2020년 6월 19일 16시,금요일,충청북도 청주시 상당구 북문로3가동,중상사고,0,1,0,0,차대차 - 측면충돌,안전운전불이행,건조,맑음,단일로 - 기타,이륜,남,30세,중상,승용,남,25세,상해없음
2020061900100433,2020년 6월 19일 16시,금요일,충청북도 청주시 청원구 오동동,중상사고,0,1,3,0,차대차 - 추돌,안전운전불이행,건조,맑음,교차로 - 교차로부근,승용,남,43세,상해없음,승용,여,57세,중상
2020061900100435,2020년 6월 19일 16시,금요일,충청북도 청주시 서원구 미평동,경상사고,0,0,3,0,차대차 - 추돌,안전운전불이행,건조,맑음,단일로 - 기타,승용,여,53세,상해없음,승용,남,30세,경상
2020061900100436,2020년 6월 19일 16시,금요일,충청북도 충주시 노은면,부상신고사고,0,0,0,1,차대차 - 추돌,안전운전불이행,건조,맑음,단일로 - 지하차도(도로)내,특수,남,45세,부상신고,화물,남,60세,상해없음
2020061900100558,2020년 6월 19일 18시,금요일,충청북도 청주시 흥덕구 석소동,경상사고,0,0,1,0,차대차 - 측면충돌,안전운전불이행,건조,맑음,단일로 - 기타,승용,남,23세,상해없음,승용,남,30세,경상
2020061900100607,2020년 6월 19일 19시,금요일,충청북도 청주시 청원구 오창읍,경상사고,0,0,2,0,차대차 - 기타,안전운전불이행,건조,맑음,교차로 - 교차로부근,승용,남,30세,경상,이륜,남,26세,경상
2020061900100608,2020년 6월 19일 19시,금요일,충청북도 증평군 도안면,중상사고,0,1,0,0,차대사람 - 기타,안전운전불이행,건조,맑음,단일로 - 기타,승용,남,68세,상해없음,보행자,남,87세,중상
2020061900100609,2020년 6월 19일 19시,금요일,충청북도 보은군 삼승면,경상사고,0,0,2,0,차대차 - 측면충돌,신호위반,건조,맑음,교차로 - 교차로안,승용,남,56세,상해없음,승용,여,44세,경상
2020061900100645,2020년 6월 19일 20시,금요일,충청북도 음성군 금왕읍,경상사고,0,0,2,0,차대차 - 측면충돌,기타,건조,맑음,교차로 - 교차로안,승합,남,59세,상해없음,승용,남,26세,경상
2020061900100646,2020년 6월 19일 20시,금요일,충청북도 음성군 감곡면,중상사고,0,1,0,0,차량단독 - 전도전복 - 전도,안전운전불이행,건조,맑음,단일로 - 지하차도(도로)내,이륜,남,41세,중상,,,,
2020061900100647,2020년 6월 19일 20시,금요일,충청북도 청주시 상당구 낭성면,경상사고,0,0,2,0,차대차 - 추돌,안전운전불이행,건조,맑음,단일로 - 지하차도(도로)내,승용,남,31세,상해없음,승용,여,58세,경상
2020061900100683,2020년 6월 19일 21시,금요일,충청북도 청주시 상당구 낭성면,중상사고,0,1,1,0,차대차 - 추돌,안전운전불이행,건조,맑음,단일로 - 지하차도(도로)내,화물,남,59세,중상,승용,남,27세,경상
2020061900100716,2020년 6월 19일 22시,금요일,충청북도 진천군 덕산면,경상사고,0,0,1,0,차대차 - 기타,안전운전불이행,건조,맑음,단일로 - 기타,승용,남,43세,상해없음,승용,여,65세,경상
2020061900100743,2020년 6월 19일 23시,금요일,충청북도 청주시 상당구 영운동,경상사고,0,0,3,0,차대차 - 추돌,안전운전불이행,건조,맑음,단일로 - 기타,화물,남,54세,상해없음,승용,남,52세,경상
2020062000100049,2020년 6월 20일 03시,토요일,충청북도 청주시 청원구 내덕동,경상사고,0,0,1,0,차대차 - 추돌,안전거리미확보,건조,맑음,교차로 - 교차로부근,승용,남,61세,상해없음,이륜,남,17세,경상
2020062000100050,2020년 6월 20일 03시,토요일,충청북도 음성군 대소면,경상사고,0,0,1,0,차량단독 - 공작물충돌,안전운전불이행,건조,맑음,단일로 - 지하차도(도로)내,승용,남,31세,경상,,,,
2020062000100089,2020년 6월 20일 07시,토요일,충청북도 충주시 중앙탑면,경상사고,0,0,1,0,차대차 - 기타,교차로운행방법위반,건조,맑음,교차로 - 교차로안,사륜오토바이(ATV),남,76세,경상,승용,남,75세,상해없음
2020062000100090,2020년 6월 20일 07시,토요일,충청북도 청주시 흥덕구 복대동,중상사고,0,1,0,0,차대차 - 기타,안전운전불이행,건조,맑음,단일로 - 기타,승용,남,54세,상해없음,자전거,남,63세,중상
2020062000100105,2020년 6월 20일 08시,토요일,충청북도 청주시 흥덕구 봉명동,경상사고,0,0,1,0,차대차 - 기타,안전거리미확보,건조,맑음,단일로 - 기타,승용,여,40세,상해없음,화물,남,48세,경상
2020062000100137,2020년 6월 20일 09시,토요일,충청북도 청주시 서원구 사직동,경상사고,0,0,1,0,차대차 - 측면충돌,안전운전불이행,건조,맑음,단일로 - 기타,승용,남,75세,상해없음,승용,남,25세,경상
2020062000100138,2020년 6월 20일 09시,토요일,충청북도 괴산군 감물면,경상사고,0,0,1,0,차대차 - 측면충돌,안전운전불이행,건조,맑음,단일로 - 기타,승용,여,68세,경상,화물,남,52세,상해없음
2020062000100139,2020년 6월 20일 09시,토요일,충청북도 괴산군 청천면,경상사고,0,0,1,0,차대차 - 측면충돌,안전운전불이행,건조,맑음,교차로 - 교차로안,승용,여,78세,상해없음,승용,남,55세,경상
2020062000100140,2020년 6월 20일 09시,토요일,충청북도 단양군 대강면,중상사고,0,1,0,0,차대사람 - 기타,안전운전불이행,건조,맑음,교차로 - 교차로안,화물,남,69세,상해없음,보행자,여,83세,중상
2020062000100141,2020년 6월 20일 09시,토요일,충청북도 청주시 상당구 영운동,경상사고,0,0,2,0,차대차 - 기타,기타,건조,맑음,교차로 - 교차로부근,승용,남,28세,상해없음,승용,남,43세,경상
2020062000100173,2020년 6월 20일 10시,토요일,충청북도 충주시 연수동,경상사고,0,0,1,0,차대차 - 측면충돌,교차로운행방법위반,건조,맑음,교차로 - 교차로부근,승용,여,28세,상해없음,자전거,남,75세,경상
2020062000100204,2020년 6월 20일 11시,토요일,충청북도 청주시 청원구 우암동,경상사고,0,0,1,0,차대차 - 측면충돌,차로위반,건조,맑음,단일로 - 기타,승용,남,59세,상해없음,승용,남,58세,경상
2020062000100205,2020년 6월 20일 11시,토요일,충청북도 증평군 증평읍,부상신고사고,0,0,0,1,차량단독 - 전도전복 - 전도,안전운전불이행,건조,맑음,단일로 - 기타,원동기,남,22세,부상신고,,,,
2020062000100206,2020년 6월 20일 11시,토요일,충청북도 청주시 상당구 용암동,중상사고,0,1,2,0,차대차 - 정면충돌,안전운전불이행,건조,맑음,교차로 - 교차로안,승용,남,59세,상해없음,원동기,남,44세,중상
2020062000100263,2020년 6월 20일 12시,토요일,충청북도 제천시 송학면,경상사고,0,0,3,1,차량단독 - 공작물충돌,안전운전불이행,건조,맑음,교차로 - 교차로부근,승용,여,62세,상해없음,,,,
2020062000100264,2020년 6월 20일 12시,토요일,충청북도 영동군 매곡면,사망사고,1,1,0,0,차대차 - 측면충돌,안전운전불이행,건조,맑음,단일로 - 기타,화물,남,69세,사망,승용,남,65세,중상
2020062000100307,2020년 6월 20일 13시,토요일,충청북도 진천군 진천읍,경상사고,0,0,5,0,차대차 - 추돌,안전운전불이행,건조,맑음,교차로 - 교차로부근,승용,남,57세,상해없음,승용,남,41세,경상
2020062000100308,2020년 6월 20일 13시,토요일,충청북도 청주시 흥덕구 복대동,중상사고,0,1,0,0,차대차 - 기타,안전운전불이행,건조,맑음,교차로 - 교차로안,승용,남,30세,상해없음,이륜,남,34세,중상
2020062000100309,2020년 6월 20일 13시,토요일,충청북도 청주시 상당구 금천동,중상사고,0,1,0,0,차량단독 - 공작물충돌,안전운전불이행,건조,맑음,단일로 - 지하차도(도로)내,이륜,남,49세,중상,,,,
2020062000100346,2020년 6월 20일 14시,토요일,충청북도 충주시 충인동,경상사고,0,0,1,0,차대차 - 기타,직진우회전진행방해,건조,맑음,교차로 - 교차로안,승용,남,58세,상해없음,이륜,여,69세,경상
2020062000100347,2020년 6월 20일 14시,토요일,충청북도 청주시 흥덕구 비하동,경상사고,0,0,4,0,차대차 - 측면충돌,직진우회전진행방해,건조,맑음,교차로 - 교차로안,승용,남,51세,상해없음,승용,남,47세,경상
2020062000100348,2020년 6월 20일 14시,토요일,충청북도 청주시 상당구 북문로1가동,경상사고,0,0,2,0,차대차 - 측면충돌,기타,건조,맑음,교차로 - 교차로안,이륜,남,60세,경상,승용,여,48세,경상
2020062000100391,2020년 6월 20일 15시,토요일,충청북도 청주시 청원구 오창읍,경상사고,0,0,2,0,차대차 - 추돌,안전거리미확보,건조,맑음,단일로 - 기타,화물,남,45세,상해없음,화물,남,57세,경상
2020062000100392,2020년 6월 20일 15시,토요일,충청북도 청주시 흥덕구 상신동,중상사고,0,1,0,0,차대차 - 추돌,안전거리미확보,건조,맑음,단일로 - 기타,화물,남,59세,상해없음,화물,남,26세,중상
2020062000100429,2020년 6월 20일 16시,토요일,충청북도 증평군 증평읍,중상사고,0,1,0,0,차대사람 - 횡단중,보행자보호의무위반,건조,맑음,교차로 - 교차로횡단보도내,승용,남,48세,상해없음,보행자,여,37세,중상
2020062000100465,2020년 6월 20일 17시,토요일,충청북도 음성군 음성읍,경상사고,0,0,2,0,차대차 - 측면충돌,교차로운행방법위반,건조,맑음,교차로 - 교차로안,승용,남,57세,경상,화물,남,24세,경상
2020062000100508,2020년 6월 20일 18시,토요일,충청북도 충주시 연수동,경상사고,0,0,1,0,차대차 - 후진중충돌,안전운전불이행,건조,맑음,단일로 - 기타,승용,남,32세,상해없음,이륜,남,47세,경상
2020062000100509,2020년 6월 20일 18시,토요일,충청북도 옥천군 옥천읍,경상사고,0,0,1,0,차대차 - 측면충돌,안전운전불이행,건조,맑음,단일로 - 기타,자전거,남,8세,경상,승용,남,36세,상해없음
2020062000100554,2020년 6월 20일 19시,토요일,충청북도 청주시 청원구 오창읍,경상사고,0,0,2,0,차대차 - 측면충돌,신호위반,건조,맑음,교차로 - 교차로안,화물,남,56세,상해없음,승용,남,33세,경상
2020062000100555,2020년 6월 20일 19시,토요일,충청북도 청주시 서원구 성화동,경상사고,0,0,1,0,차대차 - 측면충돌,직진우회전진행방해,건조,맑음,교차로 - 교차로안,승합,남,25세,상해없음,자전거,남,23세,경상
2020062000100584,2020년 6월 20일 20시,토요일,충청북도 충주시 연수동,중상사고,0,1,1,0,차대사람 - 차도통행중,안전운전불이행,건조,흐림,단일로 - 기타,승용,남,60세,상해없음,보행자,여,76세,중상
2020062000100585,2020년 6월 20일 20시,토요일,충청북도 충주시 성서동,경상사고,0,0,1,0,차대사람 - 차도통행중,안전운전불이행,건조,맑음,단일로 - 기타,승용,여,21세,상해없음,보행자,여,54세,경상
2020062100100046,2020년 6월 21일 02시,일요일,충청북도 청주시 청원구 주중동,중상사고,0,1,2,0,차대차 - 추돌,안전운전불이행,건조,맑음,교차로 - 교차로부근,승용,남,35세,상해없음,화물,남,59세,경상
2020062100100053,2020년 6월 21일 03시,일요일,충청북도 청주시 흥덕구 운천동,경상사고,0,0,3,0,차대차 - 측면충돌,신호위반,건조,맑음,교차로 - 교차로안,승용,남,65세,상해없음,승용,남,24세,경상
2020062100100054,2020년 6월 21일 03시,일요일,충청북도 청주시 흥덕구 복대동,중상사고,0,1,1,0,차대차 - 추돌,안전운전불이행,건조,맑음,단일로 - 기타,승용,남,35세,상해없음,승용,여,61세,경상