사고번호,사고일시,요일,시군구,사고내용,사망자수,중상자수,경상자수,부상신고자수,사고유형,법규위반,노면상태,기상상태,도로형태,가해운전자 차종,가해운전자 성별,가해운전자 연령,가해운전자 상해정도,피해운전자 차종,피해운전자 성별,피해운전자 연령,피해운전자 상해정도
2020062100100082,2020년 6월 21일 06시,일요일,충청북도 영동군 양산면,중상사고,0,1,1,0,차대차 - 측면충돌,직진우회전진행방해,건조,맑음,교차로 - 교차로안,승합,남,57세,경상,화물,남,61세,중상
2020062100100099,2020년 6월 21일 07시,일요일,충청북도 괴산군 칠성면,경상사고,0,0,1,0,차대차 - 측면충돌,안전운전불이행,건조,맑음,교차로 - 교차로안,승용,여,63세,상해없음,이륜,남,82세,경상
2020062100100145,2020년 6월 21일 10시,일요일,충청북도 청주시 흥덕구 강서동,경상사고,0,0,1,0,차대차 - 기타,차로위반,건조,맑음,교차로 - 교차로안,승용,남,55세,상해없음,승용,여,28세,경상
2020062100100146,2020년 6월 21일 10시,일요일,충청북도 청주시 흥덕구 복대동,경상사고,0,0,1,0,차대차 - 기타,안전운전불이행,건조,맑음,단일로 - 기타,승용,남,28세,상해없음,화물,남,41세,경상
2020062100100168,2020년 6월 21일 11시,일요일,충청북도 제천시 봉양읍,경상사고,0,0,1,0,차대차 - 정면충돌,중앙선침범,건조,맑음,단일로 - 기타,이륜,남,58세,상해없음,승용,남,55세,경상
2020062100100221,2020년 6월 21일 13시,일요일,충청북도 충주시 칠금동,경상사고,0,0,1,0,차대차 - 기타,안전운전불이행,건조,맑음,교차로 - 교차로안,자전거,남,59세,경상,승용,남,51세,상해없음
2020062100100222,2020년 6월 21일 13시,일요일,충청북도 괴산군 괴산읍,중상사고,0,1,1,0,차량단독 - 기타,안전운전불이행,건조,맑음,단일로 - 기타,개인형이동수단(PM),남,14세,경상,,,,
2020062100100223,2020년 6월 21일 13시,일요일,충청북도 음성군 소이면,사망사고,1,1,2,0,차대차 - 정면충돌,안전운전불이행,건조,맑음,단일로 - 기타,화물,남,60세,경상,화물,남,59세,사망
2020062100100249,2020년 6월 21일 14시,일요일,충청북도 진천군 진천읍,경상사고,0,0,1,0,차대사람 - 횡단중,안전운전불이행,건조,맑음,단일로 - 기타,승용,여,64세,상해없음,보행자,남,2세,경상
2020062100100250,2020년 6월 21일 14시,일요일,충청북도 청주시 상당구 남일면,경상사고,0,0,1,0,차대차 - 측면충돌,안전운전불이행,건조,맑음,단일로 - 지하차도(도로)내,이륜,남,55세,경상,승용,남,43세,상해없음
2020062100100291,2020년 6월 21일 15시,일요일,충청북도 청주시 서원구 남이면,중상사고,0,1,0,0,차대사람 - 기타,안전운전불이행,건조,맑음,교차로 - 교차로안,승용,여,34세,상해없음,보행자,여,65세,중상
2020062100100326,2020년 6월 21일 16시,일요일,충청북도 괴산군 사리면,경상사고,0,0,1,0,차대차 - 기타,차로위반,건조,맑음,단일로 - 기타,화물,남,74세,상해없음,승합,남,62세,경상
2020062100100354,2020년 6월 21일 17시,일요일,충청북도 청주시 청원구 오창읍,경상사고,0,0,1,0,차대차 - 기타,안전운전불이행,건조,맑음,단일로 - 기타,이륜,남,36세,상해없음,승용,남,19세,경상
2020062100100355,2020년 6월 21일 17시,일요일,충청북도 충주시 칠금동,경상사고,0,0,4,0,차대차 - 추돌,안전거리미확보,건조,맑음,단일로 - 기타,승용,남,23세,경상,승용,남,58세,경상
2020062100100416,2020년 6월 21일 19시,일요일,충청북도 증평군 증평읍,부상신고사고,0,0,0,1,차대차 - 측면충돌,안전운전불이행,건조,맑음,단일로 - 기타,자전거,남,53세,부상신고,이륜,남,19세,상해없음
2020062100100417,2020년 6월 21일 19시,일요일,충청북도 청주시 상당구 용암동,경상사고,0,0,1,0,차대차 - 측면충돌,안전운전불이행,건조,맑음,교차로 - 교차로안,승용,남,68세,상해없음,이륜,남,28세,경상
2020062100100447,2020년 6월 21일 20시,일요일,충청북도 충주시 용탄동,경상사고,0,0,2,0,차대차 - 기타,안전거리미확보,건조,흐림,교차로 - 교차로부근,승용,여,41세,상해없음,승용,여,41세,경상
2020062100100471,2020년 6월 21일 21시,일요일,충청북도 충주시 칠금동,중상사고,0,1,0,0,차대사람 - 횡단중,안전운전불이행,건조,맑음,교차로 - 교차로안,승용,남,29세,상해없음,보행자,남,48세,중상
2020062100100472,2020년 6월 21일 21시,일요일,충청북도 청주시 서원구 죽림동,경상사고,0,0,1,0,차대차 - 추돌,안전운전불이행,건조,맑음,교차로 - 교차로부근,승용,여,53세,상해없음,승용,남,51세,경상
2020062100100473,2020년 6월 21일 21시,일요일,충청북도 청주시 서원구 분평동,경상사고,0,0,1,0,차대사람 - 길가장자리구역통행중,안전운전불이행,건조,맑음,교차로 - 교차로부근,승용,남,59세,상해없음,보행자,여,45세,경상
2020062100100513,2020년 6월 21일 23시,일요일,충청북도 음성군 대소면,경상사고,0,0,1,0,차대사람 - 차도통행중,중앙선침범,건조,맑음,단일로 - 지하차도(도로)내,승용,여,49세,상해없음,보행자,남,53세,경상
2020062200100060,2020년 6월 22일 06시,월요일,충청북도 진천군 백곡면,중상사고,0,1,0,0,차량단독 - 공작물충돌,안전운전불이행,건조,맑음,단일로 - 기타,승용,여,59세,중상,,,,
2020062200100076,2020년 6월 22일 07시,월요일,충청북도 음성군 감곡면,경상사고,0,0,1,0,차대차 - 기타,안전거리미확보,건조,맑음,단일로 - 지하차도(도로)내,승용,여,48세,상해없음,자전거,여,59세,경상
2020062200100113,2020년 6월 22일 08시,월요일,충청북도 충주시 칠금동,중상사고,0,1,0,0,차량단독 - 기타,안전운전불이행,건조,맑음,단일로 - 기타,자전거,여,53세,중상,,,,
2020062200100260,2020년 6월 22일 11시,월요일,충청북도 증평군 증평읍,경상사고,0,0,1,0,차대차 - 측면충돌,직진우회전진행방해,건조,맑음,교차로 - 교차로안,승용,여,44세,경상,승용,남,48세,상해없음
2020062200100261,2020년 6월 22일 11시,월요일,충청북도 청주시 흥덕구 송절동,경상사고,0,0,2,0,차대차 - 기타,교차로운행방법위반,건조,맑음,교차로 - 교차로안,승용,남,24세,경상,승용,남,78세,경상
2020062200100262,2020년 6월 22일 11시,월요일,충청북도 청주시 서원구 현도면,중상사고,0,1,0,0,차대차 - 기타,안전운전불이행,건조,맑음,단일로 - 기타,승용,여,60세,상해없음,이륜,남,76세,중상
2020062200100263,2020년 6월 22일 11시,월요일,충청북도 청주시 상당구 용암동,중상사고,0,1,0,0,차대차 - 기타,안전운전불이행,건조,맑음,교차로 - 교차로안,화물,남,57세,상해없음,승용,남,47세,중상
2020062200100287,2020년 6월 22일 12시,월요일,충청북도 청주시 청원구 우암동,경상사고,0,0,1,0,차대차 - 측면충돌,안전운전불이행,건조,맑음,단일로 - 기타,승용,여,39세,상해없음,자전거,남,26세,경상
2020062200100288,2020년 6월 22일 12시,월요일,충청북도 음성군 음성읍,경상사고,0,0,1,0,차대사람 - 기타,안전운전불이행,건조,맑음,단일로 - 기타,승용,여,59세,상해없음,보행자,여,48세,경상
2020062200100289,2020년 6월 22일 12시,월요일,충청북도 단양군 매포읍,경상사고,0,0,1,0,차대차 - 측면충돌,안전운전불이행,건조,맑음,단일로 - 기타,승용,남,39세,상해없음,승용,남,43세,경상
2020062200100290,2020년 6월 22일 12시,월요일,충청북도 청주시 서원구 성화동,경상사고,0,0,1,0,차대차 - 기타,안전운전불이행,건조,맑음,교차로 - 교차로안,승용,남,78세,상해없음,승용,남,57세,경상
2020062200100373,2020년 6월 22일 14시,월요일,충청북도 청주시 상당구 영운동,중상사고,0,1,0,0,차대차 - 측면충돌,교차로운행방법위반,건조,맑음,교차로 - 교차로안,이륜,남,51세,상해없음,자전거,남,14세,중상
2020062200100374,2020년 6월 22일 14시,월요일,충청북도 음성군 감곡면,경상사고,0,0,1,0,차대차 - 측면충돌,안전운전불이행,건조,맑음,단일로 - 기타,화물,남,53세,상해없음,승용,남,38세,경상
2020062200100418,2020년 6월 22일 15시,월요일,충청북도 청주시 청원구 오창읍,경상사고,0,0,1,0,차대차 - 추돌,안전거리미확보,건조,맑음,단일로 - 기타,화물,남,64세,기타불명,화물,남,50세,경상
2020062200100419,2020년 6월 22일 15시,월요일,충청북도 제천시 왕암동,경상사고,0,0,1,0,차대차 - 측면충돌,안전거리미확보,건조,맑음,교차로 - 교차로안,승용,남,57세,상해없음,승용,여,62세,경상
2020062200100420,2020년 6월 22일 15시,월요일,충청북도 증평군 증평읍,경상사고,0,0,2,0,차대차 - 추돌,안전거리미확보,건조,맑음,단일로 - 기타,화물,남,50세,상해없음,화물,남,32세,경상
2020062200100466,2020년 6월 22일 16시,월요일,충청북도 청주시 청원구 율량동,경상사고,0,0,2,0,차대차 - 추돌,안전운전불이행,건조,맑음,교차로 - 교차로부근,승용,남,54세,상해없음,승용,여,25세,경상
2020062200100467,2020년 6월 22일 16시,월요일,충청북도 괴산군 소수면,경상사고,0,0,3,0,차대차 - 측면충돌,안전운전불이행,건조,맑음,단일로 - 기타,승용,남,56세,경상,승용,남,45세,경상
2020062200100468,2020년 6월 22일 16시,월요일,충청북도 음성군 금왕읍,중상사고,0,1,0,0,차대차 - 측면충돌,직진우회전진행방해,건조,맑음,교차로 - 교차로안,승합,여,56세,상해없음,승용,여,65세,중상
2020062200100534,2020년 6월 22일 17시,월요일,충청북도 진천군 진천읍,경상사고,0,0,3,0,차대차 - 기타,안전운전불이행,건조,맑음,교차로 - 교차로안,승용,여,62세,상해없음,승용,남,77세,경상
2020062200100535,2020년 6월 22일 17시,월요일,충청북도 청주시 상당구 대성동,경상사고,0,0,3,0,차대차 - 측면충돌,안전거리미확보,건조,맑음,교차로 - 교차로부근,승용,남,59세,상해없음,승용,남,23세,경상
2020062200100583,2020년 6월 22일 18시,월요일,충청북도 청주시 청원구 사천동,경상사고,0,0,1,0,차대차 - 기타,안전운전불이행,건조,맑음,교차로 - 교차로안,자전거,남,88세,경상,기타불명,기타불명,미분류,기타불명
2020062200100584,2020년 6월 22일 18시,월요일,충청북도 음성군 감곡면,경상사고,0,0,1,0,차대차 - 측면충돌,안전거리미확보,건조,맑음,교차로 - 교차로안,승용,남,60세,상해없음,이륜,남,27세,경상
2020062200100626,2020년 6월 22일 19시,월요일,충청북도 진천군 진천읍,중상사고,0,1,0,0,차대차 - 측면충돌,안전운전불이행,건조,맑음,교차로 - 교차로안,승용,여,62세,상해없음,자전거,남,67세,중상
2020062200100687,2020년 6월 22일 21시,월요일,충청북도 청주시 청원구 사천동,경상사고,0,0,1,0,차대차 - 기타,안전운전불이행,건조,맑음,교차로 - 교차로부근,승용,남,63세,상해없음,승용,남,25세,경상
2020062200100688,2020년 6월 22일 21시,월요일,충청북도 청주시 흥덕구 봉명동,중상사고,0,1,0,0,차대차 - 측면충돌,안전운전불이행,건조,맑음,교차로 - 교차로안,승용,남,58세,상해없음,이륜,남,21세,중상
2020062300100036,2020년 6월 23일 03시,화요일,충청북도 단양군 매포읍,경상사고,0,0,1,0,차량단독 - 공작물충돌,안전운전불이행,건조,맑음,기타 - 기타,건설기계,남,62세,경상,,,,
2020062300100045,2020년 6월 23일 05시,화요일,충청북도 청주시 청원구 내덕동,경상사고,0,0,1,0,차대차 - 기타,차로위반,건조,맑음,단일로 - 기타,이륜,남,65세,상해없음,승용,남,74세,상해없음
2020062300100079,2020년 6월 23일 07시,화요일,충청북도 청주시 청원구 오창읍,경상사고,0,0,1,0,차대차 - 기타,중앙선침범,건조,맑음,단일로 - 기타,승용,남,33세,상해없음,승용,남,39세,경상
2020062300100080,2020년 6월 23일 07시,화요일,충청북도 청주시 청원구 율량동,경상사고,0,0,5,0,차대차 - 측면충돌,기타,건조,맑음,교차로 - 교차로안,승용,남,32세,상해없음,승합,남,65세,경상
2020062300100121,2020년 6월 23일 08시,화요일,충청북도 괴산군 불정면,중상사고,0,1,0,0,차대차 - 측면충돌,안전운전불이행,건조,맑음,교차로 - 교차로안,승용,남,33세,상해없음,이륜,남,86세,중상
2020062300100176,2020년 6월 23일 09시,화요일,충청북도 제천시 고암동,경상사고,0,0,2,0,차대차 - 측면충돌,안전운전불이행,건조,맑음,단일로 - 기타,승용,여,47세,상해없음,승용,남,45세,경상
2020062300100177,2020년 6월 23일 09시,화요일,충청북도 청주시 흥덕구 비하동,경상사고,0,0,6,0,차대차 - 추돌,안전운전불이행,건조,맑음,교차로 - 교차로부근,승용,여,39세,경상,승용,남,24세,경상
2020062300100214,2020년 6월 23일 10시,화요일,충청북도 충주시 살미면,경상사고,0,0,1,0,차대차 - 측면충돌,안전운전불이행,건조,맑음,교차로 - 교차로부근,건설기계,남,62세,상해없음,승용,여,62세,경상
2020062300100215,2020년 6월 23일 10시,화요일,충청북도 청주시 상당구 문화동,경상사고,0,0,3,0,차대차 - 추돌,안전운전불이행,건조,맑음,단일로 - 지하차도(도로)내,승용,남,41세,상해없음,화물,남,28세,상해없음
2020062300100259,2020년 6월 23일 11시,화요일,충청북도 청주시 청원구 내수읍,경상사고,0,0,4,0,차대차 - 측면충돌,교차로운행방법위반,건조,맑음,교차로 - 교차로안,화물,남,54세,경상,승용,남,71세,경상
2020062300100297,2020년 6월 23일 12시,화요일,충청북도 증평군 증평읍,경상사고,0,0,1,0,차대차 - 측면충돌,교차로운행방법위반,건조,맑음,교차로 - 교차로안,자전거,남,11세,상해없음,이륜,남,47세,경상
2020062300100321,2020년 6월 23일 13시,화요일,충청북도 진천군 진천읍,경상사고,0,0,1,0,차대사람 - 횡단중,안전운전불이행,건조,맑음,교차로 - 교차로안,승용,남,58세,상해없음,보행자,남,26세,경상
2020062300100350,2020년 6월 23일 14시,화요일,충청북도 청주시 서원구 사창동,경상사고,0,0,1,0,차대차 - 기타,안전운전불이행,건조,맑음,단일로 - 기타,승용,여,51세,기타불명,승용,남,35세,경상
2020062300100382,2020년 6월 23일 15시,화요일,충청북도 제천시 중앙로2가,경상사고,0,0,1,0,차대차 - 측면충돌,직진우회전진행방해,건조,맑음,교차로 - 교차로안,이륜,남,21세,상해없음,승용,여,35세,경상
2020062300100383,2020년 6월 23일 15시,화요일,충청북도 청주시 상당구 문화동,경상사고,0,0,1,0,차대사람 - 기타,안전운전불이행,건조,맑음,단일로 - 기타,승합,남,47세,상해없음,보행자,여,76세,경상
2020062300100417,2020년 6월 23일 16시,화요일,충청북도 청주시 청원구 율량동,경상사고,0,0,1,0,차대차 - 기타,교차로운행방법위반,건조,맑음,교차로 - 교차로안,승용,남,52세,상해없음,자전거,남,72세,경상
2020062300100420,2020년 6월 23일 16시,화요일,충청북도 청주시 흥덕구 지동동,경상사고,0,0,2,0,차대차 - 측면충돌,신호위반,건조,맑음,교차로 - 교차로안,화물,남,61세,상해없음,승용,여,38세,경상
2020062300100470,2020년 6월 23일 17시,화요일,충청북도 청주시 청원구 우암동,경상사고,0,0,1,0,차대차 - 기타,안전운전불이행,건조,맑음,교차로 - 교차로부근,승용,남,41세,상해없음,자전거,남,74세,경상
2020062300100471,2020년 6월 23일 17시,화요일,충청북도 옥천군 청산면,중상사고,0,1,0,0,차대차 - 측면충돌,교차로운행방법위반,건조,맑음,교차로 - 교차로안,화물,남,61세,상해없음,원동기,남,21세,중상
2020062300100517,2020년 6월 23일 18시,화요일,충청북도 청주시 흥덕구 봉명동,경상사고,0,0,1,0,차대사람 - 횡단중,안전운전불이행,건조,맑음,단일로 - 기타,이륜,남,24세,기타불명,보행자,남,3세,경상
2020062300100563,2020년 6월 23일 19시,화요일,충청북도 충주시 교현동,경상사고,0,0,4,0,차대차 - 측면충돌,신호위반,건조,맑음,교차로 - 교차로안,승용,남,60세,경상,승용,여,46세,경상
2020062300100564,2020년 6월 23일 19시,화요일,충청북도 청주시 흥덕구 봉명동,중상사고,0,1,1,0,차대차 - 측면충돌,중앙선침범,건조,맑음,단일로 - 기타,승용,여,30세,상해없음,원동기,남,27세,중상
2020062300100641,2020년 6월 23일 21시,화요일,충청북도 영동군 황간면,중상사고,0,1,0,0,차대사람 - 기타,안전운전불이행,건조,맑음,단일로 - 기타,화물,남,43세,상해없음,보행자,남,43세,중상
2020062300100642,2020년 6월 23일 21시,화요일,충청북도 청주시 상당구 석교동,경상사고,0,0,1,0,차대차 - 정면충돌,중앙선침범,건조,맑음,단일로 - 지하차도(도로)내,승용,남,59세,상해없음,화물,남,48세,상해없음
2020062300100667,2020년 6월 23일 22시,화요일,충청북도 음성군 금왕읍,경상사고,0,0,3,0,차대차 - 추돌,중앙선침범,건조,맑음,단일로 - 기타,승용,남,74세,상해없음,승용,남,39세,경상
2020062400100032,2020년 6월 24일 03시,수요일,충청북도 청주시 서원구 사직동,중상사고,0,1,0,0,차대차 - 정면충돌,신호위반,건조,맑음,교차로 - 교차로안,이륜,남,26세,중상,승용,남,66세,상해없음
2020062400100075,2020년 6월 24일 07시,수요일,충청북도 청주시 청원구 사천동,경상사고,0,0,1,0,차대차 - 기타,안전운전불이행,젖음/습기,비,교차로 - 교차로부근,승용,남,75세,상해없음,승용,남,26세,경상
2020062400100076,2020년 6월 24일 07시,수요일,충청북도 청주시 흥덕구 정봉동,중상사고,0,2,0,0,차대차 - 측면충돌,안전운전불이행,젖음/습기,비,단일로 - 기타,승용,남,43세,중상,승합,남,51세,중상
2020062400100106,2020년 6월 24일 08시,수요일,충청북도 청주시 서원구 사직동,중상사고,0,1,2,0,차대차 - 기타,안전거리미확보,건조,흐림,단일로 - 기타,승용,여,44세,경상,승용,여,23세,중상
2020062400100107,2020년 6월 24일 08시,수요일,충청북도 청주시 청원구 오창읍,경상사고,0,0,3,0,차대차 - 기타,안전운전불이행,건조,맑음,교차로 - 교차로부근,승용,여,29세,상해없음,건설기계,남,56세,경상
2020062400100108,2020년 6월 24일 08시,수요일,충청북도 진천군 진천읍,경상사고,0,0,2,0,차대차 - 정면충돌,안전운전불이행,젖음/습기,흐림,교차로 - 교차로부근,승용,여,55세,상해없음,승용,여,38세,경상
2020062400100109,2020년 6월 24일 08시,수요일,충청북도 청주시 흥덕구 송정동,중상사고,0,1,1,0,차대차 - 기타,교차로운행방법위반,건조,맑음,교차로 - 교차로안,승용,여,29세,중상,승용,남,66세,경상
2020062400100149,2020년 6월 24일 09시,수요일,충청북도 충주시 성남동,경상사고,0,0,7,0,차대차 - 측면충돌,직진우회전진행방해,건조,맑음,교차로 - 교차로안,승용,여,52세,경상,승용,여,60세,경상
2020062400100169,2020년 6월 24일 10시,수요일,충청북도 충주시 용산동,경상사고,0,0,1,0,차대차 - 기타,교차로운행방법위반,젖음/습기,비,교차로 - 교차로안,화물,남,27세,상해없음,이륜,여,63세,경상
2020062400100198,2020년 6월 24일 11시,수요일,충청북도 괴산군 소수면,경상사고,0,0,2,0,차대차 - 정면충돌,안전운전불이행,건조,맑음,단일로 - 기타,승용,여,65세,경상,승합,남,42세,상해없음
2020062400100229,2020년 6월 24일 12시,수요일,충청북도 청주시 청원구 율량동,부상신고사고,0,0,0,1,차대사람 - 기타,안전운전불이행,건조,맑음,교차로 - 교차로횡단보도내,기타불명,남,53세,상해없음,보행자,여,70세,부상신고
2020062400100230,2020년 6월 24일 12시,수요일,충청북도 청주시 서원구 성화동,경상사고,0,0,1,0,차대차 - 기타,안전운전불이행,건조,흐림,단일로 - 기타,승용,남,71세,상해없음,승용,여,47세,경상
2020062400100302,2020년 6월 24일 14시,수요일,충청북도 청주시 청원구 우암동,중상사고,0,1,0,0,차대차 - 기타,안전운전불이행,젖음/습기,흐림,교차로 - 교차로부근,승용,남,63세,상해없음,승용,남,50세,중상
2020062400100303,2020년 6월 24일 14시,수요일,충청북도 진천군 진천읍,경상사고,0,0,1,0,차대사람 - 기타,보행자보호의무위반,젖음/습기,맑음,교차로 - 교차로부근,승용,여,60세,기타불명,보행자,여,14세,경상
2020062400100343,2020년 6월 24일 15시,수요일,충청북도 청주시 청원구 오창읍,중상사고,0,1,0,0,차대차 - 정면충돌,신호위반,젖음/습기,비,교차로 - 교차로안,건설기계,남,64세,상해없음,화물,남,37세,중상
2020062400100344,2020년 6월 24일 15시,수요일,충청북도 청주시 청원구 율량동,중상사고,0,2,0,0,차대차 - 측면충돌,안전거리미확보,젖음/습기,비,교차로 - 교차로부근,승용,여,42세,상해없음,승용,남,28세,중상
2020062400100345,2020년 6월 24일 15시,수요일,충청북도 충주시 금가면,중상사고,0,1,0,0,차량단독 - 기타,안전운전불이행,젖음/습기,비,단일로 - 기타,화물,남,59세,상해없음,,,,
2020062400100470,2020년 6월 24일 18시,수요일,충청북도 청주시 상당구 낭성면,중상사고,0,1,0,0,차대차 - 측면충돌,안전운전불이행,건조,맑음,단일로 - 기타,승용,여,28세,상해없음,이륜,남,75세,중상
2020062400100516,2020년 6월 24일 19시,수요일,충청북도 제천시 중앙로1가,중상사고,0,1,0,0,차대사람 - 횡단중,안전운전불이행,젖음/습기,비,교차로 - 교차로부근,승용,여,44세,상해없음,보행자,남,57세,중상
2020062400100517,2020년 6월 24일 19시,수요일,충청북도 청주시 흥덕구 지동동,중상사고,0,2,0,0,차대차 - 측면충돌,신호위반,젖음/습기,비,교차로 - 교차로안,승용,여,41세,상해없음,승용,여,24세,중상
2020062400100518,2020년 6월 24일 19시,수요일,충청북도 청주시 흥덕구 운천동,경상사고,0,0,2,0,차대차 - 기타,안전운전불이행,젖음/습기,비,주차장 - 주차장,승용,남,29세,경상,승용,여,47세,경상
2020062400100653,2020년 6월 24일 22시,수요일,충청북도 충주시 대소원면,경상사고,0,0,1,1,차대차 - 기타,직진우회전진행방해,건조,흐림,교차로 - 교차로안,승용,여,20세,부상신고,승용,남,48세,경상
2020062400100654,2020년 6월 24일 22시,수요일,충청북도 음성군 삼성면,경상사고,0,0,3,0,차대차 - 추돌,교차로운행방법위반,젖음/습기,비,교차로 - 교차로안,승합,남,29세,경상,승용,남,45세,경상
2020062500100041,2020년 6월 25일 01시,목요일,충청북도 청주시 청원구 율량동,경상사고,0,0,2,0,차대차 - 추돌,안전운전불이행,젖음/습기,비,교차로 - 교차로부근,이륜,남,20세,상해없음,승용,남,41세,경상
2020062500100070,2020년 6월 25일 04시,목요일,충청북도 청주시 서원구 사직동,경상사고,0,0,2,0,차대차 - 기타,안전운전불이행,젖음/습기,흐림,교차로 - 교차로부근,승용,여,22세,상해없음,승용,남,47세,경상
2020062500100103,2020년 6월 25일 07시,목요일,충청북도 음성군 금왕읍,경상사고,0,0,2,0,차대차 - 측면충돌,안전운전불이행,건조,맑음,교차로 - 교차로안,승용,여,45세,경상,승합,남,57세,경상
2020062500100135,2020년 6월 25일 08시,목요일,충청북도 충주시 연수동,경상사고,0,0,1,0,차대차 - 기타,안전운전불이행,건조,맑음,교차로 - 교차로안,승용,여,56세,경상,승용,여,63세,상해없음
2020062500100195,2020년 6월 25일 10시,목요일,충청북도 충주시 안림동,경상사고,0,0,3,0,차대차 - 기타,안전운전불이행,건조,맑음,단일로 - 기타,승용,남,34세,상해없음,승용,남,47세,경상
2020062500100247,2020년 6월 25일 12시,목요일,충청북도 청주시 청원구 오창읍,중상사고,0,1,0,0,차대차 - 기타,안전운전불이행,건조,맑음,단일로 - 기타,화물,남,69세,중상,특수,남,52세,상해없음
2020062500100248,2020년 6월 25일 12시,목요일,충청북도 영동군 영동읍,중상사고,0,1,0,0,차대사람 - 횡단중,보행자보호의무위반,젖음/습기,비,교차로 - 교차로횡단보도내,승용,여,60세,상해없음,보행자,여,7세,중상
2020062500100249,2020년 6월 25일 12시,목요일,충청북도 청주시 흥덕구 강서동,경상사고,0,0,2,0,차대차 - 측면충돌,안전거리미확보,건조,맑음,교차로 - 교차로부근,화물,남,43세,상해없음,승용,여,32세,경상
2020062500100275,2020년 6월 25일 13시,목요일,충청북도 음성군 금왕읍,경상사고,0,0,2,0,차대차 - 측면충돌,중앙선침범,건조,맑음,단일로 - 기타,화물,남,61세,경상,화물,남,51세,경상
2020062500100276,2020년 6월 25일 13시,목요일,충청북도 청주시 상당구 미원면,경상사고,0,0,1,0,차량단독 - 공작물충돌,안전운전불이행,건조,맑음,단일로 - 기타,특수,남,21세,경상,,,,
2020062500100305,2020년 6월 25일 14시,목요일,충청북도 청주시 청원구 율량동,경상사고,0,0,1,0,차대차 - 기타,신호위반,건조,맑음,교차로 - 교차로부근,화물,남,65세,상해없음,자전거,남,74세,경상
2020062500100375,2020년 6월 25일 16시,목요일,충청북도 진천군 초평면,중상사고,0,1,1,0,차대차 - 측면충돌,신호위반,건조,맑음,교차로 - 교차로안,승용,남,42세,상해없음,승용,남,77세,중상
2020062500100376,2020년 6월 25일 16시,목요일,충청북도 진천군 진천읍,부상신고사고,0,0,0,1,차대차 - 측면충돌,기타,건조,맑음,단일로 - 기타,건설기계,남,56세,상해없음,승용,남,28세,부상신고
2020062500100377,2020년 6월 25일 16시,목요일,충청북도 청주시 상당구 방서동,중상사고,0,1,0,0,차대차 - 측면충돌,안전운전불이행,건조,맑음,교차로 - 교차로부근,자전거,남,63세,중상,승용,여,30세,상해없음
2020062500100403,2020년 6월 25일 17시,목요일,충청북도 제천시 청풍면,중상사고,0,1,0,0,차대사람 - 기타,안전운전불이행,건조,맑음,단일로 - 기타,승용,여,61세,상해없음,보행자,남,75세,중상
2020062500100404,2020년 6월 25일 17시,목요일,충청북도 진천군 진천읍,경상사고,0,0,1,0,차대차 - 기타,안전운전불이행,건조,흐림,단일로 - 기타,승용,여,18세,상해없음,이륜,남,23세,경상
2020062500100405,2020년 6월 25일 17시,목요일,충청북도 청주시 흥덕구 복대동,중상사고,0,1,0,0,차대사람 - 횡단중,안전운전불이행,건조,맑음,단일로 - 기타,이륜,남,35세,상해없음,보행자,여,67세,중상
2020062500100406,2020년 6월 25일 17시,목요일,충청북도 청주시 상당구 용암동,경상사고,0,0,2,0,차대차 - 정면충돌,교차로운행방법위반,건조,맑음,교차로 - 교차로부근,승용,남,61세,경상,승용,남,38세,경상
2020062500100407,2020년 6월 25일 17시,목요일,충청북도 청주시 상당구 낭성면,경상사고,0,0,1,0,차대차 - 기타,중앙선침범,젖음/습기,비,단일로 - 기타,화물,남,48세,상해없음,승용,여,39세,경상
2020062500100506,2020년 6월 25일 20시,목요일,충청북도 청주시 서원구 성화동,중상사고,0,1,0,0,차대차 - 기타,신호위반,젖음/습기,흐림,교차로 - 교차로안,승용,여,57세,상해없음,원동기,남,48세,중상
2020062500100542,2020년 6월 25일 21시,목요일,충청북도 청주시 흥덕구 복대동,중상사고,0,1,0,0,차대차 - 기타,교차로운행방법위반,젖음/습기,비,교차로 - 교차로안,승용,여,40세,상해없음,이륜,남,60세,중상
2020062500100543,2020년 6월 25일 21시,목요일,충청북도 청주시 흥덕구 오송읍,경상사고,0,0,1,0,차대차 - 추돌,안전운전불이행,건조,맑음,교차로 - 교차로부근,이륜,남,49세,경상,승용,남,39세,상해없음
2020062500100544,2020년 6월 25일 21시,목요일,충청북도 청주시 흥덕구 신봉동,경상사고,0,0,3,0,차대차 - 측면충돌,안전운전불이행,건조,맑음,단일로 - 기타,승용,남,23세,상해없음,승용,남,60세,경상
2020062500100545,2020년 6월 25일 21시,목요일,충청북도 청주시 서원구 미평동,경상사고,0,0,1,0,차대차 - 측면충돌,안전운전불이행,젖음/습기,흐림,교차로 - 교차로안,승용,여,45세,상해없음,승용,여,53세,상해없음
2020062500100546,2020년 6월 25일 21시,목요일,충청북도 청주시 서원구 산남동,경상사고,0,0,1,0,차대차 - 추돌,안전운전불이행,젖음/습기,비,교차로 - 교차로부근,승용,남,43세,상해없음,승용,여,36세,경상
2020062500100614,2020년 6월 25일 23시,목요일,충청북도 청주시 서원구 사창동,경상사고,0,0,1,0,차대사람 - 기타,안전운전불이행,건조,맑음,단일로 - 기타,승합,남,52세,상해없음,보행자,여,20세,경상