사고번호,사고일시,요일,시군구,사고내용,사망자수,중상자수,경상자수,부상신고자수,사고유형,법규위반,노면상태,기상상태,도로형태,가해운전자 차종,가해운전자 성별,가해운전자 연령,가해운전자 상해정도,피해운전자 차종,피해운전자 성별,피해운전자 연령,피해운전자 상해정도
2020070100100079,2020년 7월 1일 07시,수요일,충청북도 청주시 청원구 외남동,중상사고,0,1,0,0,차대사람 - 차도통행중,안전운전불이행,건조,맑음,단일로 - 기타,승용,남,26세,상해없음,보행자,여,73세,중상
2020070100100080,2020년 7월 1일 07시,수요일,충청북도 청주시 청원구 우암동,경상사고,0,0,1,0,차대차 - 추돌,안전운전불이행,건조,맑음,단일로 - 기타,승용,남,26세,상해없음,승용,남,41세,경상
2020070100100106,2020년 7월 1일 08시,수요일,충청북도 청주시 서원구 분평동,중상사고,0,1,0,0,차대차 - 측면충돌,안전운전불이행,건조,맑음,교차로 - 교차로횡단보도내,승합,여,67세,상해없음,자전거,남,13세,중상
2020070100100201,2020년 7월 1일 11시,수요일,충청북도 충주시 충의동,경상사고,0,0,1,0,차대차 - 기타,안전운전불이행,건조,맑음,단일로 - 기타,승용,여,66세,상해없음,승용,남,32세,경상
2020070100100202,2020년 7월 1일 11시,수요일,충청북도 영동군 양강면,중상사고,0,1,1,0,차대차 - 측면충돌,안전운전불이행,건조,맑음,교차로 - 교차로부근,이륜,여,75세,경상,이륜,남,81세,중상
2020070100100203,2020년 7월 1일 11시,수요일,충청북도 보은군 보은읍,경상사고,0,0,1,0,차량단독 - 기타,안전운전불이행,건조,맑음,교차로 - 교차로안,이륜,남,80세,경상,,,,
2020070100100204,2020년 7월 1일 11시,수요일,충청북도 청주시 서원구 개신동,부상신고사고,0,0,0,1,차대사람 - 기타,안전운전불이행,건조,맑음,단일로 - 기타,승합,남,51세,상해없음,보행자,남,78세,부상신고
2020070100100262,2020년 7월 1일 13시,수요일,충청북도 청주시 흥덕구 비하동,경상사고,0,0,3,0,차대차 - 정면충돌,중앙선침범,건조,맑음,교차로 - 교차로부근,승용,여,35세,상해없음,승용,여,31세,경상
2020070100100292,2020년 7월 1일 14시,수요일,충청북도 청주시 청원구 사천동,중상사고,0,1,0,0,차대사람 - 횡단중,보행자보호의무위반,건조,맑음,교차로 - 교차로안,승용,남,56세,상해없음,보행자,남,70세,중상
2020070100100293,2020년 7월 1일 14시,수요일,충청북도 청주시 서원구 분평동,경상사고,0,0,2,0,차대사람 - 횡단중,안전운전불이행,건조,맑음,단일로 - 지하차도(도로)내,자전거,여,46세,경상,보행자,남,6세,경상
2020070100100352,2020년 7월 1일 16시,수요일,충청북도 청주시 청원구 내덕동,경상사고,0,0,1,0,차대차 - 측면충돌,신호위반,건조,맑음,교차로 - 교차로횡단보도내,이륜,남,40세,상해없음,개인형이동수단(PM),남,16세,경상
2020070100100353,2020년 7월 1일 16시,수요일,충청북도 청주시 흥덕구 강서동,경상사고,0,0,1,0,차대차 - 기타,안전운전불이행,건조,맑음,교차로 - 교차로횡단보도내,승용,여,44세,상해없음,자전거,남,12세,경상
2020070100100384,2020년 7월 1일 17시,수요일,충청북도 제천시 봉양읍,경상사고,0,0,1,0,차대차 - 측면충돌,안전거리미확보,건조,맑음,단일로 - 기타,화물,남,87세,상해없음,승용,남,28세,경상
2020070100100433,2020년 7월 1일 18시,수요일,충청북도 청주시 서원구 사창동,경상사고,0,0,1,0,차대차 - 측면충돌,기타,건조,맑음,단일로 - 기타,승용,남,75세,상해없음,이륜,남,19세,경상
2020070100100434,2020년 7월 1일 18시,수요일,충청북도 보은군 보은읍,부상신고사고,0,0,0,1,차대차 - 추돌,안전운전불이행,건조,맑음,교차로 - 교차로부근,승용,남,56세,상해없음,승용,여,37세,부상신고
2020070100100435,2020년 7월 1일 18시,수요일,충청북도 청주시 상당구 서문동,경상사고,0,0,2,0,차대차 - 측면충돌,차로위반,건조,맑음,단일로 - 기타,승용,남,25세,상해없음,승용,남,38세,경상
2020070100100469,2020년 7월 1일 19시,수요일,충청북도 충주시 문화동,경상사고,0,0,1,0,차대차 - 기타,안전운전불이행,건조,맑음,단일로 - 기타,승용,남,56세,상해없음,자전거,여,75세,경상
2020070100100504,2020년 7월 1일 20시,수요일,충청북도 음성군 금왕읍,경상사고,0,0,1,0,차대차 - 정면충돌,안전운전불이행,건조,맑음,교차로 - 교차로안,승용,남,32세,상해없음,승용,남,61세,경상
2020070100100538,2020년 7월 1일 21시,수요일,충청북도 청주시 상당구 남주동,중상사고,0,1,1,0,차대차 - 정면충돌,교차로운행방법위반,건조,맑음,교차로 - 교차로안,원동기,남,56세,중상,원동기,남,33세,경상
2020070100100559,2020년 7월 1일 22시,수요일,충청북도 음성군 금왕읍,경상사고,0,0,1,0,차대사람 - 기타,안전운전불이행,건조,맑음,교차로 - 교차로안,승용,남,46세,상해없음,보행자,여,59세,경상
2020070100100560,2020년 7월 1일 22시,수요일,충청북도 청주시 흥덕구 봉명동,중상사고,0,1,2,0,차대차 - 측면충돌,신호위반,건조,맑음,교차로 - 교차로안,승용,남,28세,상해없음,승용,남,63세,중상
2020070100100561,2020년 7월 1일 22시,수요일,충청북도 청주시 서원구 분평동,경상사고,0,0,1,0,차대차 - 기타,안전운전불이행,건조,맑음,단일로 - 지하차도(도로)내,승용,남,23세,상해없음,이륜,남,18세,경상
2020070100100573,2020년 7월 1일 23시,수요일,충청북도 청주시 상당구 용암동,경상사고,0,0,1,0,차대차 - 측면충돌,교차로운행방법위반,건조,맑음,교차로 - 교차로안,승합,남,38세,상해없음,승용,남,21세,경상
2020070200100023,2020년 7월 2일 02시,목요일,충청북도 진천군 초평면,경상사고,0,0,2,0,차대차 - 추돌,안전운전불이행,건조,맑음,단일로 - 기타,승용,남,27세,상해없음,화물,남,42세,경상
2020070200100030,2020년 7월 2일 04시,목요일,충청북도 청주시 서원구 산남동,중상사고,0,1,0,0,차대차 - 추돌,안전운전불이행,건조,맑음,교차로 - 교차로부근,승용,남,26세,상해없음,승용,남,33세,중상
2020070200100071,2020년 7월 2일 07시,목요일,충청북도 청주시 청원구 북이면,경상사고,0,0,2,0,차대차 - 추돌,안전거리미확보,건조,맑음,단일로 - 기타,승용,여,39세,경상,승용,여,24세,경상
2020070200100104,2020년 7월 2일 08시,목요일,충청북도 청주시 청원구 율량동,중상사고,0,1,0,0,차대차 - 후진중충돌,안전운전불이행,건조,맑음,교차로 - 교차로부근,승용,여,59세,상해없음,자전거,여,74세,중상
2020070200100105,2020년 7월 2일 08시,목요일,충청북도 청주시 흥덕구 신촌동,경상사고,0,0,1,0,차대차 - 기타,안전운전불이행,건조,맑음,교차로 - 교차로부근,화물,남,54세,상해없음,승용,여,42세,경상
2020070200100142,2020년 7월 2일 09시,목요일,충청북도 충주시 칠금동,경상사고,0,0,2,0,차대차 - 추돌,안전거리미확보,건조,맑음,교차로 - 교차로안,승용,여,35세,상해없음,승용,여,55세,경상
2020070200100143,2020년 7월 2일 09시,목요일,충청북도 단양군 어상천면,중상사고,0,1,0,0,차대차 - 기타,안전운전불이행,건조,맑음,기타 - 기타,농기계,남,80세,중상,승용,여,40세,상해없음
2020070200100144,2020년 7월 2일 09시,목요일,충청북도 진천군 진천읍,경상사고,0,0,1,0,차대차 - 기타,안전거리미확보,건조,맑음,교차로 - 교차로부근,승용,남,53세,상해없음,이륜,여,21세,경상
2020070200100178,2020년 7월 2일 10시,목요일,충청북도 청주시 서원구 사창동,경상사고,0,0,1,0,차대차 - 기타,안전운전불이행,건조,맑음,단일로 - 기타,승용,여,46세,상해없음,승용,남,52세,경상
2020070200100179,2020년 7월 2일 10시,목요일,충청북도 제천시 하소동,경상사고,0,0,2,0,차대차 - 측면충돌,중앙선침범,건조,맑음,교차로 - 교차로부근,승용,남,62세,경상,승합,남,38세,경상
2020070200100238,2020년 7월 2일 12시,목요일,충청북도 청주시 흥덕구 복대동,경상사고,0,0,1,0,차대차 - 기타,신호위반,건조,맑음,교차로 - 교차로부근,승용,여,39세,상해없음,승용,남,61세,경상
2020070200100239,2020년 7월 2일 12시,목요일,충청북도 청주시 흥덕구 송정동,경상사고,0,0,1,0,차대차 - 기타,안전운전불이행,건조,맑음,교차로 - 교차로횡단보도내,승용,여,60세,상해없음,승용,남,33세,경상
2020070200100345,2020년 7월 2일 15시,목요일,충청북도 제천시 하소동,경상사고,0,0,1,0,차대차 - 측면충돌,중앙선침범,건조,맑음,기타 - 기타,승용,남,60세,상해없음,승용,남,51세,경상
2020070200100384,2020년 7월 2일 16시,목요일,충청북도 충주시 교현동,경상사고,0,0,1,0,차대차 - 기타,교차로운행방법위반,건조,맑음,교차로 - 교차로안,화물,남,55세,상해없음,승용,남,45세,경상
2020070200100386,2020년 7월 2일 16시,목요일,충청북도 청주시 서원구 모충동,중상사고,0,1,0,0,차대사람 - 기타,안전운전불이행,건조,맑음,단일로 - 기타,자전거,남,65세,상해없음,보행자,여,55세,중상
2020070200100429,2020년 7월 2일 17시,목요일,충청북도 충주시 교현동,경상사고,0,0,1,0,차대차 - 기타,안전거리미확보,건조,맑음,단일로 - 기타,승용,여,27세,상해없음,승용,남,60세,경상
2020070200100475,2020년 7월 2일 18시,목요일,충청북도 청주시 서원구 사창동,경상사고,0,0,1,0,차대사람 - 기타,안전운전불이행,건조,맑음,단일로 - 기타,승용,여,57세,상해없음,보행자,여,23세,경상
2020070200100476,2020년 7월 2일 18시,목요일,충청북도 제천시 청전동,경상사고,0,0,1,0,차대차 - 후진중충돌,안전운전불이행,건조,맑음,교차로 - 교차로안,승용,여,50세,상해없음,이륜,남,18세,경상
2020070200100509,2020년 7월 2일 19시,목요일,충청북도 청주시 청원구 오창읍,경상사고,0,0,1,0,차대차 - 기타,교차로운행방법위반,건조,맑음,교차로 - 교차로안,승합,남,57세,상해없음,이륜,남,36세,경상
2020070200100563,2020년 7월 2일 21시,목요일,충청북도 청주시 상당구 용암동,경상사고,0,0,2,0,차대차 - 측면충돌,안전거리미확보,건조,맑음,교차로 - 교차로부근,승용,남,62세,상해없음,승용,남,60세,경상
2020070200100585,2020년 7월 2일 22시,목요일,충청북도 괴산군 장연면,경상사고,0,0,2,0,차대차 - 추돌,안전운전불이행,건조,맑음,단일로 - 지하차도(도로)내,화물,남,72세,경상,화물,남,37세,경상
2020070300100011,2020년 7월 3일 00시,금요일,충청북도 청주시 청원구 오창읍,사망사고,1,0,2,0,차대차 - 추돌,안전운전불이행,건조,맑음,단일로 - 지하차도(도로)내,화물,남,57세,경상,화물,남,65세,사망
2020070300100022,2020년 7월 3일 01시,금요일,충청북도 청주시 상당구 영운동,중상사고,0,2,3,0,차대차 - 기타,신호위반,건조,맑음,교차로 - 교차로안,승용,남,60세,상해없음,승용,남,49세,경상
2020070300100072,2020년 7월 3일 06시,금요일,충청북도 청주시 서원구 현도면,중상사고,0,2,0,0,차대차 - 측면충돌,중앙선침범,건조,맑음,단일로 - 기타,승용,남,61세,중상,승용,여,52세,중상
2020070300100114,2020년 7월 3일 08시,금요일,충청북도 청주시 청원구 오창읍,경상사고,0,0,1,0,차대차 - 추돌,안전운전불이행,건조,맑음,단일로 - 기타,승용,여,21세,상해없음,승용,남,33세,경상
2020070300100115,2020년 7월 3일 08시,금요일,충청북도 제천시 수산면,중상사고,0,3,0,0,차대차 - 측면충돌,기타,건조,맑음,교차로 - 교차로안,승용,여,41세,중상,승용,여,52세,중상
2020070300100116,2020년 7월 3일 08시,금요일,충청북도 음성군 금왕읍,경상사고,0,0,1,0,차대차 - 추돌,안전운전불이행,건조,맑음,교차로 - 교차로부근,승용,남,65세,상해없음,승용,남,45세,경상
2020070300100157,2020년 7월 3일 09시,금요일,충청북도 청주시 상당구 영동,중상사고,0,1,0,0,차량단독 - 기타,안전운전불이행,건조,맑음,단일로 - 기타,사륜오토바이(ATV),남,75세,중상,,,,
2020070300100158,2020년 7월 3일 09시,금요일,충청북도 청주시 청원구 우암동,경상사고,0,0,1,0,차대사람 - 기타,안전운전불이행,건조,맑음,교차로 - 교차로부근,화물,남,48세,상해없음,보행자,남,5세,경상
2020070300100159,2020년 7월 3일 09시,금요일,충청북도 충주시 봉방동,경상사고,0,0,1,0,차대사람 - 기타,직진우회전진행방해,건조,맑음,교차로 - 교차로안,승용,여,54세,상해없음,보행자,남,78세,경상
2020070300100160,2020년 7월 3일 09시,금요일,충청북도 청주시 흥덕구 오송읍,경상사고,0,0,1,0,차대차 - 측면충돌,안전운전불이행,건조,맑음,단일로 - 기타,승용,남,31세,상해없음,승용,남,30세,경상
2020070300100189,2020년 7월 3일 10시,금요일,충청북도 영동군 영동읍,경상사고,0,0,3,0,차대차 - 측면충돌,직진우회전진행방해,건조,맑음,교차로 - 교차로안,승용,남,66세,경상,승용,남,38세,경상
2020070300100190,2020년 7월 3일 10시,금요일,충청북도 청주시 상당구 용암동,경상사고,0,0,1,0,차대차 - 측면충돌,안전운전불이행,건조,맑음,교차로 - 교차로안,승용,남,60세,상해없음,자전거,여,57세,경상
2020070300100217,2020년 7월 3일 11시,금요일,충청북도 청주시 상당구 영운동,경상사고,0,0,3,0,차대차 - 측면충돌,안전운전불이행,건조,맑음,단일로 - 기타,승용,남,62세,상해없음,승합,남,60세,경상
2020070300100218,2020년 7월 3일 11시,금요일,충청북도 청주시 상당구 용암동,경상사고,0,0,2,0,차대차 - 정면충돌,교차로운행방법위반,건조,맑음,교차로 - 교차로안,승용,남,62세,상해없음,화물,여,56세,경상
2020070300100243,2020년 7월 3일 12시,금요일,충청북도 진천군 덕산면,경상사고,0,0,1,0,차대차 - 측면충돌,직진우회전진행방해,건조,맑음,교차로 - 교차로안,화물,남,62세,상해없음,승용,여,64세,경상
2020070300100439,2020년 7월 3일 17시,금요일,충청북도 제천시 왕암동,중상사고,0,1,1,0,차대차 - 정면충돌,신호위반,건조,맑음,교차로 - 교차로안,화물,남,64세,경상,승용,남,52세,중상
2020070300100440,2020년 7월 3일 17시,금요일,충청북도 청주시 흥덕구 가경동,경상사고,0,0,1,0,차대차 - 측면충돌,안전운전불이행,건조,맑음,교차로 - 교차로부근,승용,여,59세,경상,승용,남,30세,상해없음
2020070300100489,2020년 7월 3일 18시,금요일,충청북도 청주시 흥덕구 오송읍,중상사고,0,1,0,0,차대차 - 측면충돌,안전운전불이행,젖음/습기,비,교차로 - 교차로횡단보도내,승합,남,57세,상해없음,이륜,남,26세,중상
2020070300100556,2020년 7월 3일 20시,금요일,충청북도 괴산군 괴산읍,중상사고,0,1,1,0,차량단독 - 기타,안전운전불이행,젖음/습기,비,단일로 - 기타,이륜,남,38세,경상,,,,
2020070300100597,2020년 7월 3일 21시,금요일,충청북도 청주시 청원구 오창읍,경상사고,0,0,3,0,차대차 - 측면충돌,안전운전불이행,건조,맑음,교차로 - 교차로안,기타불명,기타불명,미분류,기타불명,승용,여,37세,경상
2020070300100636,2020년 7월 3일 22시,금요일,충청북도 청주시 서원구 개신동,사망사고,1,1,0,0,차대사람 - 기타,안전운전불이행,젖음/습기,비,단일로 - 기타,승용,남,32세,상해없음,보행자,남,73세,사망
2020070300100676,2020년 7월 3일 23시,금요일,충청북도 청주시 흥덕구 신봉동,경상사고,0,0,2,0,차대사람 - 횡단중,신호위반,젖음/습기,비,교차로 - 교차로횡단보도내,이륜,남,19세,상해없음,보행자,남,39세,경상
2020070300100677,2020년 7월 3일 23시,금요일,충청북도 청주시 상당구 금천동,중상사고,0,1,1,0,차대차 - 기타,안전운전불이행,건조,맑음,교차로 - 교차로안,승용,남,25세,상해없음,승용,여,65세,중상
2020070400100023,2020년 7월 4일 00시,토요일,충청북도 충주시 연수동,경상사고,0,0,3,0,차대차 - 추돌,안전운전불이행,젖음/습기,비,교차로 - 교차로부근,승용,남,25세,상해없음,승용,여,31세,경상
2020070400100052,2020년 7월 4일 01시,토요일,충청북도 청주시 흥덕구 가경동,경상사고,0,0,2,0,차대차 - 기타,안전운전불이행,건조,맑음,기타 - 기타,승용,여,31세,상해없음,승용,남,23세,경상
2020070400100065,2020년 7월 4일 02시,토요일,충청북도 진천군 진천읍,경상사고,0,0,1,0,차대차 - 추돌,안전운전불이행,젖음/습기,흐림,단일로 - 기타,승용,남,44세,상해없음,승용,남,46세,경상
2020070400100066,2020년 7월 4일 02시,토요일,충청북도 청주시 서원구 수곡동,경상사고,0,0,3,0,차대차 - 추돌,안전운전불이행,건조,맑음,교차로 - 교차로부근,승용,여,24세,상해없음,승용,남,57세,경상
2020070400100135,2020년 7월 4일 07시,토요일,충청북도 괴산군 괴산읍,경상사고,0,0,1,0,차대차 - 측면충돌,안전거리미확보,건조,맑음,교차로 - 교차로부근,승합,남,63세,상해없음,화물,남,44세,경상
2020070400100151,2020년 7월 4일 08시,토요일,충청북도 단양군 대강면,경상사고,0,0,1,0,차대차 - 기타,안전거리미확보,기타,맑음,교차로 - 교차로부근,자전거,남,35세,경상,화물,여,66세,상해없음
2020070400100170,2020년 7월 4일 09시,토요일,충청북도 청주시 서원구 사창동,경상사고,0,0,2,0,차대차 - 기타,안전운전불이행,건조,맑음,교차로 - 교차로부근,승용,남,48세,상해없음,승용,남,58세,상해없음
2020070400100196,2020년 7월 4일 10시,토요일,충청북도 청주시 상당구 수동,경상사고,0,0,1,0,차대차 - 기타,안전운전불이행,건조,맑음,단일로 - 기타,승용,남,64세,상해없음,승용,남,24세,경상
2020070400100197,2020년 7월 4일 10시,토요일,충청북도 청주시 상당구 용암동,중상사고,0,1,0,0,차량단독 - 전도전복 - 전도,안전운전불이행,건조,맑음,단일로 - 지하차도(도로)내,원동기,남,28세,중상,,,,
2020070400100198,2020년 7월 4일 10시,토요일,충청북도 청주시 청원구 오창읍,경상사고,0,0,1,0,차대차 - 추돌,안전운전불이행,건조,맑음,단일로 - 기타,승용,남,38세,상해없음,승용,여,19세,경상
2020070400100231,2020년 7월 4일 11시,토요일,충청북도 제천시 중앙로2가,경상사고,0,0,1,0,차대차 - 측면충돌,직진우회전진행방해,건조,맑음,교차로 - 교차로안,승용,남,60세,상해없음,승용,남,64세,경상
2020070400100268,2020년 7월 4일 12시,토요일,충청북도 음성군 원남면,경상사고,0,0,1,0,차대차 - 추돌,기타,건조,맑음,단일로 - 기타,승용,남,47세,상해없음,승용,남,25세,상해없음
2020070400100269,2020년 7월 4일 12시,토요일,충청북도 진천군 진천읍,중상사고,0,1,0,0,차대차 - 정면충돌,직진우회전진행방해,건조,맑음,교차로 - 교차로안,승용,남,36세,상해없음,이륜,남,57세,중상
2020070400100270,2020년 7월 4일 12시,토요일,충청북도 청주시 상당구 남문로1가동,중상사고,0,1,0,0,차대사람 - 차도통행중,안전운전불이행,건조,맑음,단일로 - 지하차도(도로)내,승용,남,41세,상해없음,보행자,여,54세,중상
2020070400100344,2020년 7월 4일 14시,토요일,충청북도 청주시 청원구 내덕동,경상사고,0,0,1,0,차대차 - 측면충돌,교차로운행방법위반,건조,맑음,교차로 - 교차로부근,승용,여,52세,상해없음,승용,남,26세,경상
2020070400100345,2020년 7월 4일 14시,토요일,충청북도 청주시 상당구 금천동,경상사고,0,0,4,0,차대차 - 측면충돌,교차로운행방법위반,건조,맑음,교차로 - 교차로안,승용,여,55세,경상,승용,남,49세,경상
2020070400100388,2020년 7월 4일 15시,토요일,충청북도 청주시 서원구 산남동,경상사고,0,0,2,0,차대차 - 측면충돌,안전운전불이행,건조,맑음,단일로 - 기타,승용,남,83세,상해없음,승용,여,34세,경상
2020070400100459,2020년 7월 4일 17시,토요일,충청북도 청주시 청원구 오창읍,중상사고,0,5,0,0,차대차 - 기타,신호위반,건조,맑음,교차로 - 교차로안,화물,남,61세,중상,승용,여,44세,중상
2020070400100460,2020년 7월 4일 17시,토요일,충청북도 음성군 원남면,사망사고,1,0,0,0,차량단독 - 도로외이탈 - 추락,안전운전불이행,건조,맑음,기타 - 기타,승용,여,65세,사망,,,,
2020070400100461,2020년 7월 4일 17시,토요일,충청북도 옥천군 옥천읍,중상사고,0,1,0,0,차대차 - 측면충돌,교차로운행방법위반,건조,맑음,교차로 - 교차로안,화물,남,59세,상해없음,이륜,남,44세,중상
2020070400100592,2020년 7월 4일 21시,토요일,충청북도 제천시 봉양읍,중상사고,0,1,0,0,차대사람 - 차도통행중,안전운전불이행,건조,맑음,기타 - 기타,승용,남,54세,상해없음,보행자,남,37세,중상
2020070400100593,2020년 7월 4일 21시,토요일,충청북도 증평군 증평읍,경상사고,0,0,1,0,차대차 - 측면충돌,안전운전불이행,건조,맑음,교차로 - 교차로안,승용,남,47세,상해없음,자전거,여,67세,경상
2020070400100594,2020년 7월 4일 21시,토요일,충청북도 청주시 서원구 분평동,중상사고,0,1,0,0,차대사람 - 차도통행중,안전운전불이행,건조,맑음,교차로 - 교차로안,승용,남,23세,상해없음,보행자,남,55세,중상
2020070500100008,2020년 7월 5일 00시,일요일,충청북도 청주시 흥덕구 정봉동,중상사고,0,1,0,0,차대사람 - 기타,안전운전불이행,건조,맑음,교차로 - 교차로부근,화물,남,42세,상해없음,보행자,남,68세,중상
2020070500100049,2020년 7월 5일 03시,일요일,충청북도 청주시 청원구 오창읍,중상사고,0,1,0,0,차량단독 - 기타,안전운전불이행,건조,맑음,교차로 - 교차로부근,이륜,여,38세,중상,,,,
2020070500100058,2020년 7월 5일 04시,일요일,충청북도 음성군 맹동면,경상사고,0,0,5,0,차대차 - 추돌,안전운전불이행,건조,맑음,단일로 - 기타,승용,남,27세,상해없음,승용,여,23세,경상
2020070500100065,2020년 7월 5일 05시,일요일,충청북도 청주시 청원구 내덕동,중상사고,0,1,3,0,차대차 - 측면충돌,교차로운행방법위반,건조,맑음,교차로 - 교차로안,이륜,남,54세,중상,승용,남,73세,경상
2020070500100111,2020년 7월 5일 09시,일요일,충청북도 청주시 청원구 율량동,경상사고,0,0,5,0,차대차 - 추돌,안전운전불이행,건조,맑음,단일로 - 기타,승용,남,67세,상해없음,승용,여,46세,경상
2020070500100127,2020년 7월 5일 10시,일요일,충청북도 증평군 증평읍,중상사고,0,1,0,0,차량단독 - 전도전복 - 전도,안전운전불이행,건조,맑음,교차로 - 교차로부근,자전거,남,55세,중상,,,,
2020070500100144,2020년 7월 5일 11시,일요일,충청북도 청주시 흥덕구 신봉동,경상사고,0,0,3,0,차대차 - 기타,교차로운행방법위반,건조,맑음,교차로 - 교차로안,승용,여,48세,상해없음,승용,남,29세,경상
2020070500100164,2020년 7월 5일 12시,일요일,충청북도 청주시 흥덕구 복대동,경상사고,0,0,2,0,차대차 - 기타,신호위반,건조,맑음,교차로 - 교차로부근,승용,남,25세,상해없음,승용,남,49세,경상
2020070500100197,2020년 7월 5일 13시,일요일,충청북도 충주시 충인동,중상사고,0,1,0,0,차대사람 - 기타,안전운전불이행,건조,맑음,단일로 - 기타,승용,남,73세,상해없음,보행자,남,56세,중상
2020070500100199,2020년 7월 5일 13시,일요일,충청북도 청주시 흥덕구 수의동,중상사고,0,1,3,0,차대차 - 추돌,안전운전불이행,건조,맑음,단일로 - 기타,승용,남,31세,중상,승용,남,73세,경상
2020070500100249,2020년 7월 5일 15시,일요일,충청북도 보은군 보은읍,부상신고사고,0,0,0,1,차대차 - 측면충돌,신호위반,건조,맑음,교차로 - 교차로안,이륜,남,78세,부상신고,승용,남,58세,상해없음
2020070500100250,2020년 7월 5일 15시,일요일,충청북도 청주시 상당구 금천동,경상사고,0,0,1,0,차대차 - 측면충돌,중앙선침범,건조,맑음,교차로 - 교차로부근,승용,여,40세,상해없음,승용,남,65세,경상
2020070500100288,2020년 7월 5일 16시,일요일,충청북도 제천시 영천동,경상사고,0,0,1,0,차대차 - 측면충돌,안전운전불이행,건조,맑음,교차로 - 교차로안,승용,남,60세,상해없음,이륜,남,19세,경상
2020070500100321,2020년 7월 5일 17시,일요일,충청북도 진천군 진천읍,경상사고,0,0,2,0,차대차 - 추돌,안전거리미확보,건조,맑음,단일로 - 기타,승용,여,50세,상해없음,승용,남,25세,경상
2020070500100322,2020년 7월 5일 17시,일요일,충청북도 청주시 흥덕구 복대동,경상사고,0,0,2,0,차대차 - 측면충돌,신호위반,건조,맑음,교차로 - 교차로안,승용,여,56세,상해없음,승용,남,27세,경상
2020070500100323,2020년 7월 5일 17시,일요일,충청북도 청주시 상당구 남일면,중상사고,0,1,1,0,차대차 - 정면충돌,중앙선침범,건조,맑음,단일로 - 기타,승용,여,32세,경상,승용,남,57세,중상
2020070500100344,2020년 7월 5일 18시,일요일,충청북도 청주시 청원구 오창읍,중상사고,0,3,0,0,차대차 - 측면충돌,과속,건조,맑음,교차로 - 교차로안,승용,남,24세,상해없음,승용,남,27세,중상
2020070500100391,2020년 7월 5일 20시,일요일,충청북도 음성군 대소면,경상사고,0,0,2,0,차대차 - 기타,안전운전불이행,건조,맑음,교차로 - 교차로안,이륜,남,22세,경상,승용,여,46세,경상
2020070500100437,2020년 7월 5일 22시,일요일,충청북도 청주시 흥덕구 강내면,경상사고,0,0,1,0,차대차 - 측면충돌,안전운전불이행,건조,맑음,교차로 - 교차로부근,승용,여,48세,상해없음,승용,남,33세,경상
2020070500100438,2020년 7월 5일 22시,일요일,충청북도 청주시 서원구 산남동,경상사고,0,0,1,0,차대차 - 후진중충돌,안전운전불이행,건조,맑음,교차로 - 교차로부근,화물,남,53세,상해없음,승용,남,63세,경상
2020070600100024,2020년 7월 6일 03시,월요일,충청북도 청주시 청원구 우암동,경상사고,0,0,1,0,차대차 - 추돌,안전운전불이행,건조,맑음,단일로 - 기타,승용,남,24세,경상,승용,남,29세,기타불명
2020070600100099,2020년 7월 6일 08시,월요일,충청북도 청주시 흥덕구 송정동,중상사고,0,1,0,0,차대차 - 측면충돌,중앙선침범,건조,맑음,단일로 - 기타,개인형이동수단(PM),남,31세,중상,승용,남,74세,상해없음
2020070600100134,2020년 7월 6일 09시,월요일,충청북도 진천군 덕산면,사망사고,1,0,0,0,차대사람 - 기타,안전운전불이행,건조,맑음,단일로 - 기타,화물,남,64세,상해없음,보행자,여,83세,사망
2020070600100135,2020년 7월 6일 09시,월요일,충청북도 진천군 문백면,중상사고,0,1,0,0,차대차 - 측면충돌,안전운전불이행,건조,맑음,단일로 - 기타,화물,남,69세,상해없음,승용,여,56세,중상
2020070600100165,2020년 7월 6일 10시,월요일,충청북도 청주시 서원구 수곡동,경상사고,0,0,1,0,차대차 - 기타,안전운전불이행,건조,맑음,단일로 - 기타,승합,남,52세,상해없음,승용,여,54세,경상
2020070600100200,2020년 7월 6일 11시,월요일,충청북도 괴산군 사리면,중상사고,0,1,1,0,차량단독 - 전도전복 - 전도,안전운전불이행,건조,맑음,단일로 - 기타,이륜,남,77세,경상,,,,
2020070600100201,2020년 7월 6일 11시,월요일,충청북도 청주시 흥덕구 복대동,경상사고,0,0,1,0,차대사람 - 기타,안전운전불이행,건조,맑음,단일로 - 기타,화물,남,61세,상해없음,보행자,여,79세,경상
2020070600100243,2020년 7월 6일 12시,월요일,충청북도 청주시 청원구 내덕동,경상사고,0,0,1,0,차대차 - 기타,안전운전불이행,건조,맑음,교차로 - 교차로안,화물,남,62세,기타불명,승용,여,62세,경상
2020070600100244,2020년 7월 6일 12시,월요일,충청북도 청주시 흥덕구 복대동,경상사고,0,0,1,0,차대차 - 기타,기타,건조,맑음,기타 - 기타,승용,남,45세,상해없음,승용,여,46세,경상
2020070600100306,2020년 7월 6일 14시,월요일,충청북도 청주시 상당구 금천동,경상사고,0,0,1,0,차대차 - 측면충돌,안전운전불이행,건조,맑음,교차로 - 교차로안,승용,여,42세,상해없음,승용,남,28세,경상
2020070600100343,2020년 7월 6일 15시,월요일,충청북도 음성군 삼성면,경상사고,0,0,1,0,차대사람 - 횡단중,안전운전불이행,건조,맑음,교차로 - 교차로부근,승용,남,50세,상해없음,보행자,여,21세,경상
2020070600100344,2020년 7월 6일 15시,월요일,충청북도 음성군 삼성면,중상사고,0,1,0,0,차대차 - 정면충돌,안전운전불이행,건조,맑음,단일로 - 기타,이륜,남,84세,중상,화물,여,54세,기타불명