사고번호,사고일시,요일,시군구,사고내용,사망자수,중상자수,경상자수,부상신고자수,사고유형,법규위반,노면상태,기상상태,도로형태,가해운전자 차종,가해운전자 성별,가해운전자 연령,가해운전자 상해정도,피해운전자 차종,피해운전자 성별,피해운전자 연령,피해운전자 상해정도
2020070600100409,2020년 7월 6일 17시,월요일,충청북도 청주시 청원구 오창읍,경상사고,0,0,1,0,차대차 - 기타,신호위반,건조,맑음,교차로 - 교차로부근,화물,남,57세,상해없음,승용,여,27세,경상
2020070600100410,2020년 7월 6일 17시,월요일,충청북도 충주시 충인동,경상사고,0,0,2,0,차대차 - 측면충돌,직진우회전진행방해,건조,맑음,교차로 - 교차로안,원동기,남,69세,경상,승용,여,42세,상해없음
2020070600100448,2020년 7월 6일 18시,월요일,충청북도 청주시 청원구 우암동,경상사고,0,0,2,0,차대차 - 기타,직진우회전진행방해,건조,맑음,교차로 - 교차로안,화물,남,65세,상해없음,승용,남,28세,경상
2020070600100449,2020년 7월 6일 18시,월요일,충청북도 음성군 금왕읍,경상사고,0,0,1,0,차대차 - 측면충돌,교차로운행방법위반,건조,맑음,교차로 - 교차로안,승용,여,52세,상해없음,승용,여,23세,경상
2020070600100450,2020년 7월 6일 18시,월요일,충청북도 청주시 흥덕구 봉명동,경상사고,0,0,2,0,차대차 - 측면충돌,중앙선침범,건조,맑음,교차로 - 교차로부근,승용,남,58세,상해없음,승합,남,32세,경상
2020070600100486,2020년 7월 6일 19시,월요일,충청북도 청주시 청원구 율량동,경상사고,0,0,1,0,차대차 - 측면충돌,안전거리미확보,건조,맑음,교차로 - 교차로부근,화물,남,64세,상해없음,승용,여,64세,경상
2020070600100487,2020년 7월 6일 19시,월요일,충청북도 단양군 단성면,경상사고,0,0,1,0,차대사람 - 기타,안전운전불이행,건조,맑음,단일로 - 기타,승용,여,45세,상해없음,보행자,남,4세,경상
2020070600100510,2020년 7월 6일 20시,월요일,충청북도 음성군 대소면,중상사고,0,1,0,0,차대차 - 기타,안전운전불이행,건조,맑음,교차로 - 교차로부근,이륜,남,49세,중상,화물,남,52세,상해없음
2020070600100511,2020년 7월 6일 20시,월요일,충청북도 청주시 상당구 영동,중상사고,0,2,0,0,차대차 - 추돌,안전거리미확보,건조,맑음,교차로 - 교차로부근,승용,남,25세,상해없음,승용,여,26세,중상
2020070600100540,2020년 7월 6일 21시,월요일,충청북도 청주시 청원구 오창읍,경상사고,0,0,2,0,차대차 - 후진중충돌,안전운전불이행,건조,맑음,교차로 - 교차로부근,승용,남,45세,상해없음,승용,남,24세,경상
2020070700100107,2020년 7월 7일 08시,화요일,충청북도 청주시 청원구 율량동,경상사고,0,0,1,0,차대차 - 측면충돌,교차로운행방법위반,건조,맑음,교차로 - 교차로안,승용,여,68세,상해없음,승용,여,35세,경상
2020070700100163,2020년 7월 7일 10시,화요일,충청북도 제천시 남천동,중상사고,0,1,0,0,차대차 - 측면충돌,직진우회전진행방해,건조,맑음,교차로 - 교차로안,승용,여,51세,상해없음,이륜,남,76세,중상
2020070700100189,2020년 7월 7일 11시,화요일,충청북도 진천군 진천읍,경상사고,0,0,1,0,차대차 - 측면충돌,안전운전불이행,건조,맑음,교차로 - 교차로안,개인형이동수단(PM),남,35세,경상,승용,여,47세,상해없음
2020070700100224,2020년 7월 7일 12시,화요일,충청북도 청주시 흥덕구 복대동,경상사고,0,0,1,0,차대차 - 기타,교차로운행방법위반,건조,맑음,교차로 - 교차로안,승용,남,68세,상해없음,이륜,남,34세,경상
2020070700100225,2020년 7월 7일 12시,화요일,충청북도 청주시 상당구 영운동,경상사고,0,0,3,0,차대차 - 기타,안전운전불이행,건조,맑음,단일로 - 기타,승용,여,65세,상해없음,화물,남,48세,경상
2020070700100250,2020년 7월 7일 13시,화요일,충청북도 충주시 신니면,경상사고,0,0,2,0,차대차 - 추돌,과속,건조,맑음,단일로 - 기타,승용,남,27세,경상,건설기계,남,46세,경상
2020070700100251,2020년 7월 7일 13시,화요일,충청북도 영동군 황간면,경상사고,0,0,4,0,차대차 - 측면충돌,직진우회전진행방해,건조,맑음,교차로 - 교차로안,화물,남,55세,경상,승용,여,47세,경상
2020070700100252,2020년 7월 7일 13시,화요일,충청북도 청주시 상당구 명암동,중상사고,0,1,0,0,차량단독 - 기타,기타,건조,맑음,단일로 - 지하차도(도로)내,승합,남,46세,상해없음,,,,
2020070700100313,2020년 7월 7일 15시,화요일,충청북도 청주시 청원구 내수읍,경상사고,0,0,1,0,차대차 - 기타,교차로운행방법위반,건조,맑음,교차로 - 교차로안,승용,남,48세,상해없음,이륜,남,30세,경상
2020070700100314,2020년 7월 7일 15시,화요일,충청북도 청주시 흥덕구 오송읍,중상사고,0,1,0,0,차대차 - 측면충돌,교차로운행방법위반,건조,흐림,교차로 - 교차로안,승용,남,48세,상해없음,이륜,남,27세,중상
2020070700100393,2020년 7월 7일 17시,화요일,충청북도 청주시 상당구 북문로2가동,경상사고,0,0,1,0,차대차 - 기타,신호위반,건조,맑음,교차로 - 교차로안,이륜,남,25세,경상,승용,여,30세,상해없음
2020070700100394,2020년 7월 7일 17시,화요일,충청북도 영동군 영동읍,중상사고,0,1,0,0,차대차 - 측면충돌,안전운전불이행,건조,맑음,교차로 - 교차로안,승용,여,34세,상해없음,자전거,여,73세,중상
2020070700100395,2020년 7월 7일 17시,화요일,충청북도 진천군 덕산읍,경상사고,0,0,1,0,차량단독 - 도로외이탈 - 추락,안전운전불이행,건조,맑음,단일로 - 기타,자전거,남,66세,경상,,,,
2020070700100451,2020년 7월 7일 18시,화요일,충청북도 청주시 흥덕구 봉명동,중상사고,0,1,0,0,차대차 - 기타,안전거리미확보,건조,맑음,교차로 - 교차로부근,승합,남,66세,상해없음,승용,남,32세,중상
2020070700100452,2020년 7월 7일 18시,화요일,충청북도 청주시 상당구 남문로2가동,경상사고,0,0,1,0,차대차 - 추돌,안전운전불이행,건조,맑음,단일로 - 지하차도(도로)내,승용,남,56세,상해없음,승용,여,29세,경상
2020070700100453,2020년 7월 7일 18시,화요일,충청북도 청주시 상당구 영운동,경상사고,0,0,1,0,차대차 - 측면충돌,안전운전불이행,건조,맑음,단일로 - 지하차도(도로)내,이륜,남,21세,경상,승용,남,51세,상해없음
2020070700100493,2020년 7월 7일 19시,화요일,충청북도 청주시 청원구 내덕동,경상사고,0,0,1,0,차대차 - 기타,안전거리미확보,건조,맑음,교차로 - 교차로부근,이륜,남,24세,경상,승용,여,25세,상해없음
2020070700100494,2020년 7월 7일 19시,화요일,충청북도 제천시 청전동,경상사고,0,0,2,0,차대차 - 측면충돌,안전거리미확보,건조,맑음,단일로 - 지하차도(도로)내,이륜,남,43세,경상,승용,여,27세,경상
2020070700100495,2020년 7월 7일 19시,화요일,충청북도 청주시 흥덕구 가경동,중상사고,0,1,0,0,차대차 - 기타,교차로운행방법위반,건조,맑음,교차로 - 교차로안,승용,남,55세,상해없음,이륜,남,37세,중상
2020070700100496,2020년 7월 7일 19시,화요일,충청북도 청주시 흥덕구 옥산면,중상사고,0,1,0,0,차대차 - 기타,신호위반,건조,맑음,교차로 - 교차로안,자전거,여,71세,중상,승용,여,35세,상해없음
2020070700100524,2020년 7월 7일 20시,화요일,충청북도 청주시 서원구 개신동,중상사고,0,1,0,0,차대차 - 측면충돌,신호위반,건조,맑음,교차로 - 교차로횡단보도내,자전거,남,52세,중상,승용,남,69세,상해없음
2020070700100525,2020년 7월 7일 20시,화요일,충청북도 청주시 흥덕구 지동동,경상사고,0,0,1,0,차대차 - 기타,안전운전불이행,건조,맑음,교차로 - 교차로부근,승용,남,55세,상해없음,승용,여,43세,상해없음
2020070700100551,2020년 7월 7일 21시,화요일,충청북도 충주시 문화동,중상사고,0,1,0,0,차대차 - 측면충돌,안전거리미확보,건조,맑음,교차로 - 교차로안,승합,여,56세,상해없음,승용,여,51세,중상
2020070700100589,2020년 7월 7일 23시,화요일,충청북도 충주시 연수동,중상사고,0,1,0,0,차대차 - 측면충돌,신호위반,건조,맑음,교차로 - 교차로안,승용,남,57세,상해없음,승용,여,43세,중상
2020070800100007,2020년 7월 8일 00시,수요일,충청북도 청주시 흥덕구 복대동,경상사고,0,0,2,0,차대차 - 기타,안전운전불이행,건조,맑음,교차로 - 교차로부근,승용,남,42세,상해없음,승용,남,27세,경상
2020070800100046,2020년 7월 8일 06시,수요일,충청북도 진천군 문백면,경상사고,0,0,2,0,차대차 - 측면충돌,직진우회전진행방해,건조,맑음,교차로 - 교차로안,승용,남,38세,경상,특수,남,54세,경상
2020070800100047,2020년 7월 8일 06시,수요일,충청북도 청주시 흥덕구 복대동,중상사고,0,1,0,0,차대차 - 기타,교차로운행방법위반,건조,흐림,교차로 - 교차로안,승용,남,41세,상해없음,이륜,남,26세,중상
2020070800100102,2020년 7월 8일 08시,수요일,충청북도 진천군 진천읍,경상사고,0,0,1,0,차대차 - 측면충돌,안전운전불이행,건조,맑음,단일로 - 기타,화물,남,49세,상해없음,승용,여,42세,경상
2020070800100138,2020년 7월 8일 09시,수요일,충청북도 영동군 영동읍,중상사고,0,1,0,0,차대차 - 측면충돌,안전운전불이행,건조,맑음,단일로 - 기타,승용,여,66세,상해없음,이륜,남,44세,중상
2020070800100238,2020년 7월 8일 12시,수요일,충청북도 제천시 화산동,중상사고,0,1,0,0,차대차 - 측면충돌,안전운전불이행,건조,맑음,교차로 - 교차로안,승용,남,27세,상해없음,승용,남,59세,중상
2020070800100239,2020년 7월 8일 12시,수요일,충청북도 단양군 단양읍,경상사고,0,0,1,0,차대차 - 추돌,안전운전불이행,건조,맑음,교차로 - 교차로부근,이륜,남,77세,경상,승용,남,75세,상해없음
2020070800100303,2020년 7월 8일 14시,수요일,충청북도 청주시 서원구 성화동,경상사고,0,0,1,0,차대차 - 측면충돌,신호위반,건조,맑음,단일로 - 기타,승용,여,46세,상해없음,승용,여,59세,경상
2020070800100341,2020년 7월 8일 15시,수요일,충청북도 제천시 고암동,경상사고,0,0,1,0,차대사람 - 길가장자리구역통행중,안전운전불이행,건조,맑음,단일로 - 기타,승용,남,18세,기타불명,보행자,남,21세,경상
2020070800100342,2020년 7월 8일 15시,수요일,충청북도 괴산군 칠성면,경상사고,0,0,2,0,차대차 - 추돌,안전운전불이행,건조,맑음,단일로 - 기타,화물,남,35세,경상,화물,남,60세,경상
2020070800100343,2020년 7월 8일 15시,수요일,충청북도 음성군 대소면,중상사고,0,1,0,0,차대차 - 측면충돌,안전운전불이행,건조,맑음,교차로 - 교차로안,건설기계,남,49세,상해없음,승용,여,52세,중상
2020070800100388,2020년 7월 8일 16시,수요일,충청북도 음성군 음성읍,중상사고,0,1,0,0,차대차 - 측면충돌,교차로운행방법위반,건조,맑음,교차로 - 교차로안,이륜,남,79세,중상,승용,남,35세,상해없음
2020070800100389,2020년 7월 8일 16시,수요일,충청북도 청주시 서원구 분평동,중상사고,0,1,0,0,차대차 - 측면충돌,안전운전불이행,건조,맑음,교차로 - 교차로안,승용,남,60세,상해없음,자전거,남,52세,중상
2020070800100428,2020년 7월 8일 17시,수요일,충청북도 청주시 청원구 북이면,중상사고,0,3,1,0,차대차 - 기타,안전운전불이행,건조,맑음,교차로 - 교차로안,화물,남,63세,상해없음,승용,여,59세,중상
2020070800100429,2020년 7월 8일 17시,수요일,충청북도 제천시 영천동,경상사고,0,0,1,0,차대차 - 측면충돌,안전운전불이행,건조,맑음,교차로 - 교차로횡단보도내,자전거,남,62세,경상,승용,남,59세,상해없음
2020070800100476,2020년 7월 8일 18시,수요일,충청북도 청주시 서원구 사창동,경상사고,0,0,1,0,차대차 - 기타,안전운전불이행,건조,맑음,단일로 - 기타,승용,여,62세,상해없음,이륜,남,32세,경상
2020070800100477,2020년 7월 8일 18시,수요일,충청북도 제천시 두학동,중상사고,0,1,0,0,차대차 - 측면충돌,직진우회전진행방해,건조,맑음,교차로 - 교차로안,승합,여,45세,상해없음,자전거,남,72세,중상
2020070800100478,2020년 7월 8일 18시,수요일,충청북도 청주시 흥덕구 가경동,경상사고,0,0,1,0,차대차 - 추돌,안전운전불이행,건조,맑음,단일로 - 기타,승용,남,45세,상해없음,승용,남,62세,경상
2020070800100479,2020년 7월 8일 18시,수요일,충청북도 청주시 흥덕구 비하동,경상사고,0,0,1,0,차대차 - 측면충돌,안전운전불이행,건조,맑음,교차로 - 교차로부근,승합,남,74세,상해없음,승용,여,46세,경상
2020070800100523,2020년 7월 8일 19시,수요일,충청북도 청주시 상당구 서문동,경상사고,0,0,1,0,차대사람 - 횡단중,보행자보호의무위반,건조,맑음,교차로 - 교차로횡단보도내,승용,남,21세,상해없음,보행자,여,49세,경상
2020070800100556,2020년 7월 8일 20시,수요일,충청북도 충주시 금릉동,경상사고,0,0,1,0,차대차 - 정면충돌,신호위반,건조,흐림,교차로 - 교차로안,이륜,남,21세,상해없음,승합,남,50세,상해없음
2020070800100557,2020년 7월 8일 20시,수요일,충청북도 충주시 연수동,경상사고,0,0,1,0,차대차 - 기타,직진우회전진행방해,건조,맑음,교차로 - 교차로안,승용,남,28세,상해없음,승용,여,38세,경상
2020070800100587,2020년 7월 8일 21시,수요일,충청북도 청주시 청원구 율량동,경상사고,0,0,1,0,차대차 - 추돌,안전운전불이행,건조,맑음,단일로 - 기타,이륜,남,21세,경상,승용,남,43세,상해없음
2020070800100608,2020년 7월 8일 22시,수요일,충청북도 청주시 흥덕구 봉명동,경상사고,0,0,1,0,차대차 - 기타,중앙선침범,건조,맑음,단일로 - 기타,승용,남,45세,상해없음,이륜,남,31세,경상
2020070900100067,2020년 7월 9일 06시,목요일,충청북도 청주시 흥덕구 휴암동,경상사고,0,0,3,0,차대차 - 추돌,기타,건조,맑음,교차로 - 교차로부근,화물,남,68세,상해없음,화물,남,58세,경상
2020070900100114,2020년 7월 9일 08시,목요일,충청북도 충주시 금릉동,경상사고,0,0,2,0,차대차 - 추돌,안전운전불이행,건조,맑음,단일로 - 기타,승용,여,23세,상해없음,승용,여,47세,경상
2020070900100144,2020년 7월 9일 09시,목요일,충청북도 충주시 용산동,경상사고,0,0,1,0,차대차 - 기타,직진우회전진행방해,건조,맑음,교차로 - 교차로안,승용,여,43세,상해없음,원동기,남,77세,경상
2020070900100145,2020년 7월 9일 09시,목요일,충청북도 충주시 단월동,경상사고,0,0,1,1,차대차 - 측면충돌,안전운전불이행,건조,맑음,기타 - 기타,승용,남,74세,부상신고,승용,여,43세,경상
2020070900100178,2020년 7월 9일 10시,목요일,충청북도 진천군 이월면,경상사고,0,0,1,0,차량단독 - 도로외이탈 - 추락,안전운전불이행,건조,맑음,단일로 - 기타,건설기계,남,40세,경상,,,,
2020070900100179,2020년 7월 9일 10시,목요일,충청북도 청주시 서원구 남이면,경상사고,0,0,1,0,차대차 - 추돌,안전운전불이행,건조,맑음,교차로 - 교차로부근,화물,남,60세,상해없음,화물,남,28세,경상
2020070900100180,2020년 7월 9일 10시,목요일,충청북도 청주시 상당구 석교동,중상사고,0,1,0,0,차대사람 - 기타,기타,건조,맑음,단일로 - 기타,승용,여,64세,상해없음,보행자,여,87세,중상
2020070900100181,2020년 7월 9일 10시,목요일,충청북도 청주시 서원구 수곡동,경상사고,0,0,1,0,차대차 - 측면충돌,안전운전불이행,건조,맑음,단일로 - 지하차도(도로)내,화물,남,60세,상해없음,승용,여,58세,경상
2020070900100251,2020년 7월 9일 12시,목요일,충청북도 청주시 청원구 오창읍,경상사고,0,0,3,0,차대차 - 기타,중앙선침범,건조,맑음,교차로 - 교차로부근,승용,여,35세,상해없음,승용,여,44세,경상
2020070900100289,2020년 7월 9일 13시,목요일,충청북도 충주시 봉방동,중상사고,0,1,0,0,차대사람 - 횡단중,보행자보호의무위반,건조,맑음,교차로 - 교차로횡단보도내,화물,남,63세,상해없음,보행자,남,54세,중상
2020070900100290,2020년 7월 9일 13시,목요일,충청북도 제천시 신백동,중상사고,0,1,0,0,차대차 - 측면충돌,안전운전불이행,건조,맑음,교차로 - 교차로안,승용,남,60세,상해없음,화물,남,58세,중상
2020070900100291,2020년 7월 9일 13시,목요일,충청북도 영동군 영동읍,중상사고,0,1,0,0,차대차 - 측면충돌,안전운전불이행,건조,맑음,교차로 - 교차로안,승용,남,23세,상해없음,이륜,남,21세,중상
2020070900100292,2020년 7월 9일 13시,목요일,충청북도 음성군 삼성면,중상사고,0,1,0,0,차대사람 - 차도통행중,안전운전불이행,건조,맑음,단일로 - 지하차도(도로)내,화물,남,64세,상해없음,보행자,남,85세,중상
2020070900100334,2020년 7월 9일 14시,목요일,충청북도 제천시 중앙로1가,경상사고,0,0,1,0,차대차 - 측면충돌,안전운전불이행,건조,맑음,교차로 - 교차로부근,승용,남,60세,상해없음,승용,여,37세,경상
2020070900100374,2020년 7월 9일 15시,목요일,충청북도 음성군 맹동면,경상사고,0,0,1,0,차대사람 - 보도통행중,안전운전불이행,건조,맑음,주차장 - 주차장,승합,남,39세,상해없음,보행자,여,19세,경상
2020070900100375,2020년 7월 9일 15시,목요일,충청북도 청주시 서원구 수곡동,경상사고,0,0,2,0,차대차 - 측면충돌,신호위반,건조,맑음,교차로 - 교차로안,승용,남,84세,상해없음,승용,남,52세,경상
2020070900100422,2020년 7월 9일 16시,목요일,충청북도 청주시 흥덕구 가경동,경상사고,0,0,1,0,차대차 - 추돌,안전운전불이행,건조,맑음,교차로 - 교차로부근,승용,남,56세,상해없음,승용,여,34세,경상
2020070900100423,2020년 7월 9일 16시,목요일,충청북도 청주시 흥덕구 가경동,중상사고,0,1,0,0,차대차 - 추돌,직진우회전진행방해,건조,맑음,교차로 - 교차로안,승용,남,54세,상해없음,원동기,남,49세,중상
2020070900100469,2020년 7월 9일 17시,목요일,충청북도 청주시 상당구 용암동,경상사고,0,0,1,0,차대차 - 측면충돌,안전운전불이행,건조,맑음,교차로 - 교차로부근,이륜,남,39세,경상,승합,남,73세,상해없음
2020070900100521,2020년 7월 9일 18시,목요일,충청북도 청주시 청원구 오창읍,경상사고,0,0,1,0,차대차 - 기타,차로위반,건조,맑음,단일로 - 기타,승용,남,71세,상해없음,승합,남,61세,경상
2020070900100522,2020년 7월 9일 18시,목요일,충청북도 충주시 봉방동,경상사고,0,0,1,0,차대차 - 기타,직진우회전진행방해,건조,맑음,교차로 - 교차로안,승용,남,54세,상해없음,원동기,남,23세,경상
2020070900100523,2020년 7월 9일 18시,목요일,충청북도 청주시 서원구 개신동,경상사고,0,0,1,0,차대차 - 기타,안전운전불이행,건조,맑음,주차장 - 주차장,승용,여,63세,경상,화물,남,58세,기타불명
2020070900100524,2020년 7월 9일 18시,목요일,충청북도 청주시 상당구 문의면,중상사고,0,2,2,0,차대차 - 추돌,안전운전불이행,건조,맑음,교차로 - 교차로횡단보도내,승용,남,71세,경상,승용,여,24세,중상
2020070900100525,2020년 7월 9일 18시,목요일,충청북도 청주시 상당구 용암동,경상사고,0,0,2,0,차대차 - 추돌,안전운전불이행,건조,맑음,교차로 - 교차로부근,이륜,남,36세,경상,승용,여,62세,경상
2020070900100601,2020년 7월 9일 20시,목요일,충청북도 청주시 청원구 내수읍,경상사고,0,0,1,0,차대차 - 기타,안전운전불이행,건조,맑음,단일로 - 기타,화물,남,50세,상해없음,승용,여,24세,경상
2020070900100602,2020년 7월 9일 20시,목요일,충청북도 충주시 주덕읍,경상사고,0,0,1,0,차대차 - 기타,중앙선침범,건조,흐림,교차로 - 교차로부근,승용,남,28세,상해없음,승용,남,48세,상해없음
2020070900100603,2020년 7월 9일 20시,목요일,충청북도 청주시 서원구 개신동,경상사고,0,0,1,0,차대차 - 측면충돌,신호위반,건조,맑음,교차로 - 교차로안,승용,남,45세,상해없음,자전거,남,12세,경상
2020070900100633,2020년 7월 9일 21시,목요일,충청북도 제천시 고암동,경상사고,0,0,2,0,차대차 - 측면충돌,신호위반,건조,맑음,교차로 - 교차로안,승합,남,33세,상해없음,승용,남,30세,경상
2020070900100656,2020년 7월 9일 22시,목요일,충청북도 청주시 청원구 주중동,경상사고,0,0,1,0,차대차 - 측면충돌,차로위반,건조,맑음,교차로 - 교차로안,승용,남,22세,상해없음,화물,남,62세,상해없음
2020071000100033,2020년 7월 10일 02시,금요일,충청북도 청주시 흥덕구 봉명동,경상사고,0,0,1,0,차대사람 - 기타,안전운전불이행,건조,맑음,교차로 - 교차로부근,승용,남,26세,상해없음,보행자,남,40세,경상
2020071000100034,2020년 7월 10일 02시,금요일,충청북도 청주시 흥덕구 가경동,경상사고,0,0,2,0,차대차 - 추돌,안전운전불이행,건조,흐림,단일로 - 기타,승용,남,37세,상해없음,승용,남,59세,경상
2020071000100070,2020년 7월 10일 07시,금요일,충청북도 제천시 의림동,경상사고,0,0,1,0,차대차 - 측면충돌,교차로운행방법위반,건조,맑음,교차로 - 교차로부근,승용,남,59세,상해없음,승용,여,50세,경상
2020071000100071,2020년 7월 10일 07시,금요일,충청북도 괴산군 괴산읍,중상사고,0,1,0,0,차대차 - 측면충돌,기타,젖음/습기,비,교차로 - 교차로안,화물,남,48세,상해없음,승용,남,40세,중상
2020071000100072,2020년 7월 10일 07시,금요일,충청북도 청주시 상당구 북문로2가동,중상사고,0,1,0,0,차대차 - 정면충돌,신호위반,젖음/습기,비,교차로 - 교차로안,승용,남,26세,상해없음,승용,남,65세,중상
2020071000100101,2020년 7월 10일 08시,금요일,충청북도 충주시 대소원면,경상사고,0,0,1,0,차대차 - 기타,안전운전불이행,젖음/습기,맑음,단일로 - 기타,승용,여,46세,상해없음,승용,남,37세,경상
2020071000100102,2020년 7월 10일 08시,금요일,충청북도 영동군 용산면,경상사고,0,0,3,0,차대차 - 측면충돌,직진우회전진행방해,젖음/습기,비,교차로 - 교차로안,특수,남,60세,상해없음,화물,남,70세,경상
2020071000100138,2020년 7월 10일 09시,금요일,충청북도 충주시 대소원면,경상사고,0,0,1,0,차대차 - 기타,안전운전불이행,젖음/습기,흐림,교차로 - 교차로안,승용,남,41세,상해없음,승용,남,46세,경상
2020071000100170,2020년 7월 10일 10시,금요일,충청북도 청주시 흥덕구 복대동,경상사고,0,0,1,0,차대차 - 후진중충돌,안전운전불이행,건조,맑음,교차로 - 교차로안,승용,남,71세,상해없음,승용,남,60세,경상
2020071000100211,2020년 7월 10일 11시,금요일,충청북도 충주시 주덕읍,중상사고,0,2,0,0,차대차 - 측면충돌,신호위반,건조,맑음,교차로 - 교차로안,승용,여,56세,상해없음,승합,여,62세,중상
2020071000100239,2020년 7월 10일 12시,금요일,충청북도 청주시 청원구 우암동,경상사고,0,0,1,0,차대차 - 측면충돌,안전운전불이행,건조,맑음,교차로 - 교차로부근,승용,여,57세,상해없음,승용,여,39세,경상
2020071000100269,2020년 7월 10일 13시,금요일,충청북도 청주시 상당구 용암동,경상사고,0,0,1,0,차대차 - 후진중충돌,안전운전불이행,건조,맑음,단일로 - 지하차도(도로)내,승용,여,59세,상해없음,승용,남,23세,경상
2020071000100345,2020년 7월 10일 15시,금요일,충청북도 충주시 칠금동,경상사고,0,0,1,0,차대차 - 기타,신호위반,건조,맑음,교차로 - 교차로안,승용,남,57세,상해없음,승용,여,31세,경상
2020071000100346,2020년 7월 10일 15시,금요일,충청북도 청주시 상당구 탑동,경상사고,0,0,2,0,차대차 - 측면충돌,교차로운행방법위반,건조,맑음,교차로 - 교차로안,화물,남,62세,경상,승용,여,49세,경상
2020071000100387,2020년 7월 10일 16시,금요일,충청북도 청주시 청원구 율량동,경상사고,0,0,2,0,차대차 - 기타,교차로운행방법위반,건조,맑음,교차로 - 교차로안,승용,여,50세,상해없음,승합,남,56세,경상
2020071000100388,2020년 7월 10일 16시,금요일,충청북도 청주시 서원구 현도면,중상사고,0,1,3,0,차대차 - 측면충돌,신호위반,건조,맑음,교차로 - 교차로안,화물,남,37세,경상,승합,여,59세,중상
2020071000100446,2020년 7월 10일 17시,금요일,충청북도 보은군 마로면,경상사고,0,0,1,0,차대차 - 기타,안전운전불이행,건조,맑음,교차로 - 교차로안,화물,남,62세,경상,승용,남,45세,상해없음
2020071000100498,2020년 7월 10일 18시,금요일,충청북도 진천군 광혜원면,경상사고,0,0,1,0,차대차 - 후진중충돌,안전운전불이행,건조,맑음,기타 - 기타,승합,남,44세,상해없음,원동기,남,20세,경상
2020071000100535,2020년 7월 10일 19시,금요일,충청북도 충주시 칠금동,중상사고,0,1,1,0,차대차 - 측면충돌,신호위반,건조,맑음,교차로 - 교차로안,원동기,남,50세,중상,승용,여,26세,경상
2020071000100567,2020년 7월 10일 20시,금요일,충청북도 청주시 청원구 사천동,경상사고,0,0,4,0,차대차 - 기타,신호위반,젖음/습기,비,교차로 - 교차로안,승용,남,39세,경상,승용,남,30세,경상
2020071000100598,2020년 7월 10일 21시,금요일,충청북도 청주시 청원구 우암동,경상사고,0,0,2,0,차대차 - 기타,직진우회전진행방해,젖음/습기,비,교차로 - 교차로안,승용,남,25세,상해없음,승용,남,22세,경상
2020071000100599,2020년 7월 10일 21시,금요일,충청북도 청주시 상당구 영동,경상사고,0,0,2,0,차대차 - 측면충돌,신호위반,건조,흐림,교차로 - 교차로안,승용,남,25세,상해없음,승용,여,46세,경상
2020071000100636,2020년 7월 10일 22시,금요일,충청북도 충주시 대소원면,경상사고,0,0,1,0,차대차 - 측면충돌,안전거리미확보,건조,맑음,단일로 - 지하차도(도로)내,특수,남,26세,상해없음,승용,남,29세,경상
2020071100100010,2020년 7월 11일 00시,토요일,충청북도 청주시 흥덕구 강서동,경상사고,0,0,1,0,차대차 - 측면충돌,안전거리미확보,건조,맑음,교차로 - 교차로횡단보도내,승용,남,30세,상해없음,이륜,남,51세,경상
2020071100100102,2020년 7월 11일 07시,토요일,충청북도 제천시 덕산면,경상사고,0,0,2,0,차대차 - 측면충돌,기타,건조,맑음,교차로 - 교차로안,화물,남,68세,상해없음,승용,여,48세,경상
2020071100100103,2020년 7월 11일 07시,토요일,충청북도 단양군 가곡면,경상사고,0,0,1,0,차대차 - 기타,안전운전불이행,건조,맑음,기타 - 기타,화물,남,58세,상해없음,승용,남,55세,상해없음
2020071100100143,2020년 7월 11일 09시,토요일,충청북도 제천시 영천동,경상사고,0,0,2,0,차대차 - 측면충돌,안전운전불이행,건조,맑음,단일로 - 기타,승용,남,62세,상해없음,승용,남,59세,경상
2020071100100166,2020년 7월 11일 10시,토요일,충청북도 청주시 청원구 사천동,경상사고,0,0,1,0,차대차 - 기타,신호위반,건조,맑음,교차로 - 교차로안,승용,남,51세,상해없음,승용,남,47세,경상
2020071100100167,2020년 7월 11일 10시,토요일,충청북도 단양군 단양읍,경상사고,0,0,3,0,차대차 - 측면충돌,안전운전불이행,건조,맑음,교차로 - 교차로부근,승용,남,49세,상해없음,승용,여,30세,경상
2020071100100168,2020년 7월 11일 10시,토요일,충청북도 청주시 흥덕구 신봉동,경상사고,0,0,3,0,차대차 - 측면충돌,안전운전불이행,건조,맑음,단일로 - 기타,화물,남,56세,경상,승용,여,46세,경상
2020071100100212,2020년 7월 11일 11시,토요일,충청북도 증평군 증평읍,경상사고,0,0,1,0,차대차 - 측면충돌,직진우회전진행방해,건조,맑음,교차로 - 교차로안,승용,남,57세,상해없음,승합,남,35세,경상
2020071100100261,2020년 7월 11일 12시,토요일,충청북도 청주시 청원구 율량동,중상사고,0,1,3,0,차대차 - 기타,신호위반,건조,맑음,교차로 - 교차로안,농기계,남,67세,중상,승용,남,30세,경상
2020071100100262,2020년 7월 11일 12시,토요일,충청북도 제천시 청전동,경상사고,0,0,1,0,차대차 - 정면충돌,신호위반,건조,맑음,교차로 - 교차로안,승합,여,63세,상해없음,승용,남,40세,경상
2020071100100263,2020년 7월 11일 12시,토요일,충청북도 단양군 단성면,경상사고,0,0,3,0,차대차 - 후진중충돌,안전운전불이행,건조,맑음,교차로 - 교차로부근,승용,여,71세,상해없음,승용,남,37세,경상
2020071100100264,2020년 7월 11일 12시,토요일,충청북도 진천군 덕산읍,중상사고,0,1,1,0,차대차 - 측면충돌,신호위반,건조,맑음,교차로 - 교차로안,원동기,남,51세,중상,승용,남,56세,경상