사고번호,사고일시,요일,시군구,사고내용,사망자수,중상자수,경상자수,부상신고자수,사고유형,법규위반,노면상태,기상상태,도로형태,가해운전자 차종,가해운전자 성별,가해운전자 연령,가해운전자 상해정도,피해운전자 차종,피해운전자 성별,피해운전자 연령,피해운전자 상해정도
2020071100100265,2020년 7월 11일 12시,토요일,충청북도 청주시 흥덕구 외북동,중상사고,0,1,0,0,차대차 - 정면충돌,신호위반,건조,맑음,교차로 - 교차로안,이륜,남,25세,중상,승용,남,29세,상해없음
2020071100100266,2020년 7월 11일 12시,토요일,충청북도 청주시 흥덕구 비하동,경상사고,0,0,1,0,차대차 - 기타,기타,건조,맑음,단일로 - 기타,승용,남,66세,상해없음,승용,남,22세,경상
2020071100100302,2020년 7월 11일 13시,토요일,충청북도 제천시 명동,경상사고,0,0,1,0,차대차 - 추돌,안전운전불이행,건조,맑음,단일로 - 지하차도(도로)내,이륜,남,17세,경상,승용,남,59세,상해없음
2020071100100337,2020년 7월 11일 14시,토요일,충청북도 보은군 보은읍,경상사고,0,0,4,0,차대차 - 측면충돌,교차로운행방법위반,건조,맑음,교차로 - 교차로안,승용,남,63세,경상,승용,남,35세,경상
2020071100100338,2020년 7월 11일 14시,토요일,충청북도 충주시 노은면,경상사고,0,0,2,0,차대차 - 추돌,안전운전불이행,건조,맑음,단일로 - 터널,승용,남,27세,상해없음,승용,남,56세,경상
2020071100100381,2020년 7월 11일 15시,토요일,충청북도 괴산군 소수면,중상사고,0,1,0,0,차대차 - 추돌,안전운전불이행,건조,맑음,단일로 - 기타,화물,남,51세,상해없음,이륜,여,48세,중상
2020071100100383,2020년 7월 11일 15시,토요일,충청북도 충주시 노은면,경상사고,0,0,4,0,차대차 - 추돌,안전거리미확보,건조,맑음,단일로 - 터널,승용,남,26세,상해없음,승용,남,51세,경상
2020071100100490,2020년 7월 11일 18시,토요일,충청북도 충주시 연수동,경상사고,0,0,1,0,차대차 - 기타,안전운전불이행,건조,흐림,교차로 - 교차로안,승용,여,48세,상해없음,자전거,남,6세,경상
2020071100100548,2020년 7월 11일 20시,토요일,충청북도 음성군 대소면,경상사고,0,0,1,0,차량단독 - 공작물충돌,안전운전불이행,건조,맑음,교차로 - 교차로안,화물,남,58세,경상,,,,
2020071100100549,2020년 7월 11일 20시,토요일,충청북도 단양군 매포읍,경상사고,0,0,2,0,차대차 - 측면충돌,안전운전불이행,건조,맑음,교차로 - 교차로안,승용,남,37세,경상,화물,여,55세,경상
2020071100100575,2020년 7월 11일 21시,토요일,충청북도 청주시 서원구 사창동,경상사고,0,0,1,0,차대차 - 기타,차로위반,건조,맑음,단일로 - 기타,승용,여,34세,상해없음,승용,남,62세,상해없음
2020071100100612,2020년 7월 11일 22시,토요일,충청북도 충주시 연수동,경상사고,0,0,2,0,차대차 - 기타,신호위반,건조,맑음,교차로 - 교차로안,승용,남,33세,상해없음,승용,여,29세,경상
2020071100100613,2020년 7월 11일 22시,토요일,충청북도 충주시 달천동,중상사고,0,1,0,0,차대차 - 측면충돌,안전운전불이행,건조,맑음,교차로 - 교차로안,승용,남,42세,상해없음,승용,남,64세,중상
2020071100100614,2020년 7월 11일 22시,토요일,충청북도 청주시 상당구 용암동,경상사고,0,0,1,0,차대차 - 추돌,안전운전불이행,건조,맑음,교차로 - 교차로부근,승용,남,55세,상해없음,승용,남,58세,경상
2020071100100633,2020년 7월 11일 23시,토요일,충청북도 충주시 대소원면,중상사고,0,1,0,0,차량단독 - 전도전복 - 전도,안전운전불이행,건조,흐림,단일로 - 기타,원동기,남,31세,중상,,,,
2020071100100634,2020년 7월 11일 23시,토요일,충청북도 충주시 칠금동,경상사고,0,0,1,0,차대차 - 기타,안전거리미확보,건조,흐림,단일로 - 기타,승용,여,29세,상해없음,승용,여,40세,경상
2020071200100045,2020년 7월 12일 03시,일요일,충청북도 제천시 청전동,경상사고,0,0,1,0,차대차 - 측면충돌,안전운전불이행,건조,맑음,교차로 - 교차로안,승용,남,32세,상해없음,승용,남,25세,경상
2020071200100114,2020년 7월 12일 10시,일요일,충청북도 제천시 서부동,중상사고,0,1,0,0,차대사람 - 횡단중,안전운전불이행,건조,흐림,단일로 - 기타,승용,남,44세,상해없음,보행자,여,1세,중상
2020071200100208,2020년 7월 12일 13시,일요일,충청북도 청주시 흥덕구 복대동,경상사고,0,0,2,0,차대차 - 기타,신호위반,건조,맑음,교차로 - 교차로안,이륜,남,34세,상해없음,승용,남,30세,경상
2020071200100243,2020년 7월 12일 15시,일요일,충청북도 영동군 영동읍,부상신고사고,0,0,0,1,차량단독 - 전도전복 - 전도,안전운전불이행,젖음/습기,흐림,단일로 - 기타,이륜,남,49세,부상신고,,,,
2020071200100244,2020년 7월 12일 15시,일요일,충청북도 음성군 음성읍,경상사고,0,0,2,0,차대차 - 측면충돌,차로위반,젖음/습기,비,단일로 - 기타,승용,남,56세,경상,특수,남,51세,경상
2020071200100278,2020년 7월 12일 16시,일요일,충청북도 증평군 증평읍,중상사고,0,1,0,0,차대차 - 측면충돌,교차로운행방법위반,젖음/습기,비,교차로 - 교차로안,승용,남,20세,상해없음,승용,여,59세,중상
2020071200100310,2020년 7월 12일 17시,일요일,충청북도 청주시 청원구 오창읍,중상사고,0,3,0,0,차대차 - 기타,신호위반,젖음/습기,비,교차로 - 교차로안,승용,남,64세,상해없음,승용,남,51세,중상
2020071200100311,2020년 7월 12일 17시,일요일,충청북도 충주시 지현동,경상사고,0,0,2,0,차대차 - 추돌,안전거리미확보,건조,맑음,교차로 - 교차로부근,승용,남,62세,상해없음,승용,남,28세,경상
2020071200100312,2020년 7월 12일 17시,일요일,충청북도 제천시 봉양읍,중상사고,0,1,0,0,차대차 - 측면충돌,신호위반,젖음/습기,비,기타 - 기타,화물,남,57세,상해없음,승용,남,48세,중상
2020071200100339,2020년 7월 12일 18시,일요일,충청북도 제천시 남천동,경상사고,0,0,1,0,차대차 - 추돌,안전거리미확보,젖음/습기,비,교차로 - 교차로부근,승용,남,29세,상해없음,승용,남,22세,경상
2020071200100340,2020년 7월 12일 18시,일요일,충청북도 청주시 흥덕구 신봉동,중상사고,0,1,0,0,차대차 - 기타,안전운전불이행,젖음/습기,비,교차로 - 교차로안,승용,남,29세,상해없음,이륜,남,52세,중상
2020071200100371,2020년 7월 12일 19시,일요일,충청북도 청주시 상당구 남주동,경상사고,0,0,1,0,차대차 - 측면충돌,교차로운행방법위반,젖음/습기,비,교차로 - 교차로안,승용,남,30세,상해없음,승용,남,29세,경상
2020071200100414,2020년 7월 12일 20시,일요일,충청북도 청주시 청원구 오창읍,중상사고,0,3,0,0,차대차 - 기타,신호위반,젖음/습기,비,교차로 - 교차로안,승용,남,32세,상해없음,승용,남,50세,중상
2020071200100415,2020년 7월 12일 20시,일요일,충청북도 제천시 영천동,경상사고,0,0,1,0,차대차 - 측면충돌,신호위반,젖음/습기,비,교차로 - 교차로안,승합,여,53세,상해없음,화물,남,51세,상해없음
2020071200100416,2020년 7월 12일 20시,일요일,충청북도 청주시 흥덕구 봉명동,경상사고,0,0,1,0,차대사람 - 길가장자리구역통행중,안전운전불이행,젖음/습기,비,단일로 - 기타,승용,남,62세,상해없음,보행자,남,46세,경상
2020071200100417,2020년 7월 12일 20시,일요일,충청북도 청주시 상당구 용암동,경상사고,0,0,1,0,차대사람 - 횡단중,안전운전불이행,젖음/습기,비,교차로 - 교차로안,승용,여,52세,상해없음,보행자,남,58세,경상
2020071200100455,2020년 7월 12일 21시,일요일,충청북도 진천군 진천읍,경상사고,0,0,1,0,차대차 - 추돌,안전운전불이행,젖음/습기,흐림,단일로 - 기타,승용,남,29세,상해없음,승용,남,32세,경상
2020071200100485,2020년 7월 12일 22시,일요일,충청북도 제천시 중앙로2가,경상사고,0,0,1,0,차대차 - 추돌,안전거리미확보,젖음/습기,비,교차로 - 교차로부근,승용,남,26세,상해없음,승용,남,19세,경상
2020071200100518,2020년 7월 12일 23시,일요일,충청북도 청주시 청원구 오창읍,중상사고,0,2,0,0,차대사람 - 기타,보행자보호의무위반,젖음/습기,비,단일로 - 기타,승용,여,55세,상해없음,보행자,남,36세,중상
2020071300100141,2020년 7월 13일 09시,월요일,충청북도 청주시 상당구 용암동,경상사고,0,0,3,0,차대차 - 기타,중앙선침범,젖음/습기,비,교차로 - 교차로부근,승용,남,61세,상해없음,승용,여,34세,경상
2020071300100174,2020년 7월 13일 10시,월요일,충청북도 청주시 서원구 개신동,경상사고,0,0,1,0,차대차 - 기타,안전운전불이행,건조,맑음,단일로 - 기타,승용,남,63세,상해없음,승용,남,30세,경상
2020071300100175,2020년 7월 13일 10시,월요일,충청북도 괴산군 괴산읍,중상사고,0,1,0,0,차대차 - 측면충돌,안전운전불이행,건조,맑음,교차로 - 교차로안,승용,여,62세,상해없음,화물,남,39세,중상
2020071300100238,2020년 7월 13일 12시,월요일,충청북도 충주시 연수동,경상사고,0,0,1,0,차대사람 - 횡단중,보행자보호의무위반,건조,흐림,교차로 - 교차로횡단보도내,승용,남,20세,상해없음,보행자,남,72세,경상
2020071300100239,2020년 7월 13일 12시,월요일,충청북도 진천군 진천읍,경상사고,0,0,2,0,차대차 - 기타,안전거리미확보,젖음/습기,비,교차로 - 교차로부근,승용,남,71세,상해없음,승용,남,30세,경상
2020071300100339,2020년 7월 13일 15시,월요일,충청북도 충주시 연수동,경상사고,0,0,1,0,차대차 - 기타,신호위반,건조,흐림,교차로 - 교차로안,승용,남,74세,상해없음,승용,남,24세,경상
2020071300100340,2020년 7월 13일 15시,월요일,충청북도 청주시 상당구 금천동,경상사고,0,0,1,0,차량단독 - 전도전복 - 전도,안전운전불이행,젖음/습기,비,교차로 - 교차로안,이륜,남,16세,상해없음,,,,
2020071300100376,2020년 7월 13일 16시,월요일,충청북도 청주시 청원구 율량동,경상사고,0,0,4,0,차대차 - 기타,안전운전불이행,젖음/습기,비,교차로 - 교차로안,승용,여,61세,경상,승용,여,24세,경상
2020071300100377,2020년 7월 13일 16시,월요일,충청북도 제천시 동현동,중상사고,0,1,0,1,차대차 - 정면충돌,신호위반,건조,맑음,교차로 - 교차로안,승용,여,54세,부상신고,승용,여,21세,중상
2020071300100440,2020년 7월 13일 18시,월요일,충청북도 청주시 청원구 오동동,경상사고,0,0,1,0,차대차 - 측면충돌,안전운전불이행,건조,맑음,단일로 - 기타,승용,남,70세,상해없음,승용,여,38세,경상
2020071300100441,2020년 7월 13일 18시,월요일,충청북도 진천군 진천읍,경상사고,0,0,1,0,차대차 - 측면충돌,안전운전불이행,건조,맑음,단일로 - 기타,승용,남,39세,상해없음,승용,남,41세,경상
2020071300100506,2020년 7월 13일 20시,월요일,충청북도 음성군 대소면,중상사고,0,1,0,0,차대사람 - 횡단중,안전운전불이행,젖음/습기,비,교차로 - 교차로부근,이륜,남,28세,상해없음,보행자,남,30세,중상
2020071300100507,2020년 7월 13일 20시,월요일,충청북도 청주시 상당구 지북동,경상사고,0,0,2,0,차대차 - 측면충돌,신호위반,젖음/습기,흐림,교차로 - 교차로안,승용,남,67세,상해없음,승용,남,41세,경상
2020071300100508,2020년 7월 13일 20시,월요일,충청북도 청주시 상당구 금천동,경상사고,0,0,1,0,차대차 - 측면충돌,안전운전불이행,건조,맑음,단일로 - 기타,승용,남,58세,기타불명,승용,남,24세,경상
2020071300100607,2020년 7월 13일 23시,월요일,충청북도 제천시 왕암동,경상사고,0,0,1,0,차대차 - 정면충돌,신호위반,건조,흐림,교차로 - 교차로안,승용,남,25세,상해없음,화물,남,37세,경상
2020071300100608,2020년 7월 13일 23시,월요일,충청북도 청주시 서원구 개신동,경상사고,0,0,1,0,차대차 - 기타,안전운전불이행,젖음/습기,비,교차로 - 교차로안,승합,남,39세,상해없음,승용,여,51세,경상
2020071400100021,2020년 7월 14일 00시,화요일,충청북도 청주시 청원구 북이면,사망사고,1,0,0,0,차대차 - 기타,안전운전불이행,젖음/습기,비,단일로 - 기타,승용,남,28세,상해없음,승용,남,61세,상해없음
2020071400100041,2020년 7월 14일 01시,화요일,충청북도 청주시 청원구 내덕동,경상사고,0,0,1,0,차대차 - 측면충돌,직진우회전진행방해,젖음/습기,비,교차로 - 교차로안,이륜,남,22세,경상,승용,여,61세,상해없음
2020071400100099,2020년 7월 14일 07시,화요일,충청북도 충주시 호암동,경상사고,0,0,1,0,차대차 - 측면충돌,신호위반,젖음/습기,비,교차로 - 교차로안,승용,남,63세,상해없음,승용,남,43세,경상
2020071400100131,2020년 7월 14일 08시,화요일,충청북도 제천시 동현동,경상사고,0,0,1,0,차대차 - 추돌,안전거리미확보,젖음/습기,비,교차로 - 교차로안,승용,여,25세,상해없음,승용,여,42세,경상
2020071400100132,2020년 7월 14일 08시,화요일,충청북도 보은군 산외면,경상사고,0,0,1,0,차대사람 - 횡단중,안전운전불이행,젖음/습기,비,단일로 - 기타,화물,남,51세,상해없음,보행자,여,79세,경상
2020071400100161,2020년 7월 14일 09시,화요일,충청북도 충주시 대소원면,경상사고,0,0,1,0,차대차 - 추돌,안전거리미확보,건조,맑음,단일로 - 기타,승용,남,34세,상해없음,승용,남,35세,경상
2020071400100162,2020년 7월 14일 09시,화요일,충청북도 청주시 상당구 석교동,경상사고,0,0,1,0,차대사람 - 횡단중,신호위반,건조,맑음,교차로 - 교차로횡단보도내,승용,여,43세,상해없음,보행자,여,75세,경상
2020071400100163,2020년 7월 14일 09시,화요일,충청북도 청주시 상당구 용암동,중상사고,0,1,0,0,차대차 - 기타,안전운전불이행,젖음/습기,비,교차로 - 교차로안,원동기,남,51세,중상,승용,남,65세,상해없음
2020071400100193,2020년 7월 14일 10시,화요일,충청북도 청주시 청원구 오창읍,경상사고,0,0,1,0,차대차 - 기타,신호위반,젖음/습기,비,교차로 - 교차로안,화물,남,44세,기타불명,승용,남,76세,경상
2020071400100194,2020년 7월 14일 10시,화요일,충청북도 음성군 금왕읍,경상사고,0,0,1,0,차대차 - 기타,안전운전불이행,젖음/습기,흐림,단일로 - 기타,승용,여,33세,상해없음,이륜,남,66세,경상
2020071400100226,2020년 7월 14일 11시,화요일,충청북도 괴산군 괴산읍,경상사고,0,0,2,0,차대차 - 정면충돌,안전운전불이행,젖음/습기,비,교차로 - 교차로안,승용,남,27세,경상,화물,남,48세,경상
2020071400100227,2020년 7월 14일 11시,화요일,충청북도 청주시 상당구 남문로1가동,경상사고,0,0,1,0,차대사람 - 횡단중,보행자보호의무위반,젖음/습기,비,단일로 - 지하차도(도로)내,승용,여,74세,상해없음,보행자,여,61세,경상
2020071400100257,2020년 7월 14일 12시,화요일,충청북도 제천시 명동,경상사고,0,0,2,0,차대차 - 측면충돌,안전운전불이행,건조,맑음,교차로 - 교차로부근,승용,여,63세,경상,승용,남,49세,경상
2020071400100322,2020년 7월 14일 14시,화요일,충청북도 청주시 흥덕구 강서동,경상사고,0,0,2,0,차대차 - 기타,안전거리미확보,젖음/습기,비,교차로 - 교차로부근,승용,남,71세,상해없음,승용,남,25세,경상
2020071400100366,2020년 7월 14일 15시,화요일,충청북도 제천시 봉양읍,경상사고,0,0,2,0,차대차 - 기타,중앙선침범,건조,맑음,단일로 - 기타,승용,여,58세,상해없음,승용,여,46세,경상
2020071400100367,2020년 7월 14일 15시,화요일,충청북도 제천시 청전동,경상사고,0,0,1,0,차대차 - 측면충돌,안전운전불이행,젖음/습기,흐림,단일로 - 지하차도(도로)내,승용,남,25세,상해없음,승용,남,34세,경상
2020071400100368,2020년 7월 14일 15시,화요일,충청북도 청주시 상당구 금천동,중상사고,0,1,0,0,차대사람 - 차도통행중,안전운전불이행,젖음/습기,비,단일로 - 지하차도(도로)내,화물,남,38세,상해없음,보행자,여,73세,중상
2020071400100399,2020년 7월 14일 16시,화요일,충청북도 청주시 청원구 오창읍,중상사고,0,1,0,0,차대사람 - 횡단중,보행자보호의무위반,건조,맑음,교차로 - 교차로안,승용,여,27세,상해없음,보행자,여,36세,중상
2020071400100400,2020년 7월 14일 16시,화요일,충청북도 청주시 흥덕구 강서동,경상사고,0,0,1,0,차대차 - 추돌,안전운전불이행,건조,맑음,단일로 - 기타,승용,남,64세,상해없음,승용,여,50세,경상
2020071400100401,2020년 7월 14일 16시,화요일,충청북도 청주시 흥덕구 봉명동,중상사고,0,1,0,0,차대차 - 측면충돌,안전운전불이행,건조,맑음,단일로 - 기타,승용,남,59세,상해없음,자전거,여,71세,중상
2020071400100438,2020년 7월 14일 17시,화요일,충청북도 충주시 봉방동,중상사고,0,1,0,0,차대차 - 추돌,안전운전불이행,건조,맑음,단일로 - 기타,이륜,남,57세,중상,화물,남,58세,상해없음
2020071400100439,2020년 7월 14일 17시,화요일,충청북도 청주시 흥덕구 봉명동,경상사고,0,0,2,0,차대차 - 기타,안전운전불이행,건조,맑음,교차로 - 교차로안,이륜,남,45세,경상,승용,여,22세,경상
2020071400100440,2020년 7월 14일 17시,화요일,충청북도 청주시 서원구 미평동,경상사고,0,0,1,0,차대차 - 추돌,안전운전불이행,건조,맑음,단일로 - 기타,승용,여,56세,상해없음,승용,남,33세,경상
2020071400100477,2020년 7월 14일 18시,화요일,충청북도 청주시 청원구 오창읍,중상사고,0,1,1,0,차대차 - 측면충돌,신호위반,건조,맑음,교차로 - 교차로안,이륜,남,46세,중상,승용,남,26세,경상
2020071400100478,2020년 7월 14일 18시,화요일,충청북도 청주시 흥덕구 봉명동,경상사고,0,0,1,0,차대차 - 측면충돌,교차로운행방법위반,건조,맑음,교차로 - 교차로안,승용,남,30세,상해없음,승용,남,60세,상해없음
2020071400100545,2020년 7월 14일 20시,화요일,충청북도 청주시 상당구 북문로1가동,중상사고,0,1,2,0,차대차 - 측면충돌,신호위반,젖음/습기,비,교차로 - 교차로안,원동기,남,46세,중상,승용,남,61세,경상
2020071400100546,2020년 7월 14일 20시,화요일,충청북도 청주시 상당구 용암동,경상사고,0,0,1,0,차대차 - 측면충돌,교차로운행방법위반,젖음/습기,맑음,교차로 - 교차로횡단보도내,승용,남,48세,상해없음,자전거,남,35세,경상
2020071400100576,2020년 7월 14일 21시,화요일,충청북도 제천시 금성면,중상사고,0,1,0,0,차대차 - 추돌,안전운전불이행,건조,맑음,단일로 - 지하차도(도로)내,승용,여,58세,상해없음,이륜,남,67세,중상
2020071400100577,2020년 7월 14일 21시,화요일,충청북도 청주시 상당구 용암동,경상사고,0,0,1,0,차대차 - 추돌,안전운전불이행,젖음/습기,비,교차로 - 교차로부근,원동기,남,17세,경상,승용,남,23세,상해없음
2020071400100603,2020년 7월 14일 22시,화요일,충청북도 청주시 청원구 오창읍,경상사고,0,0,2,0,차대차 - 기타,차로위반,젖음/습기,비,교차로 - 교차로부근,승용,여,47세,상해없음,승용,여,47세,경상
2020071500100026,2020년 7월 15일 02시,수요일,충청북도 청주시 흥덕구 석곡동,경상사고,0,0,1,0,차량단독 - 공작물충돌,안전운전불이행,젖음/습기,비,단일로 - 기타,승용,남,32세,경상,,,,
2020071500100033,2020년 7월 15일 03시,수요일,충청북도 청주시 상당구 금천동,중상사고,0,1,1,0,차대차 - 측면충돌,안전운전불이행,젖음/습기,흐림,교차로 - 교차로안,승용,남,50세,상해없음,승용,남,35세,중상
2020071500100059,2020년 7월 15일 06시,수요일,충청북도 청주시 서원구 사창동,경상사고,0,0,1,0,차대차 - 기타,신호위반,젖음/습기,비,교차로 - 교차로안,이륜,남,35세,경상,승용,남,60세,상해없음
2020071500100134,2020년 7월 15일 09시,수요일,충청북도 청주시 흥덕구 오송읍,중상사고,0,1,9,1,차대차 - 기타,신호위반,젖음/습기,비,교차로 - 교차로안,화물,남,60세,경상,승합,남,45세,경상
2020071500100168,2020년 7월 15일 10시,수요일,충청북도 청주시 청원구 오창읍,중상사고,0,1,0,0,차대차 - 기타,안전운전불이행,건조,흐림,교차로 - 교차로안,승용,남,46세,상해없음,승용,여,38세,중상
2020071500100169,2020년 7월 15일 10시,수요일,충청북도 청주시 상당구 금천동,경상사고,0,0,3,0,차대차 - 추돌,안전운전불이행,건조,맑음,교차로 - 교차로부근,승용,여,55세,경상,승용,여,48세,경상
2020071500100230,2020년 7월 15일 12시,수요일,충청북도 충주시 성내동,경상사고,0,0,1,0,차대차 - 기타,안전운전불이행,건조,맑음,교차로 - 교차로안,승용,여,62세,상해없음,이륜,여,61세,경상
2020071500100261,2020년 7월 15일 13시,수요일,충청북도 청주시 청원구 오창읍,경상사고,0,0,1,0,차대차 - 기타,안전운전불이행,건조,맑음,단일로 - 기타,승용,남,29세,상해없음,승용,여,65세,경상
2020071500100262,2020년 7월 15일 13시,수요일,충청북도 영동군 심천면,경상사고,0,0,2,0,차대차 - 추돌,안전운전불이행,건조,흐림,교차로 - 교차로안,화물,남,27세,경상,승용,여,65세,경상
2020071500100263,2020년 7월 15일 13시,수요일,충청북도 청주시 서원구 산남동,사망사고,1,0,3,0,차대차 - 기타,안전운전불이행,건조,맑음,교차로 - 교차로안,승합,남,61세,상해없음,승용,여,23세,사망
2020071500100294,2020년 7월 15일 14시,수요일,충청북도 음성군 감곡면,중상사고,0,1,0,0,차대사람 - 차도통행중,안전운전불이행,건조,맑음,교차로 - 교차로부근,화물,여,62세,상해없음,보행자,여,49세,중상
2020071500100295,2020년 7월 15일 14시,수요일,충청북도 청주시 상당구 용암동,중상사고,0,1,0,0,차대사람 - 기타,안전운전불이행,건조,맑음,단일로 - 기타,승용,남,18세,상해없음,보행자,여,80세,중상
2020071500100329,2020년 7월 15일 15시,수요일,충청북도 청주시 서원구 사창동,경상사고,0,0,1,0,차대차 - 기타,안전운전불이행,건조,맑음,단일로 - 기타,개인형이동수단(PM),남,30세,경상,승용,여,62세,상해없음
2020071500100330,2020년 7월 15일 15시,수요일,충청북도 청주시 서원구 모충동,중상사고,0,1,0,0,차대사람 - 횡단중,안전운전불이행,건조,맑음,단일로 - 지하차도(도로)내,자전거,남,63세,상해없음,보행자,남,64세,중상
2020071500100371,2020년 7월 15일 16시,수요일,충청북도 음성군 소이면,경상사고,0,0,1,0,차대차 - 기타,안전운전불이행,건조,맑음,단일로 - 기타,승용,남,42세,경상,승합,남,56세,상해없음
2020071500100372,2020년 7월 15일 16시,수요일,충청북도 진천군 광혜원면,경상사고,0,0,4,0,차대차 - 측면충돌,안전운전불이행,건조,맑음,단일로 - 기타,승용,남,45세,경상,화물,남,49세,경상
2020071500100411,2020년 7월 15일 17시,수요일,충청북도 청주시 서원구 분평동,경상사고,0,0,2,0,차대차 - 측면충돌,안전운전불이행,건조,맑음,교차로 - 교차로안,화물,남,50세,상해없음,승용,여,33세,경상
2020071500100470,2020년 7월 15일 18시,수요일,충청북도 청주시 상당구 영운동,경상사고,0,0,1,0,차대차 - 추돌,안전거리미확보,건조,맑음,교차로 - 교차로부근,승용,남,30세,상해없음,승용,남,29세,경상
2020071500100548,2020년 7월 15일 20시,수요일,충청북도 충주시 성남동,경상사고,0,0,3,0,차대차 - 추돌,안전운전불이행,건조,맑음,교차로 - 교차로부근,승용,남,68세,상해없음,승용,남,61세,경상
2020071500100549,2020년 7월 15일 20시,수요일,충청북도 충주시 연수동,경상사고,0,0,2,0,차대차 - 기타,안전운전불이행,건조,맑음,단일로 - 기타,승용,여,33세,상해없음,승용,남,19세,경상
2020071500100580,2020년 7월 15일 21시,수요일,충청북도 청주시 서원구 산남동,경상사고,0,0,5,0,차대차 - 추돌,안전운전불이행,건조,맑음,교차로 - 교차로부근,승용,남,38세,상해없음,승용,남,47세,경상
2020071500100602,2020년 7월 15일 22시,수요일,충청북도 청주시 흥덕구 가경동,중상사고,0,1,1,0,차대사람 - 횡단중,신호위반,건조,맑음,교차로 - 교차로안,원동기,남,16세,상해없음,보행자,여,15세,경상
2020071600100050,2020년 7월 16일 05시,목요일,충청북도 청주시 서원구 사창동,경상사고,0,0,1,0,차대사람 - 기타,신호위반,건조,맑음,단일로 - 기타,승용,남,24세,상해없음,보행자,남,18세,경상
2020071600100061,2020년 7월 16일 06시,목요일,충청북도 청주시 상당구 방서동,중상사고,0,2,0,0,차대차 - 측면충돌,신호위반,건조,맑음,교차로 - 교차로안,승합,남,18세,상해없음,승용,남,57세,중상
2020071600100077,2020년 7월 16일 07시,목요일,충청북도 증평군 증평읍,중상사고,0,1,0,0,차대차 - 기타,기타,건조,맑음,교차로 - 교차로안,승용,남,25세,상해없음,승용,남,37세,중상
2020071600100078,2020년 7월 16일 07시,목요일,충청북도 진천군 이월면,경상사고,0,0,1,0,차대차 - 측면충돌,안전운전불이행,건조,맑음,교차로 - 교차로안,원동기,남,82세,경상,화물,남,54세,상해없음
2020071600100079,2020년 7월 16일 07시,목요일,충청북도 청주시 흥덕구 비하동,경상사고,0,0,1,0,차대차 - 기타,신호위반,건조,맑음,교차로 - 교차로안,승합,남,65세,상해없음,승용,여,51세,경상
2020071600100178,2020년 7월 16일 10시,목요일,충청북도 청주시 흥덕구 비하동,경상사고,0,0,1,0,차대차 - 기타,안전운전불이행,건조,맑음,단일로 - 기타,승용,남,77세,경상,승용,남,51세,상해없음
2020071600100179,2020년 7월 16일 10시,목요일,충청북도 청주시 상당구 남주동,경상사고,0,0,2,0,차량단독 - 공작물충돌,안전운전불이행,건조,맑음,단일로 - 기타,승합,여,43세,상해없음,,,,
2020071600100180,2020년 7월 16일 10시,목요일,충청북도 청주시 서원구 수곡동,경상사고,0,0,1,0,차대차 - 측면충돌,교차로운행방법위반,건조,맑음,교차로 - 교차로안,승용,여,31세,경상,화물,남,21세,상해없음
2020071600100223,2020년 7월 16일 11시,목요일,충청북도 청주시 청원구 율량동,경상사고,0,0,1,0,차대차 - 측면충돌,안전운전불이행,건조,맑음,교차로 - 교차로안,승용,남,62세,상해없음,승용,남,74세,상해없음
2020071600100224,2020년 7월 16일 11시,목요일,충청북도 충주시 성남동,경상사고,0,0,4,0,차대차 - 측면충돌,직진우회전진행방해,건조,맑음,교차로 - 교차로안,승용,여,44세,경상,승용,남,27세,경상
2020071600100286,2020년 7월 16일 13시,목요일,충청북도 제천시 고암동,경상사고,0,0,1,0,차대차 - 측면충돌,안전운전불이행,건조,맑음,교차로 - 교차로부근,승용,여,19세,상해없음,승합,남,43세,경상
2020071600100325,2020년 7월 16일 14시,목요일,충청북도 청주시 흥덕구 봉명동,경상사고,0,0,2,0,차대차 - 추돌,안전운전불이행,건조,맑음,교차로 - 교차로부근,승용,남,67세,상해없음,승합,남,57세,경상
2020071600100364,2020년 7월 16일 15시,목요일,충청북도 충주시 지현동,중상사고,0,1,0,0,차대차 - 기타,직진우회전진행방해,건조,맑음,교차로 - 교차로안,이륜,남,50세,중상,승용,여,42세,상해없음
2020071600100365,2020년 7월 16일 15시,목요일,충청북도 청주시 흥덕구 복대동,경상사고,0,0,1,0,차대차 - 기타,교차로운행방법위반,건조,맑음,교차로 - 교차로부근,승용,남,69세,상해없음,자전거,여,60세,경상
2020071600100449,2020년 7월 16일 17시,목요일,충청북도 충주시 봉방동,부상신고사고,0,0,0,1,차대차 - 기타,안전운전불이행,건조,맑음,교차로 - 교차로안,승용,여,47세,상해없음,승용,여,35세,상해없음
2020071600100450,2020년 7월 16일 17시,목요일,충청북도 영동군 황간면,경상사고,0,0,1,0,차대차 - 측면충돌,직진우회전진행방해,건조,맑음,교차로 - 교차로안,승용,남,48세,상해없음,승용,여,38세,경상
2020071600100451,2020년 7월 16일 17시,목요일,충청북도 청주시 흥덕구 강서동,경상사고,0,0,1,1,차대차 - 기타,안전운전불이행,건조,맑음,교차로 - 교차로안,승용,남,25세,부상신고,승용,여,52세,경상
2020071600100503,2020년 7월 16일 18시,목요일,충청북도 청주시 상당구 북문로2가동,경상사고,0,0,2,0,차대차 - 측면충돌,안전거리미확보,건조,맑음,교차로 - 교차로안,승용,남,74세,상해없음,화물,남,35세,경상
2020071600100504,2020년 7월 16일 18시,목요일,충청북도 청주시 청원구 내덕동,중상사고,0,1,0,0,차대사람 - 길가장자리구역통행중,안전운전불이행,건조,맑음,단일로 - 기타,화물,남,66세,상해없음,보행자,여,81세,중상