사고번호,사고일시,요일,시군구,사고내용,사망자수,중상자수,경상자수,부상신고자수,사고유형,법규위반,노면상태,기상상태,도로형태,가해운전자 차종,가해운전자 성별,가해운전자 연령,가해운전자 상해정도,피해운전자 차종,피해운전자 성별,피해운전자 연령,피해운전자 상해정도
2020072100100623,2020년 7월 21일 23시,화요일,충청북도 청주시 청원구 내덕동,경상사고,0,0,1,0,차대차 - 측면충돌,신호위반,건조,맑음,교차로 - 교차로안,승용,남,25세,상해없음,승용,남,37세,경상
2020072200100021,2020년 7월 22일 01시,수요일,충청북도 진천군 이월면,경상사고,0,0,1,0,차대차 - 측면충돌,직진우회전진행방해,젖음/습기,비,교차로 - 교차로안,승용,여,54세,상해없음,원동기,남,29세,경상
2020072200100059,2020년 7월 22일 05시,수요일,충청북도 청주시 상당구 영운동,중상사고,0,1,0,0,차대차 - 기타,신호위반,젖음/습기,비,교차로 - 교차로안,승용,남,38세,상해없음,승용,남,25세,중상
2020072200100087,2020년 7월 22일 07시,수요일,충청북도 증평군 증평읍,경상사고,0,0,2,0,차대차 - 추돌,안전거리미확보,젖음/습기,비,교차로 - 교차로안,승용,남,51세,상해없음,승용,여,47세,경상
2020072200100088,2020년 7월 22일 07시,수요일,충청북도 음성군 삼성면,경상사고,0,0,2,0,차대차 - 측면충돌,중앙선침범,건조,맑음,단일로 - 기타,승합,남,27세,경상,승용,남,46세,경상
2020072200100089,2020년 7월 22일 07시,수요일,충청북도 청주시 상당구 용담동,경상사고,0,0,1,0,차대차 - 기타,교차로운행방법위반,젖음/습기,비,교차로 - 교차로안,승합,남,57세,상해없음,승용,여,45세,경상
2020072200100127,2020년 7월 22일 08시,수요일,충청북도 청주시 청원구 내덕동,중상사고,0,5,0,0,차대차 - 추돌,안전운전불이행,젖음/습기,비,교차로 - 교차로부근,승용,남,25세,상해없음,승용,여,51세,중상
2020072200100128,2020년 7월 22일 08시,수요일,충청북도 청주시 청원구 오창읍,중상사고,0,1,0,0,차대사람 - 횡단중,보행자보호의무위반,젖음/습기,비,단일로 - 기타,승용,여,47세,상해없음,보행자,남,15세,중상
2020072200100129,2020년 7월 22일 08시,수요일,충청북도 청주시 청원구 사천동,경상사고,0,0,1,0,차대차 - 기타,기타,건조,맑음,단일로 - 기타,화물,남,62세,상해없음,이륜,남,23세,경상
2020072200100174,2020년 7월 22일 09시,수요일,충청북도 제천시 봉양읍,경상사고,0,0,1,0,차대사람 - 기타,안전운전불이행,건조,맑음,기타 - 기타,특수,남,53세,상해없음,보행자,남,32세,경상
2020072200100210,2020년 7월 22일 10시,수요일,충청북도 제천시 하소동,경상사고,0,0,3,0,차대차 - 정면충돌,신호위반,젖음/습기,비,교차로 - 교차로안,승용,남,71세,경상,승용,남,39세,경상
2020072200100245,2020년 7월 22일 11시,수요일,충청북도 청주시 서원구 분평동,경상사고,0,0,2,0,차대차 - 측면충돌,교차로운행방법위반,젖음/습기,비,교차로 - 교차로안,승용,남,72세,경상,승용,여,57세,경상
2020072200100276,2020년 7월 22일 12시,수요일,충청북도 청주시 청원구 오창읍,중상사고,0,1,0,0,차대차 - 측면충돌,안전거리미확보,젖음/습기,흐림,교차로 - 교차로부근,승용,남,42세,상해없음,이륜,남,30세,중상
2020072200100371,2020년 7월 22일 15시,수요일,충청북도 영동군 심천면,경상사고,0,0,3,0,차대차 - 기타,안전운전불이행,젖음/습기,비,단일로 - 기타,승용,남,31세,경상,특수,남,49세,상해없음
2020072200100487,2020년 7월 22일 18시,수요일,충청북도 청주시 청원구 율량동,중상사고,0,1,0,0,차대차 - 기타,안전운전불이행,건조,맑음,교차로 - 교차로안,화물,남,80세,상해없음,자전거,여,78세,중상
2020072200100488,2020년 7월 22일 18시,수요일,충청북도 제천시 청전동,경상사고,0,0,2,0,차대차 - 추돌,안전운전불이행,건조,맑음,단일로 - 지하차도(도로)내,화물,남,53세,상해없음,승용,여,23세,경상
2020072200100489,2020년 7월 22일 18시,수요일,충청북도 진천군 진천읍,경상사고,0,0,1,0,차대차 - 측면충돌,안전운전불이행,젖음/습기,비,단일로 - 기타,승용,남,65세,상해없음,승용,남,45세,상해없음
2020072200100490,2020년 7월 22일 18시,수요일,충청북도 청주시 흥덕구 옥산면,경상사고,0,0,1,0,차대차 - 측면충돌,교차로운행방법위반,젖음/습기,비,교차로 - 교차로안,이륜,남,39세,경상,승용,여,39세,상해없음
2020072200100535,2020년 7월 22일 19시,수요일,충청북도 충주시 교현동,경상사고,0,0,2,0,차대차 - 기타,직진우회전진행방해,젖음/습기,비,교차로 - 교차로안,승용,남,51세,경상,승용,여,28세,경상
2020072200100572,2020년 7월 22일 20시,수요일,충청북도 제천시 고암동,중상사고,0,2,0,0,차대차 - 측면충돌,신호위반,건조,흐림,교차로 - 교차로안,화물,남,59세,기타불명,승용,여,55세,중상
2020072200100603,2020년 7월 22일 21시,수요일,충청북도 제천시 의림동,경상사고,0,0,1,0,차대차 - 측면충돌,직진우회전진행방해,건조,맑음,교차로 - 교차로안,승용,남,54세,상해없음,승용,남,55세,상해없음
2020072200100632,2020년 7월 22일 22시,수요일,충청북도 청주시 서원구 남이면,경상사고,0,0,2,0,차대차 - 측면충돌,안전운전불이행,건조,맑음,단일로 - 기타,승용,여,19세,상해없음,승용,남,30세,경상
2020072200100661,2020년 7월 22일 23시,수요일,충청북도 제천시 남천동,사망사고,1,0,0,0,차대사람 - 차도통행중,안전운전불이행,젖음/습기,비,교차로 - 교차로안,승용,남,36세,상해없음,보행자,남,63세,사망
2020072200100662,2020년 7월 22일 23시,수요일,충청북도 청주시 흥덕구 수의동,중상사고,0,1,0,0,차대차 - 측면충돌,안전운전불이행,건조,맑음,단일로 - 기타,승용,남,28세,상해없음,승용,여,32세,중상
2020072300100056,2020년 7월 23일 05시,목요일,충청북도 청주시 상당구 남일면,경상사고,0,0,1,0,차대차 - 측면충돌,교차로운행방법위반,건조,맑음,교차로 - 교차로안,승용,남,27세,상해없음,승용,여,57세,경상
2020072300100079,2020년 7월 23일 07시,목요일,충청북도 옥천군 옥천읍,중상사고,0,1,0,0,차대차 - 정면충돌,중앙선침범,젖음/습기,비,단일로 - 기타,승용,남,42세,상해없음,승용,여,66세,중상
2020072300100111,2020년 7월 23일 08시,목요일,충청북도 청주시 흥덕구 송절동,경상사고,0,0,3,0,차대차 - 정면충돌,안전운전불이행,젖음/습기,비,단일로 - 기타,승용,여,35세,경상,승용,남,32세,경상
2020072300100112,2020년 7월 23일 08시,목요일,충청북도 청주시 서원구 분평동,경상사고,0,0,1,0,차대차 - 측면충돌,안전운전불이행,젖음/습기,비,단일로 - 지하차도(도로)내,승용,여,54세,상해없음,승용,여,48세,경상
2020072300100281,2020년 7월 23일 14시,목요일,충청북도 충주시 교현동,중상사고,0,1,0,0,차대차 - 기타,안전운전불이행,젖음/습기,비,교차로 - 교차로부근,화물,남,74세,상해없음,승용,남,57세,상해없음
2020072300100282,2020년 7월 23일 14시,목요일,충청북도 청주시 상당구 용암동,중상사고,0,1,0,0,차대차 - 측면충돌,신호위반,젖음/습기,비,교차로 - 교차로부근,승용,여,68세,상해없음,원동기,남,44세,중상
2020072300100313,2020년 7월 23일 15시,목요일,충청북도 제천시 장락동,경상사고,0,0,3,0,차대차 - 측면충돌,직진우회전진행방해,젖음/습기,비,교차로 - 교차로안,승용,남,36세,경상,화물,남,72세,경상
2020072300100438,2020년 7월 23일 18시,목요일,충청북도 청주시 상당구 용암동,경상사고,0,0,1,0,차대차 - 추돌,안전거리미확보,젖음/습기,비,단일로 - 지하차도(도로)내,승용,여,60세,상해없음,승용,남,23세,경상
2020072300100539,2020년 7월 23일 20시,목요일,충청북도 청주시 서원구 사직동,경상사고,0,0,4,0,차대차 - 기타,안전운전불이행,젖음/습기,비,단일로 - 기타,승용,남,62세,상해없음,승용,여,53세,경상
2020072300100540,2020년 7월 23일 20시,목요일,충청북도 진천군 덕산면,경상사고,0,0,2,0,차대차 - 측면충돌,교차로운행방법위반,젖음/습기,비,교차로 - 교차로안,승용,남,46세,상해없음,승용,남,42세,경상
2020072300100541,2020년 7월 23일 20시,목요일,충청북도 청주시 서원구 성화동,중상사고,0,1,0,0,차대사람 - 횡단중,안전운전불이행,젖음/습기,비,교차로 - 교차로안,승용,여,28세,상해없음,보행자,여,65세,중상
2020072300100594,2020년 7월 23일 21시,목요일,충청북도 청주시 상당구 영운동,경상사고,0,0,1,0,차대차 - 측면충돌,안전운전불이행,젖음/습기,비,교차로 - 교차로부근,이륜,남,17세,상해없음,승합,남,54세,경상
2020072300100595,2020년 7월 23일 21시,목요일,충청북도 청주시 서원구 수곡동,경상사고,0,0,1,0,차대차 - 기타,안전운전불이행,젖음/습기,비,주차장 - 주차장,승용,남,50세,상해없음,승용,남,59세,경상
2020072300100644,2020년 7월 23일 22시,목요일,충청북도 충주시 문화동,경상사고,0,0,1,0,차대차 - 추돌,안전운전불이행,젖음/습기,비,단일로 - 기타,승용,남,36세,상해없음,승용,남,26세,경상
2020072300100645,2020년 7월 23일 22시,목요일,충청북도 청주시 서원구 산남동,중상사고,0,1,7,0,차대차 - 기타,안전운전불이행,젖음/습기,비,교차로 - 교차로안,승용,남,60세,상해없음,승용,남,39세,상해없음
2020072300100646,2020년 7월 23일 22시,목요일,충청북도 음성군 금왕읍,경상사고,0,0,1,0,차대차 - 추돌,안전운전불이행,젖음/습기,비,단일로 - 교량,승용,남,46세,기타불명,승용,남,57세,경상
2020072300100688,2020년 7월 23일 23시,목요일,충청북도 제천시 하소동,경상사고,0,0,1,0,차대차 - 측면충돌,직진우회전진행방해,젖음/습기,비,교차로 - 교차로안,승용,여,44세,상해없음,승용,여,51세,경상
2020072400100009,2020년 7월 24일 00시,금요일,충청북도 청주시 흥덕구 복대동,경상사고,0,0,1,0,차대차 - 측면충돌,안전운전불이행,건조,맑음,교차로 - 교차로안,승용,여,51세,상해없음,승용,여,62세,경상
2020072400100042,2020년 7월 24일 03시,금요일,충청북도 청주시 청원구 내덕동,사망사고,1,0,1,0,차대차 - 측면충돌,신호위반,젖음/습기,흐림,교차로 - 교차로안,승용,남,27세,경상,승용,남,44세,사망
2020072400100043,2020년 7월 24일 03시,금요일,충청북도 청주시 흥덕구 가경동,중상사고,0,2,0,0,차대차 - 기타,중앙선침범,건조,흐림,단일로 - 기타,승용,남,36세,상해없음,승용,남,50세,중상
2020072400100044,2020년 7월 24일 03시,금요일,충청북도 청주시 상당구 용정동,경상사고,0,0,2,0,차대차 - 기타,안전운전불이행,젖음/습기,비,교차로 - 교차로부근,승용,남,39세,상해없음,승용,남,25세,경상
2020072400100062,2020년 7월 24일 06시,금요일,충청북도 충주시 살미면,중상사고,0,1,1,0,차대차 - 기타,과속,건조,맑음,교차로 - 교차로부근,승용,남,71세,중상,화물,남,65세,경상
2020072400100127,2020년 7월 24일 09시,금요일,충청북도 청주시 청원구 우암동,중상사고,0,1,1,0,차대차 - 측면충돌,교차로운행방법위반,젖음/습기,비,교차로 - 교차로안,화물,남,60세,경상,화물,남,54세,중상
2020072400100212,2020년 7월 24일 12시,금요일,충청북도 충주시 교현동,경상사고,0,0,1,0,차대차 - 추돌,안전거리미확보,건조,맑음,교차로 - 교차로부근,승용,여,39세,상해없음,승용,남,85세,경상
2020072400100213,2020년 7월 24일 12시,금요일,충청북도 음성군 대소면,경상사고,0,0,1,0,차대차 - 추돌,안전운전불이행,건조,맑음,교차로 - 교차로부근,승용,남,27세,상해없음,승용,여,66세,경상
2020072400100244,2020년 7월 24일 13시,금요일,충청북도 괴산군 괴산읍,경상사고,0,0,1,0,차대차 - 추돌,안전운전불이행,건조,맑음,단일로 - 기타,화물,남,82세,경상,화물,남,76세,기타불명
2020072400100245,2020년 7월 24일 13시,금요일,충청북도 옥천군 옥천읍,경상사고,0,0,1,0,차대차 - 추돌,불법유턴,젖음/습기,비,단일로 - 기타,화물,남,45세,상해없음,화물,남,37세,경상
2020072400100267,2020년 7월 24일 14시,금요일,충청북도 음성군 금왕읍,중상사고,0,1,0,0,차대차 - 측면충돌,신호위반,건조,맑음,교차로 - 교차로안,이륜,남,85세,중상,화물,남,36세,상해없음
2020072400100300,2020년 7월 24일 15시,금요일,충청북도 괴산군 괴산읍,경상사고,0,0,1,0,차대사람 - 길가장자리구역통행중,안전운전불이행,젖음/습기,비,단일로 - 기타,승용,여,44세,상해없음,보행자,여,14세,경상
2020072400100301,2020년 7월 24일 15시,금요일,충청북도 청주시 서원구 모충동,경상사고,0,0,1,0,차대차 - 측면충돌,교차로운행방법위반,건조,맑음,교차로 - 교차로안,원동기,남,31세,경상,승용,남,57세,상해없음
2020072400100337,2020년 7월 24일 16시,금요일,충청북도 충주시 신니면,경상사고,0,0,1,0,차량단독 - 도로외이탈 - 추락,안전운전불이행,젖음/습기,비,단일로 - 기타,화물,남,53세,경상,,,,
2020072400100338,2020년 7월 24일 16시,금요일,충청북도 충주시 봉방동,중상사고,0,1,3,0,차대차 - 추돌,안전거리미확보,건조,흐림,단일로 - 기타,승용,남,18세,상해없음,승용,남,61세,중상
2020072400100374,2020년 7월 24일 17시,금요일,충청북도 청주시 서원구 사창동,경상사고,0,0,1,0,차대사람 - 길가장자리구역통행중,안전운전불이행,건조,맑음,교차로 - 교차로부근,이륜,남,22세,기타불명,보행자,여,25세,경상
2020072400100375,2020년 7월 24일 17시,금요일,충청북도 진천군 덕산면,경상사고,0,0,2,0,차대차 - 측면충돌,신호위반,건조,맑음,교차로 - 교차로안,화물,남,59세,경상,승합,남,47세,경상
2020072400100376,2020년 7월 24일 17시,금요일,충청북도 청주시 상당구 금천동,경상사고,0,0,2,0,차대차 - 기타,안전운전불이행,건조,맑음,단일로 - 기타,승용,여,58세,상해없음,승용,여,36세,경상
2020072400100424,2020년 7월 24일 18시,금요일,충청북도 청주시 청원구 율량동,경상사고,0,0,2,0,차대차 - 기타,안전운전불이행,건조,맑음,교차로 - 교차로부근,승용,남,68세,상해없음,승용,여,46세,경상
2020072400100425,2020년 7월 24일 18시,금요일,충청북도 청주시 서원구 수곡동,경상사고,0,0,1,0,차대차 - 측면충돌,교차로운행방법위반,젖음/습기,흐림,교차로 - 교차로안,승용,남,74세,상해없음,승용,남,44세,경상
2020072400100480,2020년 7월 24일 19시,금요일,충청북도 청주시 흥덕구 봉명동,중상사고,0,1,2,0,차대차 - 측면충돌,교차로운행방법위반,건조,흐림,교차로 - 교차로안,승용,남,26세,상해없음,승용,여,24세,경상
2020072400100481,2020년 7월 24일 19시,금요일,충청북도 청주시 서원구 죽림동,부상신고사고,0,0,0,1,차대차 - 측면충돌,교차로운행방법위반,건조,맑음,교차로 - 교차로안,승용,남,55세,상해없음,원동기,남,38세,부상신고
2020072400100508,2020년 7월 24일 20시,금요일,충청북도 청주시 청원구 내수읍,경상사고,0,0,3,0,차대차 - 기타,안전거리미확보,젖음/습기,비,단일로 - 기타,승용,남,51세,상해없음,승용,남,33세,경상
2020072400100509,2020년 7월 24일 20시,금요일,충청북도 충주시 산척면,중상사고,0,1,0,0,차대차 - 추돌,안전운전불이행,젖음/습기,비,교차로 - 교차로부근,화물,남,56세,상해없음,승용,남,50세,상해없음
2020072400100510,2020년 7월 24일 20시,금요일,충청북도 영동군 영동읍,경상사고,0,0,1,0,차대차 - 기타,안전운전불이행,젖음/습기,비,교차로 - 교차로안,자전거,남,13세,경상,승용,남,44세,상해없음
2020072400100563,2020년 7월 24일 21시,금요일,충청북도 증평군 증평읍,중상사고,0,1,0,0,차대차 - 측면충돌,신호위반,젖음/습기,흐림,교차로 - 교차로안,승용,남,29세,상해없음,원동기,남,25세,중상
2020072400100598,2020년 7월 24일 22시,금요일,충청북도 청주시 청원구 율량동,중상사고,0,1,0,0,차대차 - 추돌,안전운전불이행,젖음/습기,기타,교차로 - 교차로부근,승용,남,75세,상해없음,승용,여,35세,중상
2020072400100599,2020년 7월 24일 22시,금요일,충청북도 청주시 서원구 개신동,중상사고,0,1,2,0,차대차 - 측면충돌,신호위반,젖음/습기,흐림,교차로 - 교차로부근,승용,남,19세,상해없음,승합,남,56세,경상
2020072400100639,2020년 7월 24일 23시,금요일,충청북도 청주시 청원구 율량동,경상사고,0,0,1,0,차대차 - 기타,교차로운행방법위반,젖음/습기,비,교차로 - 교차로안,기타불명,기타불명,미분류,기타불명,이륜,남,24세,경상
2020072500100008,2020년 7월 25일 00시,토요일,충청북도 진천군 광혜원면,경상사고,0,0,1,0,차대차 - 측면충돌,안전운전불이행,젖음/습기,흐림,교차로 - 교차로안,승용,남,50세,상해없음,승용,남,28세,경상
2020072500100035,2020년 7월 25일 01시,토요일,충청북도 청주시 흥덕구 봉명동,경상사고,0,0,1,0,차대차 - 기타,안전운전불이행,젖음/습기,맑음,교차로 - 교차로안,승용,남,34세,상해없음,승용,남,61세,경상
2020072500100073,2020년 7월 25일 03시,토요일,충청북도 음성군 금왕읍,경상사고,0,0,3,0,차대차 - 추돌,안전운전불이행,젖음/습기,비,단일로 - 기타,승용,남,35세,경상,승용,여,36세,상해없음
2020072500100094,2020년 7월 25일 05시,토요일,충청북도 진천군 진천읍,경상사고,0,0,1,0,차량단독 - 공작물충돌,안전운전불이행,젖음/습기,비,단일로 - 기타,화물,남,20세,경상,,,,
2020072500100130,2020년 7월 25일 08시,토요일,충청북도 음성군 원남면,중상사고,0,1,0,0,차대차 - 추돌,안전운전불이행,건조,맑음,교차로 - 교차로부근,승용,남,23세,상해없음,승용,여,63세,중상
2020072500100154,2020년 7월 25일 09시,토요일,충청북도 청주시 청원구 오창읍,중상사고,0,2,0,0,차대차 - 측면충돌,직진우회전진행방해,건조,맑음,교차로 - 교차로안,화물,남,68세,중상,화물,남,44세,중상
2020072500100155,2020년 7월 25일 09시,토요일,충청북도 청주시 흥덕구 가경동,경상사고,0,0,4,0,차대차 - 측면충돌,안전운전불이행,건조,맑음,단일로 - 기타,승용,남,33세,경상,승용,여,37세,경상
2020072500100210,2020년 7월 25일 11시,토요일,충청북도 청주시 흥덕구 복대동,경상사고,0,0,1,0,차대사람 - 횡단중,신호위반,젖음/습기,맑음,단일로 - 기타,승용,여,52세,상해없음,보행자,여,29세,경상
2020072500100248,2020년 7월 25일 12시,토요일,충청북도 청주시 서원구 산남동,중상사고,0,1,0,0,차대차 - 측면충돌,과속,건조,흐림,교차로 - 교차로안,특수,남,50세,상해없음,이륜,남,43세,중상
2020072500100284,2020년 7월 25일 13시,토요일,충청북도 괴산군 청천면,경상사고,0,0,2,0,차대차 - 추돌,안전운전불이행,젖음/습기,비,단일로 - 기타,화물,남,53세,상해없음,승용,여,46세,경상
2020072500100285,2020년 7월 25일 13시,토요일,충청북도 청주시 흥덕구 서촌동,경상사고,0,0,3,0,차대차 - 측면충돌,안전운전불이행,젖음/습기,비,단일로 - 터널,화물,남,58세,상해없음,승용,여,38세,경상
2020072500100286,2020년 7월 25일 13시,토요일,충청북도 보은군 회인면,중상사고,0,1,1,1,차대차 - 측면충돌,신호위반,젖음/습기,비,단일로 - 터널,화물,남,56세,부상신고,승용,여,52세,경상
2020072500100328,2020년 7월 25일 14시,토요일,충청북도 청주시 청원구 내수읍,경상사고,0,0,2,0,차대차 - 기타,안전운전불이행,젖음/습기,비,교차로 - 교차로부근,승용,여,19세,상해없음,승용,남,48세,경상
2020072500100359,2020년 7월 25일 15시,토요일,충청북도 충주시 교현동,경상사고,0,0,1,0,차대차 - 측면충돌,직진우회전진행방해,건조,흐림,교차로 - 교차로안,승용,여,67세,상해없음,이륜,남,36세,경상
2020072500100436,2020년 7월 25일 17시,토요일,충청북도 단양군 단양읍,경상사고,0,0,4,0,차대차 - 추돌,안전운전불이행,젖음/습기,비,단일로 - 교량,승용,남,31세,경상,이륜,남,54세,경상
2020072500100502,2020년 7월 25일 19시,토요일,충청북도 청주시 흥덕구 송절동,경상사고,0,0,1,0,차대차 - 기타,안전운전불이행,건조,맑음,단일로 - 기타,기타불명,기타불명,미분류,기타불명,승용,남,62세,경상
2020072500100503,2020년 7월 25일 19시,토요일,충청북도 청주시 서원구 산남동,경상사고,0,0,1,0,차대차 - 정면충돌,교차로운행방법위반,젖음/습기,비,교차로 - 교차로안,승용,여,44세,상해없음,이륜,남,23세,경상
2020072500100578,2020년 7월 25일 21시,토요일,충청북도 청주시 흥덕구 봉명동,경상사고,0,0,1,0,차대차 - 기타,안전운전불이행,젖음/습기,흐림,단일로 - 기타,승용,남,31세,상해없음,이륜,남,50세,경상
2020072500100605,2020년 7월 25일 22시,토요일,충청북도 청주시 흥덕구 봉명동,경상사고,0,0,1,0,차대차 - 추돌,중앙선침범,건조,흐림,단일로 - 기타,승용,여,34세,상해없음,이륜,남,19세,경상
2020072600100010,2020년 7월 26일 00시,일요일,충청북도 청주시 흥덕구 강서동,경상사고,0,0,2,0,차대차 - 측면충돌,안전운전불이행,건조,맑음,교차로 - 교차로안,승용,남,61세,상해없음,승용,여,26세,경상
2020072600100011,2020년 7월 26일 00시,일요일,충청북도 청주시 서원구 성화동,중상사고,0,1,4,0,차대차 - 측면충돌,신호위반,건조,흐림,교차로 - 교차로안,승용,남,61세,상해없음,승합,남,31세,경상
2020072600100026,2020년 7월 26일 01시,일요일,충청북도 청주시 흥덕구 복대동,경상사고,0,0,1,0,차대차 - 추돌,안전운전불이행,건조,맑음,단일로 - 기타,승용,남,22세,상해없음,승용,남,60세,경상
2020072600100064,2020년 7월 26일 05시,일요일,충청북도 청주시 흥덕구 복대동,중상사고,0,1,0,0,차대차 - 기타,신호위반,건조,맑음,교차로 - 교차로안,승용,남,48세,상해없음,승용,여,60세,중상
2020072600100081,2020년 7월 26일 07시,일요일,충청북도 청주시 흥덕구 강서동,경상사고,0,0,2,0,차대차 - 추돌,안전운전불이행,건조,맑음,단일로 - 지하차도(도로)내,승용,남,30세,상해없음,승용,여,47세,경상
2020072600100138,2020년 7월 26일 11시,일요일,충청북도 청주시 청원구 내덕동,중상사고,0,1,0,0,차대차 - 기타,신호위반,건조,흐림,교차로 - 교차로부근,승용,여,67세,상해없음,승용,남,65세,중상
2020072600100139,2020년 7월 26일 11시,일요일,충청북도 음성군 음성읍,중상사고,0,1,0,0,차량단독 - 공작물충돌,안전운전불이행,건조,흐림,교차로 - 교차로부근,승용,남,88세,중상,,,,
2020072600100140,2020년 7월 26일 11시,일요일,충청북도 청주시 서원구 수곡동,경상사고,0,0,1,0,차대차 - 측면충돌,안전운전불이행,건조,맑음,단일로 - 지하차도(도로)내,승용,남,30세,상해없음,승용,남,68세,경상
2020072600100141,2020년 7월 26일 11시,일요일,충청북도 청주시 상당구 산성동,경상사고,0,0,1,0,차대차 - 추돌,안전운전불이행,건조,맑음,교차로 - 교차로안,승용,남,53세,상해없음,승용,남,51세,경상
2020072600100161,2020년 7월 26일 12시,일요일,충청북도 제천시 장락동,중상사고,0,1,3,0,차대차 - 측면충돌,직진우회전진행방해,건조,맑음,교차로 - 교차로안,승용,남,35세,중상,승용,남,39세,경상
2020072600100189,2020년 7월 26일 13시,일요일,충청북도 진천군 문백면,부상신고사고,0,0,0,1,차대차 - 기타,안전운전불이행,건조,맑음,단일로 - 기타,이륜,남,56세,부상신고,승용,남,37세,상해없음
2020072600100190,2020년 7월 26일 13시,일요일,충청북도 청주시 서원구 남이면,경상사고,0,0,2,0,차대차 - 후진중충돌,안전운전불이행,건조,맑음,교차로 - 교차로안,승용,남,58세,상해없음,승용,남,30세,경상
2020072600100226,2020년 7월 26일 14시,일요일,충청북도 청주시 청원구 북이면,중상사고,0,1,2,0,차대차 - 추돌,안전거리미확보,건조,맑음,단일로 - 기타,승용,남,22세,상해없음,승용,여,54세,경상
2020072600100295,2020년 7월 26일 16시,일요일,충청북도 제천시 신동,경상사고,0,0,5,0,차대차 - 추돌,안전거리미확보,건조,맑음,단일로 - 기타,승용,여,44세,경상,승용,남,42세,경상
2020072600100321,2020년 7월 26일 17시,일요일,충청북도 청주시 청원구 율량동,경상사고,0,0,2,0,차대차 - 추돌,안전거리미확보,젖음/습기,흐림,교차로 - 교차로부근,승용,여,73세,상해없음,승용,남,33세,경상
2020072600100322,2020년 7월 26일 17시,일요일,충청북도 청주시 서원구 모충동,경상사고,0,0,1,0,차대차 - 후진중충돌,안전운전불이행,건조,맑음,교차로 - 교차로부근,승용,남,65세,상해없음,이륜,여,46세,경상
2020072600100381,2020년 7월 26일 19시,일요일,충청북도 청주시 청원구 우암동,경상사고,0,0,2,0,차대차 - 측면충돌,안전거리미확보,건조,맑음,교차로 - 교차로부근,승용,남,29세,상해없음,승용,남,56세,경상
2020072600100400,2020년 7월 26일 20시,일요일,충청북도 충주시 용산동,중상사고,0,1,0,0,차대차 - 기타,교차로운행방법위반,젖음/습기,흐림,교차로 - 교차로안,승합,남,64세,상해없음,이륜,남,21세,중상
2020072600100446,2020년 7월 26일 23시,일요일,충청북도 충주시 풍동,중상사고,0,1,0,0,차대사람 - 차도통행중,안전운전불이행,건조,맑음,단일로 - 기타,승용,여,50세,상해없음,보행자,남,46세,중상
2020072700100037,2020년 7월 27일 05시,월요일,충청북도 청주시 서원구 모충동,경상사고,0,0,1,0,차대차 - 측면충돌,안전운전불이행,건조,맑음,교차로 - 교차로부근,승용,남,66세,상해없음,화물,남,26세,경상
2020072700100136,2020년 7월 27일 09시,월요일,충청북도 음성군 원남면,중상사고,0,1,0,0,차대사람 - 기타,안전운전불이행,건조,맑음,주차장 - 주차장,화물,남,75세,상해없음,보행자,여,87세,중상
2020072700100137,2020년 7월 27일 09시,월요일,충청북도 음성군 음성읍,경상사고,0,0,1,0,차대차 - 측면충돌,안전운전불이행,건조,맑음,교차로 - 교차로부근,승용,여,68세,상해없음,승용,남,46세,상해없음
2020072700100138,2020년 7월 27일 09시,월요일,충청북도 음성군 금왕읍,경상사고,0,0,2,0,차대차 - 측면충돌,교차로운행방법위반,건조,맑음,교차로 - 교차로안,승용,남,51세,상해없음,승용,남,50세,경상
2020072700100171,2020년 7월 27일 10시,월요일,충청북도 충주시 중앙탑면,경상사고,0,0,1,0,차대차 - 추돌,안전운전불이행,건조,맑음,단일로 - 기타,승용,여,31세,상해없음,승용,남,24세,경상
2020072700100172,2020년 7월 27일 10시,월요일,충청북도 제천시 강제동,경상사고,0,0,1,0,차대차 - 측면충돌,안전운전불이행,건조,맑음,기타 - 기타,화물,남,66세,상해없음,승용,남,41세,경상
2020072700100173,2020년 7월 27일 10시,월요일,충청북도 음성군 음성읍,경상사고,0,0,1,0,차대차 - 측면충돌,안전운전불이행,건조,맑음,교차로 - 교차로안,화물,남,48세,상해없음,승용,여,47세,경상
2020072700100210,2020년 7월 27일 11시,월요일,충청북도 단양군 매포읍,경상사고,0,0,1,0,차량단독 - 기타,안전운전불이행,젖음/습기,비,기타 - 기타,승용,남,60세,경상,,,,
2020072700100246,2020년 7월 27일 12시,월요일,충청북도 충주시 중앙탑면,경상사고,0,0,3,0,차대차 - 후진중충돌,안전운전불이행,건조,맑음,단일로 - 기타,승용,여,53세,상해없음,승용,남,25세,경상
2020072700100247,2020년 7월 27일 12시,월요일,충청북도 음성군 금왕읍,경상사고,0,0,2,0,차대차 - 측면충돌,안전거리미확보,건조,맑음,교차로 - 교차로부근,화물,남,46세,상해없음,승용,남,51세,경상
2020072700100283,2020년 7월 27일 13시,월요일,충청북도 청주시 청원구 오창읍,경상사고,0,0,1,0,차대차 - 추돌,안전운전불이행,건조,맑음,교차로 - 교차로부근,승용,여,30세,상해없음,승용,남,24세,경상
2020072700100284,2020년 7월 27일 13시,월요일,충청북도 진천군 진천읍,경상사고,0,0,1,0,차대사람 - 기타,안전운전불이행,건조,맑음,단일로 - 기타,승용,여,48세,상해없음,보행자,남,11세,경상