사고번호,사고일시,요일,시군구,사고내용,사망자수,중상자수,경상자수,부상신고자수,사고유형,법규위반,노면상태,기상상태,도로형태,가해운전자 차종,가해운전자 성별,가해운전자 연령,가해운전자 상해정도,피해운전자 차종,피해운전자 성별,피해운전자 연령,피해운전자 상해정도
2020072700100314,2020년 7월 27일 14시,월요일,충청북도 충주시 신니면,중상사고,0,1,1,1,차대차 - 기타,직진우회전진행방해,건조,흐림,교차로 - 교차로안,화물,남,38세,부상신고,승합,남,46세,경상
2020072700100315,2020년 7월 27일 14시,월요일,충청북도 진천군 진천읍,경상사고,0,0,1,0,차대차 - 측면충돌,교차로운행방법위반,건조,맑음,교차로 - 교차로안,승용,남,56세,상해없음,승용,여,65세,경상
2020072700100316,2020년 7월 27일 14시,월요일,충청북도 괴산군 연풍면,경상사고,0,0,8,0,차대차 - 추돌,안전운전불이행,건조,맑음,단일로 - 터널,승용,여,58세,경상,승용,남,30세,경상
2020072700100359,2020년 7월 27일 15시,월요일,충청북도 충주시 칠금동,경상사고,0,0,1,0,차대차 - 기타,안전운전불이행,건조,맑음,단일로 - 기타,승용,남,58세,기타불명,승용,여,27세,경상
2020072700100360,2020년 7월 27일 15시,월요일,충청북도 괴산군 괴산읍,중상사고,0,1,0,0,차대차 - 측면충돌,안전운전불이행,건조,맑음,교차로 - 교차로안,승용,여,60세,상해없음,이륜,남,39세,중상
2020072700100361,2020년 7월 27일 15시,월요일,충청북도 진천군 진천읍,경상사고,0,0,2,0,차대차 - 측면충돌,안전거리미확보,건조,맑음,교차로 - 교차로안,승용,여,51세,경상,승용,남,25세,경상
2020072700100362,2020년 7월 27일 15시,월요일,충청북도 청주시 흥덕구 봉명동,부상신고사고,0,0,0,1,차대차 - 기타,교차로운행방법위반,건조,맑음,교차로 - 교차로안,승용,여,45세,부상신고,승용,여,66세,상해없음
2020072700100427,2020년 7월 27일 17시,월요일,충청북도 충주시 대소원면,경상사고,0,0,1,0,차대차 - 기타,기타,건조,맑음,교차로 - 교차로안,승용,남,36세,기타불명,승용,남,34세,경상
2020072700100428,2020년 7월 27일 17시,월요일,충청북도 음성군 음성읍,경상사고,0,0,1,0,차량단독 - 기타,안전운전불이행,건조,맑음,단일로 - 기타,이륜,남,53세,경상,,,,
2020072700100535,2020년 7월 27일 20시,월요일,충청북도 충주시 교현동,중상사고,0,1,0,0,차대차 - 기타,신호위반,건조,맑음,교차로 - 교차로안,이륜,남,37세,기타불명,이륜,남,45세,중상
2020072700100536,2020년 7월 27일 20시,월요일,충청북도 증평군 증평읍,경상사고,0,0,2,0,차대차 - 추돌,안전운전불이행,젖음/습기,흐림,교차로 - 교차로부근,승용,남,48세,상해없음,승용,여,59세,경상
2020072700100564,2020년 7월 27일 21시,월요일,충청북도 제천시 하소동,경상사고,0,0,1,0,차대차 - 측면충돌,안전운전불이행,젖음/습기,흐림,단일로 - 기타,승용,남,39세,상해없음,승용,여,40세,경상
2020072700100615,2020년 7월 27일 23시,월요일,충청북도 청주시 청원구 내덕동,중상사고,0,1,0,0,차대차 - 기타,신호위반,젖음/습기,비,교차로 - 교차로안,승용,남,68세,상해없음,승용,여,55세,중상
2020072700100616,2020년 7월 27일 23시,월요일,충청북도 옥천군 군북면,경상사고,0,0,1,0,차량단독 - 공작물충돌,안전운전불이행,젖음/습기,비,단일로 - 기타,승용,남,40세,경상,,,,
2020072700100617,2020년 7월 27일 23시,월요일,충청북도 청주시 상당구 용암동,경상사고,0,0,1,0,차대차 - 기타,안전운전불이행,젖음/습기,흐림,교차로 - 교차로부근,승용,여,57세,상해없음,승용,남,43세,경상
2020072700100618,2020년 7월 27일 23시,월요일,충청북도 청주시 상당구 석교동,경상사고,0,0,1,0,차대사람 - 횡단중,신호위반,젖음/습기,비,교차로 - 교차로횡단보도내,승용,남,59세,상해없음,보행자,남,24세,경상
2020072800100007,2020년 7월 28일 00시,화요일,충청북도 진천군 진천읍,중상사고,0,2,0,0,차대차 - 기타,안전운전불이행,젖음/습기,흐림,단일로 - 기타,승용,남,25세,중상,승용,남,23세,중상
2020072800100053,2020년 7월 28일 05시,화요일,충청북도 청주시 상당구 용암동,경상사고,0,0,1,0,차대차 - 측면충돌,안전거리미확보,젖음/습기,흐림,단일로 - 기타,승용,남,62세,상해없음,승용,남,40세,경상
2020072800100075,2020년 7월 28일 07시,화요일,충청북도 진천군 진천읍,경상사고,0,0,2,0,차대차 - 측면충돌,교차로운행방법위반,건조,맑음,교차로 - 교차로안,승용,남,39세,상해없음,승용,남,64세,경상
2020072800100098,2020년 7월 28일 08시,화요일,충청북도 증평군 증평읍,경상사고,0,0,2,0,차대차 - 측면충돌,신호위반,건조,맑음,교차로 - 교차로안,화물,남,79세,상해없음,승용,여,40세,경상
2020072800100099,2020년 7월 28일 08시,화요일,충청북도 청주시 상당구 낭성면,경상사고,0,0,1,0,차대사람 - 기타,안전운전불이행,젖음/습기,흐림,단일로 - 기타,화물,남,56세,상해없음,보행자,남,46세,경상
2020072800100124,2020년 7월 28일 09시,화요일,충청북도 청주시 청원구 우암동,중상사고,0,1,0,0,차대차 - 후진중충돌,안전운전불이행,건조,맑음,교차로 - 교차로안,화물,남,43세,상해없음,승용,남,77세,중상
2020072800100150,2020년 7월 28일 10시,화요일,충청북도 청주시 청원구 내수읍,중상사고,0,1,0,0,차대차 - 측면충돌,교차로운행방법위반,건조,맑음,교차로 - 교차로안,이륜,남,61세,중상,승용,남,58세,상해없음
2020072800100175,2020년 7월 28일 11시,화요일,충청북도 충주시 봉방동,중상사고,0,1,1,0,차대차 - 기타,신호위반,젖음/습기,흐림,교차로 - 교차로부근,승용,여,24세,경상,승용,여,64세,중상
2020072800100198,2020년 7월 28일 12시,화요일,충청북도 증평군 증평읍,경상사고,0,0,3,0,차대차 - 측면충돌,직진우회전진행방해,건조,맑음,교차로 - 교차로안,승용,여,42세,경상,승용,남,65세,경상
2020072800100283,2020년 7월 28일 15시,화요일,충청북도 제천시 덕산면,경상사고,0,0,2,0,차대차 - 정면충돌,안전운전불이행,건조,맑음,단일로 - 기타,승용,여,67세,경상,승용,남,35세,경상
2020072800100284,2020년 7월 28일 15시,화요일,충청북도 괴산군 청안면,경상사고,0,0,1,0,차대차 - 측면충돌,직진우회전진행방해,건조,맑음,교차로 - 교차로안,승용,남,62세,상해없음,화물,남,53세,경상
2020072800100285,2020년 7월 28일 15시,화요일,충청북도 청주시 흥덕구 지동동,경상사고,0,0,1,0,차대차 - 기타,신호위반,건조,맑음,교차로 - 교차로안,승용,남,26세,상해없음,화물,남,54세,경상
2020072800100317,2020년 7월 28일 16시,화요일,충청북도 충주시 교현동,경상사고,0,0,1,0,차대차 - 측면충돌,신호위반,건조,맑음,교차로 - 교차로안,승용,남,42세,상해없음,원동기,여,65세,경상
2020072800100354,2020년 7월 28일 17시,화요일,충청북도 음성군 금왕읍,중상사고,0,1,1,0,차대차 - 정면충돌,중앙선침범,건조,맑음,교차로 - 교차로부근,화물,남,63세,상해없음,승용,남,22세,경상
2020072800100355,2020년 7월 28일 17시,화요일,충청북도 청주시 서원구 성화동,경상사고,0,0,1,0,차대차 - 기타,교차로운행방법위반,건조,맑음,교차로 - 교차로안,승용,여,32세,경상,승용,남,42세,상해없음
2020072800100356,2020년 7월 28일 17시,화요일,충청북도 청주시 서원구 수곡동,경상사고,0,0,2,0,차대차 - 측면충돌,안전운전불이행,건조,맑음,교차로 - 교차로부근,승용,여,31세,상해없음,승용,여,64세,경상
2020072800100357,2020년 7월 28일 17시,화요일,충청북도 괴산군 장연면,경상사고,0,0,1,0,차대차 - 측면충돌,안전운전불이행,건조,맑음,단일로 - 기타,화물,남,25세,상해없음,화물,남,46세,경상
2020072800100395,2020년 7월 28일 18시,화요일,충청북도 청주시 청원구 사천동,경상사고,0,0,1,0,차대차 - 측면충돌,교차로운행방법위반,건조,맑음,교차로 - 교차로안,승용,남,37세,상해없음,이륜,남,28세,경상
2020072800100396,2020년 7월 28일 18시,화요일,충청북도 충주시 연수동,경상사고,0,0,1,0,차대차 - 측면충돌,안전운전불이행,건조,맑음,단일로 - 기타,승용,남,25세,상해없음,승용,여,64세,경상
2020072800100397,2020년 7월 28일 18시,화요일,충청북도 청주시 서원구 남이면,경상사고,0,0,1,0,차대차 - 측면충돌,신호위반,건조,맑음,교차로 - 교차로안,승용,남,28세,상해없음,승용,여,46세,경상
2020072800100398,2020년 7월 28일 18시,화요일,충청북도 청주시 서원구 모충동,경상사고,0,0,1,0,차대사람 - 기타,안전운전불이행,젖음/습기,흐림,단일로 - 기타,화물,남,52세,상해없음,보행자,여,20세,경상
2020072800100450,2020년 7월 28일 19시,화요일,충청북도 충주시 연수동,경상사고,0,0,2,0,차대차 - 기타,안전운전불이행,젖음/습기,비,단일로 - 기타,승용,여,44세,경상,승용,남,57세,경상
2020072800100451,2020년 7월 28일 19시,화요일,충청북도 음성군 금왕읍,경상사고,0,0,2,0,차대차 - 후진중충돌,안전운전불이행,건조,맑음,주차장 - 주차장,승용,남,42세,상해없음,승용,여,49세,경상
2020072800100485,2020년 7월 28일 20시,화요일,충청북도 충주시 성남동,경상사고,0,0,1,0,차대차 - 기타,직진우회전진행방해,젖음/습기,비,교차로 - 교차로안,화물,남,63세,상해없음,이륜,남,43세,경상
2020072800100557,2020년 7월 28일 22시,화요일,충청북도 음성군 감곡면,중상사고,0,2,0,0,차대차 - 정면충돌,중앙선침범,건조,맑음,단일로 - 기타,승용,남,31세,중상,화물,남,46세,중상
2020072800100558,2020년 7월 28일 22시,화요일,충청북도 옥천군 옥천읍,경상사고,0,0,1,0,차대사람 - 차도통행중,교차로운행방법위반,젖음/습기,비,교차로 - 교차로안,승용,남,47세,상해없음,보행자,여,21세,경상
2020072800100576,2020년 7월 28일 23시,화요일,충청북도 청주시 서원구 사창동,중상사고,0,1,0,0,차대차 - 기타,신호위반,건조,맑음,교차로 - 교차로안,승용,여,25세,상해없음,이륜,남,31세,중상
2020072800100577,2020년 7월 28일 23시,화요일,충청북도 음성군 금왕읍,경상사고,0,0,1,0,차대차 - 기타,안전운전불이행,젖음/습기,비,교차로 - 교차로안,승용,남,44세,경상,화물,기타불명,미분류,기타불명
2020072800100578,2020년 7월 28일 23시,화요일,충청북도 청주시 흥덕구 봉명동,경상사고,0,0,1,0,차대차 - 기타,안전운전불이행,건조,맑음,단일로 - 기타,이륜,남,20세,경상,승용,여,60세,상해없음
2020072900100034,2020년 7월 29일 02시,수요일,충청북도 청주시 청원구 주중동,경상사고,0,0,1,0,차대차 - 기타,안전운전불이행,건조,맑음,교차로 - 교차로부근,승용,남,29세,상해없음,승용,남,51세,경상
2020072900100035,2020년 7월 29일 02시,수요일,충청북도 제천시 서부동,경상사고,0,0,1,0,차량단독 - 공작물충돌,안전운전불이행,젖음/습기,비,교차로 - 교차로부근,승용,남,57세,상해없음,,,,
2020072900100103,2020년 7월 29일 08시,수요일,충청북도 청주시 흥덕구 복대동,경상사고,0,0,1,0,차대차 - 측면충돌,직진우회전진행방해,젖음/습기,비,교차로 - 교차로안,승용,남,19세,상해없음,승용,여,25세,경상
2020072900100141,2020년 7월 29일 09시,수요일,충청북도 제천시 모산동,경상사고,0,0,1,0,차대차 - 추돌,안전거리미확보,젖음/습기,비,기타 - 기타,화물,남,47세,상해없음,승용,여,54세,경상
2020072900100168,2020년 7월 29일 10시,수요일,충청북도 청주시 상당구 미원면,경상사고,0,0,1,0,차대차 - 기타,직진우회전진행방해,건조,맑음,교차로 - 교차로안,승용,남,66세,상해없음,승용,여,59세,경상
2020072900100169,2020년 7월 29일 10시,수요일,충청북도 청주시 흥덕구 강서동,중상사고,0,2,0,0,차대차 - 측면충돌,직진우회전진행방해,건조,맑음,교차로 - 교차로안,승용,남,43세,상해없음,승용,여,34세,중상
2020072900100234,2020년 7월 29일 12시,수요일,충청북도 청주시 서원구 죽림동,경상사고,0,0,2,0,차대차 - 측면충돌,안전운전불이행,건조,맑음,단일로 - 기타,승용,남,63세,상해없음,화물,남,40세,경상
2020072900100271,2020년 7월 29일 13시,수요일,충청북도 충주시 연수동,경상사고,0,0,1,0,차대차 - 기타,안전거리미확보,젖음/습기,흐림,교차로 - 교차로부근,승용,남,69세,상해없음,이륜,남,41세,경상
2020072900100272,2020년 7월 29일 13시,수요일,충청북도 청주시 상당구 용암동,부상신고사고,0,0,0,1,차대차 - 기타,안전운전불이행,건조,맑음,단일로 - 기타,자전거,남,65세,부상신고,승용,남,65세,상해없음
2020072900100304,2020년 7월 29일 14시,수요일,충청북도 제천시 청전동,경상사고,0,0,1,0,차대차 - 기타,안전운전불이행,건조,맑음,교차로 - 교차로안,자전거,남,85세,경상,승용,남,26세,상해없음
2020072900100343,2020년 7월 29일 15시,수요일,충청북도 진천군 덕산면,경상사고,0,0,1,0,차대차 - 추돌,안전거리미확보,건조,맑음,단일로 - 기타,승용,여,32세,경상,화물,남,59세,상해없음
2020072900100344,2020년 7월 29일 15시,수요일,충청북도 청주시 서원구 모충동,경상사고,0,0,1,0,차대차 - 후진중충돌,안전운전불이행,젖음/습기,흐림,기타 - 기타,승용,남,59세,상해없음,승용,여,55세,경상
2020072900100374,2020년 7월 29일 16시,수요일,충청북도 청주시 청원구 우암동,경상사고,0,0,1,0,차대차 - 측면충돌,안전거리미확보,건조,맑음,단일로 - 기타,승용,남,36세,상해없음,승용,남,55세,경상
2020072900100375,2020년 7월 29일 16시,수요일,충청북도 충주시 용산동,경상사고,0,0,3,0,차대차 - 기타,안전운전불이행,건조,맑음,교차로 - 교차로안,승용,여,32세,상해없음,승용,남,51세,경상
2020072900100377,2020년 7월 29일 16시,수요일,충청북도 청주시 흥덕구 봉명동,경상사고,0,0,2,0,차대차 - 추돌,안전운전불이행,건조,맑음,교차로 - 교차로부근,승용,남,23세,상해없음,승용,남,42세,경상
2020072900100408,2020년 7월 29일 17시,수요일,충청북도 청주시 청원구 오창읍,중상사고,0,1,0,0,차대차 - 측면충돌,안전운전불이행,건조,맑음,단일로 - 기타,승용,남,32세,상해없음,승용,남,41세,상해없음
2020072900100409,2020년 7월 29일 17시,수요일,충청북도 음성군 삼성면,중상사고,0,1,0,0,차대차 - 측면충돌,교차로운행방법위반,건조,맑음,교차로 - 교차로안,승용,남,19세,상해없음,승용,남,51세,중상
2020072900100449,2020년 7월 29일 18시,수요일,충청북도 청주시 청원구 내덕동,경상사고,0,0,1,0,차대차 - 기타,안전운전불이행,건조,맑음,단일로 - 기타,승용,여,61세,상해없음,승용,남,31세,경상
2020072900100450,2020년 7월 29일 18시,수요일,충청북도 충주시 대소원면,경상사고,0,0,1,0,차대사람 - 기타,안전운전불이행,건조,맑음,교차로 - 교차로안,승용,남,47세,상해없음,보행자,여,80세,경상
2020072900100505,2020년 7월 29일 20시,수요일,충청북도 청주시 청원구 오창읍,경상사고,0,0,1,0,차대차 - 측면충돌,교차로운행방법위반,건조,맑음,교차로 - 교차로부근,승용,남,63세,상해없음,승용,남,36세,경상
2020072900100506,2020년 7월 29일 20시,수요일,충청북도 충주시 호암동,경상사고,0,0,1,0,차대차 - 후진중충돌,안전운전불이행,건조,맑음,교차로 - 교차로부근,화물,남,61세,상해없음,승용,여,25세,경상
2020072900100537,2020년 7월 29일 21시,수요일,충청북도 증평군 증평읍,중상사고,0,1,0,0,차대사람 - 횡단중,보행자보호의무위반,젖음/습기,비,단일로 - 기타,승용,남,34세,상해없음,보행자,여,66세,중상
2020072900100538,2020년 7월 29일 21시,수요일,충청북도 청주시 흥덕구 봉명동,경상사고,0,0,1,0,차대차 - 기타,안전운전불이행,건조,맑음,단일로 - 기타,승용,남,31세,상해없음,이륜,남,49세,경상
2020072900100564,2020년 7월 29일 22시,수요일,충청북도 청주시 서원구 수곡동,경상사고,0,0,1,0,차대사람 - 횡단중,안전운전불이행,젖음/습기,비,단일로 - 지하차도(도로)내,화물,남,24세,상해없음,보행자,남,74세,경상
2020072900100588,2020년 7월 29일 23시,수요일,충청북도 청주시 상당구 남일면,중상사고,0,2,0,0,차대차 - 측면충돌,중앙선침범,젖음/습기,흐림,교차로 - 교차로부근,승용,남,32세,상해없음,승용,남,49세,중상
2020073000100031,2020년 7월 30일 01시,목요일,충청북도 진천군 진천읍,중상사고,0,1,1,0,차대차 - 측면충돌,신호위반,젖음/습기,비,교차로 - 교차로안,승용,남,32세,상해없음,승용,여,50세,경상
2020073000100043,2020년 7월 30일 02시,목요일,충청북도 충주시 노은면,중상사고,0,1,1,0,차대차 - 측면충돌,안전운전불이행,젖음/습기,비,단일로 - 지하차도(도로)내,화물,남,67세,중상,승용,남,25세,경상
2020073000100048,2020년 7월 30일 03시,목요일,충청북도 청주시 흥덕구 운천동,중상사고,0,1,0,0,차대차 - 측면충돌,안전운전불이행,젖음/습기,비,단일로 - 기타,이륜,남,36세,상해없음,자전거,남,63세,중상
2020073000100059,2020년 7월 30일 05시,목요일,충청북도 증평군 증평읍,경상사고,0,0,1,0,차대차 - 기타,신호위반,젖음/습기,비,교차로 - 교차로안,승용,남,27세,상해없음,승용,남,25세,경상
2020073000100061,2020년 7월 30일 06시,목요일,충청북도 청주시 청원구 율량동,경상사고,0,0,1,0,차대차 - 측면충돌,안전거리미확보,건조,맑음,단일로 - 기타,승용,남,61세,상해없음,승용,남,22세,경상
2020073000100081,2020년 7월 30일 07시,목요일,충청북도 진천군 초평면,경상사고,0,0,1,0,차대차 - 정면충돌,신호위반,젖음/습기,흐림,교차로 - 교차로안,승용,남,35세,상해없음,승용,남,61세,경상
2020073000100105,2020년 7월 30일 08시,목요일,충청북도 청주시 서원구 분평동,경상사고,0,0,1,0,차대차 - 추돌,안전운전불이행,젖음/습기,비,교차로 - 교차로부근,승용,남,79세,상해없음,승용,남,50세,상해없음
2020073000100106,2020년 7월 30일 08시,목요일,충청북도 청주시 서원구 산남동,경상사고,0,0,2,0,차대차 - 측면충돌,교차로운행방법위반,건조,맑음,교차로 - 교차로안,승용,남,51세,경상,승용,여,27세,경상
2020073000100130,2020년 7월 30일 09시,목요일,충청북도 청주시 청원구 우암동,중상사고,0,1,0,0,차대사람 - 기타,안전운전불이행,건조,흐림,교차로 - 교차로부근,승용,남,65세,상해없음,보행자,여,19세,중상
2020073000100131,2020년 7월 30일 09시,목요일,충청북도 충주시 문화동,경상사고,0,0,2,0,차대차 - 기타,안전운전불이행,건조,흐림,단일로 - 기타,승용,남,47세,상해없음,승용,여,34세,경상
2020073000100132,2020년 7월 30일 09시,목요일,충청북도 청주시 흥덕구 봉명동,중상사고,0,1,0,0,차대사람 - 횡단중,안전운전불이행,건조,흐림,교차로 - 교차로횡단보도내,승용,남,68세,상해없음,보행자,남,72세,중상
2020073000100215,2020년 7월 30일 12시,목요일,충청북도 청주시 청원구 오창읍,경상사고,0,0,2,0,차대차 - 측면충돌,안전운전불이행,건조,흐림,단일로 - 기타,승용,남,63세,상해없음,승용,남,75세,경상
2020073000100326,2020년 7월 30일 15시,목요일,충청북도 제천시 신월동,경상사고,0,0,1,0,차대차 - 측면충돌,안전거리미확보,건조,맑음,교차로 - 교차로부근,화물,남,54세,상해없음,승용,여,23세,경상
2020073000100360,2020년 7월 30일 16시,목요일,충청북도 충주시 교현동,경상사고,0,0,2,0,차대차 - 측면충돌,신호위반,건조,맑음,교차로 - 교차로안,승용,남,56세,경상,화물,남,53세,경상
2020073000100398,2020년 7월 30일 17시,목요일,충청북도 청주시 청원구 내덕동,경상사고,0,0,1,0,차대사람 - 기타,안전운전불이행,건조,맑음,교차로 - 교차로안,승용,남,54세,상해없음,보행자,여,4세,경상
2020073000100436,2020년 7월 30일 18시,목요일,충청북도 진천군 진천읍,중상사고,0,1,2,0,차대차 - 측면충돌,직진우회전진행방해,건조,맑음,교차로 - 교차로안,승용,남,31세,상해없음,승용,남,59세,경상
2020073000100553,2020년 7월 30일 21시,목요일,충청북도 충주시 문화동,중상사고,0,1,2,0,차대차 - 정면충돌,신호위반,건조,흐림,교차로 - 교차로안,승용,남,25세,상해없음,화물,남,69세,중상
2020073000100554,2020년 7월 30일 21시,목요일,충청북도 청주시 서원구 분평동,경상사고,0,0,2,0,차대차 - 추돌,안전운전불이행,건조,흐림,교차로 - 교차로부근,승용,남,31세,상해없음,승용,여,50세,경상
2020073000100580,2020년 7월 30일 22시,목요일,충청북도 충주시 교현동,경상사고,0,0,1,0,차대차 - 측면충돌,신호위반,건조,맑음,교차로 - 교차로안,승용,남,31세,상해없음,승용,여,53세,경상
2020073100100010,2020년 7월 31일 00시,금요일,충청북도 청주시 흥덕구 가경동,경상사고,0,0,1,0,차대차 - 기타,신호위반,건조,맑음,교차로 - 교차로안,승용,남,24세,상해없음,승용,남,30세,경상
2020073100100040,2020년 7월 31일 03시,금요일,충청북도 청주시 서원구 사창동,경상사고,0,0,1,0,차대차 - 기타,안전운전불이행,건조,맑음,교차로 - 교차로부근,승용,남,28세,상해없음,승용,남,23세,경상
2020073100100067,2020년 7월 31일 06시,금요일,충청북도 단양군 매포읍,경상사고,0,0,1,0,차량단독 - 공작물충돌,안전운전불이행,건조,맑음,주차장 - 주차장,승용,남,59세,경상,,,,
2020073100100078,2020년 7월 31일 07시,금요일,충청북도 음성군 대소면,중상사고,0,1,0,0,차대차 - 측면충돌,안전운전불이행,건조,맑음,교차로 - 교차로안,자전거,남,27세,중상,승합,남,45세,상해없음
2020073100100100,2020년 7월 31일 08시,금요일,충청북도 제천시 하소동,중상사고,0,1,0,0,차대차 - 측면충돌,안전거리미확보,건조,맑음,단일로 - 기타,승용,남,40세,기타불명,승용,여,51세,중상
2020073100100101,2020년 7월 31일 08시,금요일,충청북도 진천군 덕산면,경상사고,0,0,1,0,차대차 - 측면충돌,안전거리미확보,건조,맑음,교차로 - 교차로안,승용,남,65세,상해없음,승용,남,37세,경상
2020073100100130,2020년 7월 31일 09시,금요일,충청북도 충주시 연수동,중상사고,0,1,0,0,차대사람 - 차도통행중,안전운전불이행,건조,흐림,단일로 - 기타,승용,여,63세,상해없음,보행자,여,61세,중상
2020073100100151,2020년 7월 31일 10시,금요일,충청북도 청주시 흥덕구 신촌동,경상사고,0,0,1,0,차대차 - 추돌,안전운전불이행,건조,맑음,교차로 - 교차로부근,승용,여,55세,상해없음,승용,남,26세,경상
2020073100100207,2020년 7월 31일 12시,금요일,충청북도 청주시 상당구 북문로2가동,경상사고,0,0,2,0,차대차 - 측면충돌,안전운전불이행,건조,맑음,교차로 - 교차로안,승용,남,69세,경상,승용,여,67세,경상
2020073100100208,2020년 7월 31일 12시,금요일,충청북도 청주시 상당구 용암동,중상사고,0,1,0,0,차대차 - 측면충돌,중앙선침범,건조,흐림,교차로 - 교차로부근,자전거,남,15세,중상,기타불명,기타불명,미분류,기타불명
2020073100100292,2020년 7월 31일 14시,금요일,충청북도 청주시 청원구 내덕동,경상사고,0,0,1,0,차대차 - 측면충돌,교차로운행방법위반,건조,맑음,교차로 - 교차로부근,승용,남,72세,상해없음,승용,남,48세,경상
2020073100100293,2020년 7월 31일 14시,금요일,충청북도 옥천군 옥천읍,경상사고,0,0,1,0,차대차 - 기타,안전운전불이행,건조,맑음,단일로 - 기타,기타불명,기타불명,미분류,기타불명,자전거,남,11세,경상
2020073100100294,2020년 7월 31일 14시,금요일,충청북도 진천군 진천읍,중상사고,0,1,0,0,차대사람 - 기타,안전운전불이행,건조,맑음,교차로 - 교차로안,승용,남,65세,상해없음,보행자,남,9세,중상
2020073100100295,2020년 7월 31일 14시,금요일,충청북도 청주시 흥덕구 봉명동,경상사고,0,0,1,0,차대차 - 기타,안전운전불이행,건조,맑음,단일로 - 기타,승용,여,42세,상해없음,승용,여,51세,경상
2020073100100371,2020년 7월 31일 16시,금요일,충청북도 청주시 상당구 용암동,중상사고,0,1,0,0,차대차 - 기타,직진우회전진행방해,건조,흐림,교차로 - 교차로안,승용,남,59세,상해없음,이륜,남,16세,중상
2020073100100468,2020년 7월 31일 18시,금요일,충청북도 청주시 청원구 율량동,경상사고,0,0,1,0,차대차 - 기타,안전운전불이행,건조,맑음,단일로 - 기타,승용,여,35세,상해없음,승용,남,35세,경상
2020073100100469,2020년 7월 31일 18시,금요일,충청북도 충주시 금릉동,경상사고,0,0,3,0,차대차 - 추돌,안전운전불이행,건조,맑음,교차로 - 교차로부근,승용,남,52세,상해없음,승용,남,76세,상해없음
2020073100100521,2020년 7월 31일 19시,금요일,충청북도 제천시 장락동,중상사고,0,2,0,0,차대사람 - 횡단중,안전운전불이행,건조,맑음,단일로 - 지하차도(도로)내,이륜,남,53세,중상,보행자,여,65세,중상
2020073100100522,2020년 7월 31일 19시,금요일,충청북도 청주시 상당구 용담동,경상사고,0,0,1,0,차대차 - 측면충돌,안전운전불이행,건조,맑음,교차로 - 교차로안,승용,여,63세,상해없음,이륜,남,42세,경상
2020073100100587,2020년 7월 31일 21시,금요일,충청북도 청주시 청원구 오창읍,경상사고,0,0,2,0,차대차 - 기타,신호위반,건조,흐림,교차로 - 교차로안,승용,남,27세,상해없음,승용,여,58세,경상
2020073100100588,2020년 7월 31일 21시,금요일,충청북도 음성군 음성읍,경상사고,0,0,1,0,차대차 - 정면충돌,안전운전불이행,건조,맑음,교차로 - 교차로안,승용,남,49세,상해없음,승용,남,42세,경상
2020073100100589,2020년 7월 31일 21시,금요일,충청북도 진천군 덕산면,부상신고사고,0,0,0,1,차대차 - 측면충돌,안전운전불이행,건조,흐림,교차로 - 교차로안,원동기,남,27세,부상신고,승용,남,45세,상해없음
2020080100100054,2020년 8월 1일 03시,토요일,충청북도 청주시 상당구 서문동,경상사고,0,0,1,0,차대차 - 측면충돌,신호위반,건조,맑음,교차로 - 교차로안,이륜,남,33세,상해없음,승용,남,54세,경상
2020080100100116,2020년 8월 1일 09시,토요일,충청북도 청주시 흥덕구 복대동,경상사고,0,0,1,0,차대차 - 기타,안전운전불이행,건조,맑음,교차로 - 교차로안,승용,남,23세,상해없음,자전거,남,33세,경상
2020080100100144,2020년 8월 1일 10시,토요일,충청북도 충주시 금릉동,경상사고,0,0,3,0,차대차 - 기타,안전거리미확보,건조,맑음,단일로 - 기타,승용,남,28세,경상,승용,남,39세,경상
2020080100100145,2020년 8월 1일 10시,토요일,충청북도 단양군 단양읍,경상사고,0,0,1,0,차대차 - 측면충돌,기타,건조,맑음,교차로 - 교차로안,승용,남,75세,상해없음,승용,남,37세,경상
2020080100100146,2020년 8월 1일 10시,토요일,충청북도 진천군 이월면,중상사고,0,1,0,0,차대차 - 측면충돌,안전거리미확보,건조,맑음,단일로 - 기타,승용,여,23세,상해없음,화물,남,61세,중상
2020080100100147,2020년 8월 1일 10시,토요일,충청북도 청주시 서원구 개신동,경상사고,0,0,2,0,차대차 - 기타,기타,건조,맑음,단일로 - 기타,승용,여,44세,상해없음,승용,남,39세,경상
2020080100100175,2020년 8월 1일 11시,토요일,충청북도 음성군 감곡면,경상사고,0,0,2,0,차대차 - 측면충돌,안전운전불이행,건조,맑음,교차로 - 교차로안,화물,남,57세,상해없음,승용,남,25세,경상
2020080100100217,2020년 8월 1일 12시,토요일,충청북도 충주시 교현동,경상사고,0,0,1,0,차대사람 - 횡단중,보행자보호의무위반,건조,맑음,교차로 - 교차로횡단보도내,승용,남,49세,상해없음,보행자,여,50세,경상
2020080100100218,2020년 8월 1일 12시,토요일,충청북도 단양군 단양읍,경상사고,0,0,2,0,차대차 - 추돌,안전운전불이행,건조,맑음,단일로 - 기타,승용,남,65세,상해없음,승용,남,64세,경상
2020080100100219,2020년 8월 1일 12시,토요일,충청북도 청주시 흥덕구 강서동,경상사고,0,0,1,0,차대차 - 기타,안전운전불이행,건조,맑음,교차로 - 교차로횡단보도내,승용,여,60세,상해없음,승용,남,56세,상해없음
2020080100100256,2020년 8월 1일 13시,토요일,충청북도 제천시 강제동,경상사고,0,0,2,0,차대차 - 후진중충돌,안전운전불이행,건조,맑음,단일로 - 기타,승용,남,48세,상해없음,승용,남,18세,경상