사고번호,사고일시,요일,시군구,사고내용,사망자수,중상자수,경상자수,부상신고자수,사고유형,법규위반,노면상태,기상상태,도로형태,가해운전자 차종,가해운전자 성별,가해운전자 연령,가해운전자 상해정도,피해운전자 차종,피해운전자 성별,피해운전자 연령,피해운전자 상해정도
2020080600100535,2020년 8월 6일 21시,목요일,충청북도 음성군 원남면,사망사고,1,0,0,0,차대차 - 추돌,안전운전불이행,건조,흐림,단일로 - 기타,승용,남,54세,상해없음,농기계,남,81세,사망
2020080600100536,2020년 8월 6일 21시,목요일,충청북도 청주시 흥덕구 봉명동,중상사고,0,1,0,0,차대차 - 측면충돌,차로위반,젖음/습기,흐림,교차로 - 교차로부근,승용,남,58세,상해없음,이륜,남,48세,중상
2020080600100582,2020년 8월 6일 23시,목요일,충청북도 청주시 흥덕구 봉명동,중상사고,0,1,0,0,차대차 - 기타,안전운전불이행,건조,맑음,단일로 - 기타,승용,남,42세,상해없음,승용,남,46세,중상
2020080700100058,2020년 8월 7일 05시,금요일,충청북도 청주시 서원구 현도면,경상사고,0,0,1,0,차대사람 - 기타,안전운전불이행,건조,흐림,단일로 - 기타,기타불명,기타불명,미분류,기타불명,보행자,남,57세,경상
2020080700100059,2020년 8월 7일 05시,금요일,충청북도 청주시 서원구 성화동,경상사고,0,0,1,0,차량단독 - 공작물충돌,안전운전불이행,젖음/습기,비,단일로 - 기타,승용,여,24세,경상,,,,
2020080700100104,2020년 8월 7일 08시,금요일,충청북도 청주시 서원구 사직동,사망사고,1,0,0,0,차대사람 - 차도통행중,안전운전불이행,건조,흐림,단일로 - 기타,화물,남,64세,상해없음,보행자,여,89세,사망
2020080700100105,2020년 8월 7일 08시,금요일,충청북도 옥천군 옥천읍,경상사고,0,0,1,0,차대사람 - 횡단중,안전운전불이행,건조,맑음,단일로 - 기타,승용,여,42세,상해없음,보행자,남,71세,경상
2020080700100106,2020년 8월 7일 08시,금요일,충청북도 청주시 흥덕구 봉명동,경상사고,0,0,1,0,차대차 - 기타,차로위반,건조,맑음,단일로 - 기타,승용,남,21세,상해없음,승용,남,44세,경상
2020080700100137,2020년 8월 7일 09시,금요일,충청북도 청주시 청원구 오창읍,경상사고,0,0,2,0,차대차 - 기타,안전운전불이행,건조,맑음,주차장 - 주차장,승용,남,41세,경상,승용,여,61세,경상
2020080700100138,2020년 8월 7일 09시,금요일,충청북도 음성군 감곡면,중상사고,0,1,1,0,차대차 - 추돌,안전운전불이행,젖음/습기,흐림,단일로 - 지하차도(도로)내,화물,남,79세,경상,화물,남,44세,중상
2020080700100139,2020년 8월 7일 09시,금요일,충청북도 진천군 진천읍,중상사고,0,1,0,0,차대사람 - 횡단중,보행자보호의무위반,건조,맑음,단일로 - 기타,승용,여,64세,상해없음,보행자,남,57세,중상
2020080700100167,2020년 8월 7일 10시,금요일,충청북도 청주시 흥덕구 지동동,경상사고,0,0,1,0,차대차 - 기타,신호위반,젖음/습기,비,단일로 - 교량,승용,남,53세,상해없음,화물,남,54세,경상
2020080700100200,2020년 8월 7일 11시,금요일,충청북도 증평군 증평읍,중상사고,0,1,0,0,차대사람 - 횡단중,보행자보호의무위반,젖음/습기,비,교차로 - 교차로횡단보도내,승용,남,52세,상해없음,보행자,남,47세,중상
2020080700100201,2020년 8월 7일 11시,금요일,충청북도 청주시 서원구 모충동,경상사고,0,0,1,0,차대사람 - 기타,안전운전불이행,젖음/습기,비,단일로 - 기타,승합,남,46세,상해없음,보행자,여,17세,경상
2020080700100228,2020년 8월 7일 12시,금요일,충청북도 영동군 양산면,사망사고,1,0,0,0,차대사람 - 기타,안전운전불이행,젖음/습기,비,교차로 - 교차로부근,화물,남,48세,상해없음,보행자,여,68세,사망
2020080700100229,2020년 8월 7일 12시,금요일,충청북도 청주시 상당구 용암동,경상사고,0,0,1,0,차대차 - 측면충돌,신호위반,건조,맑음,교차로 - 교차로횡단보도내,원동기,남,30세,기타불명,자전거,여,66세,경상
2020080700100259,2020년 8월 7일 13시,금요일,충청북도 보은군 탄부면,경상사고,0,0,1,0,차대사람 - 길가장자리구역통행중,안전운전불이행,젖음/습기,비,단일로 - 교량,이륜,남,90세,상해없음,보행자,남,13세,경상
2020080700100322,2020년 8월 7일 15시,금요일,충청북도 보은군 회인면,경상사고,0,0,2,0,차대차 - 측면충돌,교차로운행방법위반,젖음/습기,비,교차로 - 교차로안,승용,남,44세,경상,승용,남,34세,경상
2020080700100323,2020년 8월 7일 15시,금요일,충청북도 청주시 서원구 개신동,경상사고,0,0,3,0,차대차 - 추돌,안전운전불이행,젖음/습기,비,교차로 - 교차로안,화물,남,61세,상해없음,승합,남,51세,경상
2020080700100324,2020년 8월 7일 15시,금요일,충청북도 청주시 상당구 용암동,경상사고,0,0,2,1,차대차 - 측면충돌,안전운전불이행,젖음/습기,비,교차로 - 교차로부근,승용,여,53세,부상신고,승용,남,25세,경상
2020080700100325,2020년 8월 7일 15시,금요일,충청북도 청주시 상당구 지북동,중상사고,0,1,0,0,차대차 - 후진중충돌,안전운전불이행,젖음/습기,흐림,교차로 - 교차로부근,화물,남,63세,상해없음,승용,남,47세,중상
2020080700100360,2020년 8월 7일 16시,금요일,충청북도 충주시 교현동,경상사고,0,0,1,0,차대차 - 기타,중앙선침범,건조,맑음,기타 - 기타,승용,남,32세,상해없음,승용,남,75세,경상
2020080700100361,2020년 8월 7일 16시,금요일,충청북도 충주시 문화동,경상사고,0,0,1,0,차대차 - 기타,안전운전불이행,건조,맑음,기타 - 기타,승용,여,39세,상해없음,승용,여,46세,경상
2020080700100362,2020년 8월 7일 16시,금요일,충청북도 청주시 흥덕구 복대동,경상사고,0,0,2,0,차대차 - 측면충돌,안전운전불이행,젖음/습기,비,교차로 - 교차로부근,승용,남,39세,경상,화물,남,52세,경상
2020080700100399,2020년 8월 7일 17시,금요일,충청북도 증평군 증평읍,경상사고,0,0,1,0,차대차 - 추돌,안전운전불이행,젖음/습기,흐림,교차로 - 교차로부근,화물,남,59세,상해없음,승용,남,73세,경상
2020080700100448,2020년 8월 7일 18시,금요일,충청북도 청주시 상당구 수동,경상사고,0,0,1,0,차대차 - 기타,차로위반,건조,맑음,단일로 - 기타,승용,남,28세,상해없음,승용,남,27세,경상
2020080700100449,2020년 8월 7일 18시,금요일,충청북도 청주시 흥덕구 가경동,경상사고,0,0,2,0,차대차 - 기타,안전운전불이행,젖음/습기,비,교차로 - 교차로부근,승용,남,50세,경상,승용,여,59세,경상
2020080700100492,2020년 8월 7일 19시,금요일,충청북도 청주시 흥덕구 봉명동,중상사고,0,1,2,0,차대차 - 측면충돌,안전운전불이행,젖음/습기,비,교차로 - 교차로안,승용,여,60세,중상,승용,남,57세,경상
2020080700100527,2020년 8월 7일 20시,금요일,충청북도 청주시 서원구 남이면,중상사고,0,1,1,0,차대차 - 측면충돌,안전운전불이행,젖음/습기,비,교차로 - 교차로부근,승용,남,71세,상해없음,이륜,남,36세,중상
2020080700100528,2020년 8월 7일 20시,금요일,충청북도 청주시 흥덕구 가경동,경상사고,0,0,1,0,차대차 - 추돌,안전운전불이행,젖음/습기,비,교차로 - 교차로부근,승용,여,47세,상해없음,승용,남,36세,경상
2020080700100556,2020년 8월 7일 21시,금요일,충청북도 충주시 연수동,경상사고,0,0,1,0,차대차 - 기타,안전운전불이행,건조,맑음,교차로 - 교차로안,승용,남,31세,상해없음,승용,여,43세,경상
2020080700100557,2020년 8월 7일 21시,금요일,충청북도 제천시 명동,중상사고,0,1,0,0,차대사람 - 횡단중,안전운전불이행,건조,흐림,단일로 - 기타,승용,남,61세,상해없음,보행자,남,48세,중상
2020080700100558,2020년 8월 7일 21시,금요일,충청북도 단양군 매포읍,중상사고,0,1,0,0,차대차 - 기타,안전운전불이행,젖음/습기,비,교차로 - 교차로부근,승용,남,68세,상해없음,특수,남,33세,중상
2020080700100559,2020년 8월 7일 21시,금요일,충청북도 청주시 흥덕구 복대동,경상사고,0,0,1,0,차대사람 - 횡단중,보행자보호의무위반,젖음/습기,맑음,교차로 - 교차로횡단보도내,기타불명,기타불명,미분류,기타불명,보행자,남,12세,경상
2020080700100590,2020년 8월 7일 22시,금요일,충청북도 청주시 흥덕구 봉명동,중상사고,0,1,1,0,차대차 - 측면충돌,교차로운행방법위반,건조,흐림,교차로 - 교차로안,이륜,남,47세,중상,승용,남,26세,경상
2020080700100618,2020년 8월 7일 23시,금요일,충청북도 청주시 청원구 오창읍,경상사고,0,0,1,0,차대차 - 기타,교차로운행방법위반,젖음/습기,흐림,교차로 - 교차로안,이륜,남,26세,경상,승용,남,21세,상해없음
2020080700100619,2020년 8월 7일 23시,금요일,충청북도 충주시 신니면,경상사고,0,0,1,0,차대차 - 추돌,안전운전불이행,건조,흐림,단일로 - 기타,승용,남,45세,상해없음,승용,여,29세,경상
2020080700100620,2020년 8월 7일 23시,금요일,충청북도 제천시 장락동,경상사고,0,0,1,0,차대차 - 추돌,안전운전불이행,젖음/습기,비,교차로 - 교차로부근,승용,남,28세,상해없음,승용,남,23세,경상
2020080800100046,2020년 8월 8일 02시,토요일,충청북도 청주시 흥덕구 봉명동,경상사고,0,0,1,0,차대차 - 정면충돌,중앙선침범,건조,맑음,단일로 - 기타,승용,여,47세,상해없음,이륜,남,36세,경상
2020080800100102,2020년 8월 8일 07시,토요일,충청북도 청주시 흥덕구 신봉동,경상사고,0,0,1,0,차대차 - 추돌,안전운전불이행,젖음/습기,비,교차로 - 교차로부근,승용,남,24세,상해없음,승용,남,44세,경상
2020080800100139,2020년 8월 8일 09시,토요일,충청북도 진천군 진천읍,경상사고,0,0,1,0,차대사람 - 횡단중,보행자보호의무위반,건조,맑음,단일로 - 기타,승용,남,78세,상해없음,보행자,남,35세,경상
2020080800100140,2020년 8월 8일 09시,토요일,충청북도 청주시 흥덕구 지동동,경상사고,0,0,1,0,차대차 - 추돌,안전운전불이행,젖음/습기,비,단일로 - 기타,화물,남,45세,상해없음,승용,남,41세,경상
2020080800100180,2020년 8월 8일 11시,토요일,충청북도 영동군 황간면,중상사고,0,1,0,0,차대사람 - 차도통행중,안전운전불이행,젖음/습기,비,단일로 - 기타,승용,남,50세,상해없음,보행자,여,45세,중상
2020080800100181,2020년 8월 8일 11시,토요일,충청북도 청주시 흥덕구 송정동,경상사고,0,0,2,0,차대차 - 측면충돌,안전거리미확보,젖음/습기,비,교차로 - 교차로부근,승용,남,40세,상해없음,승용,여,31세,경상
2020080800100182,2020년 8월 8일 11시,토요일,충청북도 청주시 상당구 용암동,중상사고,0,1,0,0,차대차 - 추돌,안전운전불이행,젖음/습기,비,단일로 - 기타,승용,남,42세,상해없음,화물,남,52세,중상
2020080800100223,2020년 8월 8일 12시,토요일,충청북도 청주시 청원구 오창읍,경상사고,0,0,3,0,차대차 - 기타,안전운전불이행,젖음/습기,비,교차로 - 교차로부근,이륜,남,19세,경상,승용,남,47세,경상
2020080800100224,2020년 8월 8일 12시,토요일,충청북도 청주시 서원구 수곡동,중상사고,0,1,0,0,차대차 - 측면충돌,신호위반,젖음/습기,비,교차로 - 교차로안,이륜,남,76세,상해없음,승용,여,64세,중상
2020080800100259,2020년 8월 8일 13시,토요일,충청북도 청주시 청원구 내덕동,경상사고,0,0,2,0,차대차 - 추돌,안전운전불이행,건조,맑음,단일로 - 기타,승용,남,30세,기타불명,승용,남,58세,경상
2020080800100260,2020년 8월 8일 13시,토요일,충청북도 괴산군 연풍면,중상사고,0,1,1,0,차대차 - 정면충돌,안전운전불이행,젖음/습기,흐림,교차로 - 교차로안,승용,남,57세,상해없음,승합,남,57세,중상
2020080800100327,2020년 8월 8일 15시,토요일,충청북도 음성군 음성읍,중상사고,0,1,0,0,차대차 - 추돌,안전거리미확보,건조,맑음,단일로 - 지하차도(도로)내,승용,남,47세,상해없음,승용,여,43세,중상
2020080800100359,2020년 8월 8일 16시,토요일,충청북도 음성군 맹동면,경상사고,0,0,2,0,차대차 - 측면충돌,안전운전불이행,건조,맑음,단일로 - 지하차도(도로)내,승용,남,31세,상해없음,승용,남,26세,경상
2020080800100360,2020년 8월 8일 16시,토요일,충청북도 청주시 상당구 용암동,경상사고,0,0,1,0,차대차 - 측면충돌,안전운전불이행,건조,흐림,단일로 - 지하차도(도로)내,승용,남,62세,상해없음,이륜,남,37세,경상
2020080800100412,2020년 8월 8일 18시,토요일,충청북도 청주시 청원구 율량동,경상사고,0,0,2,0,차대차 - 정면충돌,안전운전불이행,건조,맑음,교차로 - 교차로안,승용,남,31세,기타불명,승용,여,45세,경상
2020080800100413,2020년 8월 8일 18시,토요일,충청북도 음성군 삼성면,경상사고,0,0,3,0,차대차 - 측면충돌,중앙선침범,젖음/습기,비,단일로 - 기타,승용,남,64세,기타불명,승용,남,26세,경상
2020080800100414,2020년 8월 8일 18시,토요일,충청북도 청주시 흥덕구 남촌동,중상사고,0,1,0,0,차량단독 - 공작물충돌,안전거리미확보,젖음/습기,비,단일로 - 기타,화물,여,43세,상해없음,,,,
2020080800100446,2020년 8월 8일 19시,토요일,충청북도 청주시 서원구 분평동,부상신고사고,0,0,0,1,차대차 - 기타,교차로운행방법위반,젖음/습기,비,교차로 - 교차로횡단보도내,이륜,남,24세,부상신고,승용,남,49세,상해없음
2020080800100491,2020년 8월 8일 20시,토요일,충청북도 충주시 연수동,중상사고,0,1,0,0,차대차 - 기타,안전거리미확보,젖음/습기,비,교차로 - 교차로안,승용,남,42세,상해없음,이륜,남,38세,중상
2020080800100521,2020년 8월 8일 21시,토요일,충청북도 제천시 영천동,경상사고,0,0,1,0,차대차 - 정면충돌,안전운전불이행,젖음/습기,비,단일로 - 기타,승용,남,43세,상해없음,승용,남,28세,경상
2020080800100522,2020년 8월 8일 21시,토요일,충청북도 진천군 진천읍,경상사고,0,0,1,0,차대차 - 후진중충돌,안전운전불이행,건조,맑음,교차로 - 교차로안,승용,남,23세,상해없음,승용,남,19세,경상
2020080800100523,2020년 8월 8일 21시,토요일,충청북도 청주시 상당구 미원면,사망사고,1,0,0,0,차대차 - 측면충돌,안전운전불이행,건조,맑음,단일로 - 기타,승용,여,27세,상해없음,화물,남,53세,사망
2020080800100554,2020년 8월 8일 22시,토요일,충청북도 청주시 상당구 금천동,중상사고,0,1,0,0,차대차 - 추돌,안전운전불이행,젖음/습기,흐림,단일로 - 지하차도(도로)내,이륜,남,71세,중상,승용,남,58세,상해없음
2020080900100044,2020년 8월 9일 03시,일요일,충청북도 증평군 증평읍,경상사고,0,0,3,1,차대차 - 측면충돌,불법유턴,젖음/습기,비,교차로 - 교차로안,화물,남,60세,부상신고,승합,남,45세,경상
2020080900100060,2020년 8월 9일 04시,일요일,충청북도 청주시 상당구 용암동,경상사고,0,0,3,0,차대차 - 후진중충돌,안전운전불이행,젖음/습기,비,단일로 - 지하차도(도로)내,승용,남,26세,상해없음,승용,남,20세,경상
2020080900100061,2020년 8월 9일 04시,일요일,충청북도 청주시 청원구 오창읍,중상사고,0,2,0,0,차대차 - 측면충돌,안전운전불이행,젖음/습기,비,단일로 - 기타,승용,여,53세,중상,승용,남,43세,중상
2020080900100109,2020년 8월 9일 09시,일요일,충청북도 충주시 호암동,중상사고,0,1,0,0,차대차 - 기타,기타,젖음/습기,비,교차로 - 교차로부근,승용,남,63세,상해없음,자전거,여,71세,중상
2020080900100120,2020년 8월 9일 10시,일요일,충청북도 진천군 덕산면,경상사고,0,0,1,0,차대차 - 측면충돌,안전운전불이행,건조,맑음,단일로 - 기타,이륜,남,37세,경상,승용,남,43세,상해없음
2020080900100174,2020년 8월 9일 13시,일요일,충청북도 충주시 봉방동,경상사고,0,0,2,0,차대차 - 기타,안전운전불이행,젖음/습기,비,교차로 - 교차로부근,화물,남,66세,경상,승용,남,33세,경상
2020080900100203,2020년 8월 9일 14시,일요일,충청북도 청주시 흥덕구 봉명동,경상사고,0,0,2,0,차대차 - 측면충돌,안전거리미확보,젖음/습기,비,단일로 - 기타,승용,남,38세,상해없음,승용,남,21세,경상
2020080900100226,2020년 8월 9일 15시,일요일,충청북도 청주시 상당구 미원면,경상사고,0,0,1,0,차대차 - 측면충돌,교차로운행방법위반,건조,흐림,교차로 - 교차로안,승용,남,24세,상해없음,개인형이동수단(PM),남,69세,경상
2020080900100262,2020년 8월 9일 16시,일요일,충청북도 영동군 황간면,사망사고,1,2,0,0,차대차 - 기타,안전운전불이행,건조,흐림,단일로 - 기타,특수,남,60세,상해없음,승용,남,23세,중상
2020080900100292,2020년 8월 9일 17시,일요일,충청북도 진천군 초평면,경상사고,0,0,5,0,차대차 - 추돌,안전운전불이행,건조,맑음,단일로 - 기타,승용,남,27세,상해없음,승용,남,56세,경상
2020080900100350,2020년 8월 9일 19시,일요일,충청북도 청주시 청원구 오창읍,중상사고,0,2,0,0,차대차 - 기타,신호위반,건조,맑음,교차로 - 교차로안,원동기,남,25세,중상,원동기,남,23세,중상
2020080900100351,2020년 8월 9일 19시,일요일,충청북도 제천시 하소동,경상사고,0,0,3,0,차대사람 - 차도통행중,안전운전불이행,건조,맑음,교차로 - 교차로부근,승용,남,60세,상해없음,보행자,여,36세,경상
2020080900100352,2020년 8월 9일 19시,일요일,충청북도 보은군 보은읍,경상사고,0,0,1,0,차대사람 - 횡단중,안전운전불이행,젖음/습기,비,교차로 - 교차로부근,승용,남,72세,상해없음,보행자,남,69세,경상
2020080900100379,2020년 8월 9일 20시,일요일,충청북도 청주시 흥덕구 봉명동,경상사고,0,0,1,0,차대차 - 기타,신호위반,건조,맑음,교차로 - 교차로안,승용,남,65세,상해없음,이륜,남,56세,경상
2020080900100408,2020년 8월 9일 21시,일요일,충청북도 청주시 청원구 내수읍,중상사고,0,1,2,0,차대차 - 기타,안전운전불이행,젖음/습기,비,교차로 - 교차로부근,화물,남,47세,중상,승합,남,58세,경상
2020080900100409,2020년 8월 9일 21시,일요일,충청북도 제천시 하소동,중상사고,0,1,0,0,차대차 - 정면충돌,중앙선침범,건조,맑음,기타 - 기타,승용,여,51세,상해없음,승용,남,40세,중상
2020081000100012,2020년 8월 10일 01시,월요일,충청북도 청주시 청원구 율량동,경상사고,0,0,1,0,차대차 - 측면충돌,교차로운행방법위반,건조,맑음,교차로 - 교차로안,승용,여,57세,상해없음,승용,남,73세,경상
2020081000100074,2020년 8월 10일 08시,월요일,충청북도 청주시 청원구 오동동,경상사고,0,0,1,0,차대차 - 기타,차로위반,젖음/습기,비,단일로 - 기타,승용,여,41세,상해없음,승용,여,51세,경상
2020081000100075,2020년 8월 10일 08시,월요일,충청북도 괴산군 괴산읍,중상사고,0,1,0,0,차대차 - 측면충돌,직진우회전진행방해,젖음/습기,비,교차로 - 교차로안,화물,남,34세,상해없음,이륜,남,80세,중상
2020081000100076,2020년 8월 10일 08시,월요일,충청북도 음성군 금왕읍,중상사고,0,1,0,0,차대사람 - 횡단중,안전운전불이행,건조,맑음,단일로 - 지하차도(도로)내,화물,남,50세,상해없음,보행자,여,69세,중상
2020081000100116,2020년 8월 10일 09시,월요일,충청북도 영동군 영동읍,경상사고,0,0,1,0,차대차 - 측면충돌,교차로운행방법위반,젖음/습기,흐림,교차로 - 교차로안,이륜,여,69세,경상,화물,남,50세,상해없음
2020081000100117,2020년 8월 10일 09시,월요일,충청북도 청주시 흥덕구 가경동,중상사고,0,1,0,0,차대차 - 측면충돌,안전운전불이행,건조,맑음,단일로 - 기타,자전거,남,77세,중상,승합,남,54세,상해없음
2020081000100171,2020년 8월 10일 11시,월요일,충청북도 청주시 상당구 영운동,경상사고,0,0,2,0,차대차 - 측면충돌,교차로운행방법위반,젖음/습기,흐림,교차로 - 교차로안,원동기,남,24세,경상,승용,여,34세,경상
2020081000100201,2020년 8월 10일 12시,월요일,충청북도 청주시 서원구 남이면,중상사고,0,1,3,0,차대차 - 측면충돌,신호위반,건조,맑음,교차로 - 교차로안,승용,여,58세,중상,승용,남,55세,경상
2020081000100202,2020년 8월 10일 12시,월요일,충청북도 청주시 서원구 현도면,경상사고,0,0,1,0,차대차 - 기타,안전운전불이행,젖음/습기,비,단일로 - 기타,승용,남,71세,경상,화물,남,59세,상해없음
2020081000100240,2020년 8월 10일 13시,월요일,충청북도 충주시 문화동,경상사고,0,0,1,0,차대차 - 추돌,안전운전불이행,젖음/습기,비,교차로 - 교차로안,승용,여,37세,상해없음,승합,남,65세,경상
2020081000100241,2020년 8월 10일 13시,월요일,충청북도 청주시 서원구 산남동,경상사고,0,0,1,0,차대차 - 측면충돌,신호위반,젖음/습기,비,교차로 - 교차로횡단보도내,이륜,남,17세,상해없음,자전거,여,74세,경상
2020081000100274,2020년 8월 10일 14시,월요일,충청북도 제천시 신백동,중상사고,0,1,0,0,차대차 - 측면충돌,안전운전불이행,건조,맑음,교차로 - 교차로안,승용,남,69세,상해없음,승용,여,52세,중상
2020081000100275,2020년 8월 10일 14시,월요일,충청북도 괴산군 감물면,중상사고,0,1,1,0,차대차 - 정면충돌,안전운전불이행,젖음/습기,비,단일로 - 기타,화물,남,49세,상해없음,승용,여,52세,중상
2020081000100276,2020년 8월 10일 14시,월요일,충청북도 단양군 단양읍,경상사고,0,0,1,0,차대차 - 기타,안전운전불이행,건조,맑음,교차로 - 교차로안,승용,남,33세,상해없음,이륜,남,18세,경상
2020081000100277,2020년 8월 10일 14시,월요일,충청북도 청주시 흥덕구 복대동,경상사고,0,0,1,0,차대차 - 측면충돌,중앙선침범,건조,맑음,단일로 - 기타,자전거,남,12세,경상,승용,남,34세,상해없음
2020081000100310,2020년 8월 10일 15시,월요일,충청북도 청주시 청원구 사천동,경상사고,0,0,1,0,차대차 - 기타,안전운전불이행,건조,맑음,교차로 - 교차로안,기타불명,기타불명,미분류,기타불명,승용,남,54세,경상
2020081000100341,2020년 8월 10일 16시,월요일,충청북도 청주시 서원구 현도면,중상사고,0,2,0,0,차대차 - 추돌,안전운전불이행,젖음/습기,비,단일로 - 기타,화물,남,57세,상해없음,화물,남,45세,중상
2020081000100378,2020년 8월 10일 17시,월요일,충청북도 충주시 교현동,중상사고,0,1,0,0,차대차 - 측면충돌,안전운전불이행,젖음/습기,비,교차로 - 교차로안,원동기,남,43세,중상,승용,남,48세,상해없음
2020081000100379,2020년 8월 10일 17시,월요일,충청북도 청주시 흥덕구 강서동,경상사고,0,0,1,0,차대차 - 기타,안전운전불이행,건조,맑음,교차로 - 교차로안,승용,남,37세,상해없음,화물,남,38세,경상
2020081000100412,2020년 8월 10일 18시,월요일,충청북도 제천시 장락동,경상사고,0,0,1,0,차량단독 - 공작물충돌,안전운전불이행,젖음/습기,비,단일로 - 기타,승용,여,65세,경상,,,,
2020081000100413,2020년 8월 10일 18시,월요일,충청북도 청주시 상당구 석교동,중상사고,0,1,1,0,차대차 - 기타,교차로운행방법위반,젖음/습기,비,교차로 - 교차로안,승용,여,31세,경상,이륜,남,76세,중상
2020081000100443,2020년 8월 10일 19시,월요일,충청북도 청주시 청원구 율량동,경상사고,0,0,1,0,차대사람 - 횡단중,보행자보호의무위반,건조,맑음,교차로 - 교차로횡단보도내,승용,여,55세,상해없음,보행자,여,40세,경상
2020081000100444,2020년 8월 10일 19시,월요일,충청북도 청주시 청원구 오창읍,경상사고,0,0,1,0,차대차 - 기타,교차로운행방법위반,건조,맑음,단일로 - 기타,승용,남,38세,상해없음,이륜,남,32세,경상
2020081000100445,2020년 8월 10일 19시,월요일,충청북도 충주시 문화동,중상사고,0,3,0,0,차대차 - 정면충돌,신호위반,젖음/습기,비,교차로 - 교차로안,승용,남,20세,중상,승용,남,57세,중상
2020081000100446,2020년 8월 10일 19시,월요일,충청북도 옥천군 군북면,경상사고,0,0,1,0,차대차 - 측면충돌,신호위반,젖음/습기,비,교차로 - 교차로안,화물,남,71세,상해없음,승용,여,53세,경상
2020081000100479,2020년 8월 10일 20시,월요일,충청북도 청주시 흥덕구 봉명동,경상사고,0,0,2,0,차대차 - 추돌,안전운전불이행,젖음/습기,흐림,교차로 - 교차로부근,승용,남,35세,상해없음,승용,남,42세,경상
2020081000100517,2020년 8월 10일 21시,월요일,충청북도 음성군 맹동면,경상사고,0,0,1,0,차대차 - 측면충돌,교차로운행방법위반,젖음/습기,비,교차로 - 교차로부근,승용,남,62세,상해없음,승용,여,28세,경상
2020081000100548,2020년 8월 10일 22시,월요일,충청북도 청주시 청원구 사천동,중상사고,0,2,0,0,차대차 - 정면충돌,신호위반,건조,맑음,교차로 - 교차로안,승용,남,25세,상해없음,승합,남,60세,중상
2020081000100549,2020년 8월 10일 22시,월요일,충청북도 제천시 중앙로1가,경상사고,0,0,1,0,차량단독 - 기타,안전운전불이행,건조,흐림,단일로 - 지하차도(도로)내,승용,남,54세,상해없음,,,,
2020081000100550,2020년 8월 10일 22시,월요일,충청북도 옥천군 이원면,경상사고,0,0,1,0,차대차 - 후진중충돌,안전운전불이행,젖음/습기,비,주차장 - 주차장,화물,남,62세,상해없음,화물,남,35세,기타불명
2020081000100551,2020년 8월 10일 22시,월요일,충청북도 청주시 흥덕구 운천동,중상사고,0,1,2,0,차대차 - 기타,안전운전불이행,젖음/습기,비,단일로 - 기타,승용,남,28세,상해없음,승용,여,45세,중상
2020081000100580,2020년 8월 10일 23시,월요일,충청북도 청주시 청원구 율량동,경상사고,0,0,1,0,차대차 - 측면충돌,교차로운행방법위반,젖음/습기,비,교차로 - 교차로안,승용,남,46세,상해없음,자전거,남,44세,경상
2020081000100581,2020년 8월 10일 23시,월요일,충청북도 청주시 청원구 내수읍,경상사고,0,0,2,0,차대차 - 추돌,안전운전불이행,젖음/습기,비,교차로 - 교차로안,화물,남,55세,상해없음,승용,여,54세,경상
2020081000100582,2020년 8월 10일 23시,월요일,충청북도 청주시 흥덕구 가경동,경상사고,0,0,1,0,차대차 - 기타,안전운전불이행,젖음/습기,비,교차로 - 교차로안,승용,남,42세,상해없음,승용,남,59세,경상
2020081100100012,2020년 8월 11일 00시,화요일,충청북도 청주시 흥덕구 옥산면,사망사고,2,0,0,0,차대차 - 측면충돌,안전운전불이행,젖음/습기,비,기타 - 기타,승용,남,53세,상해없음,승용,남,59세,사망
2020081100100040,2020년 8월 11일 02시,화요일,충청북도 청주시 흥덕구 복대동,부상신고사고,0,0,0,1,차대차 - 측면충돌,안전운전불이행,젖음/습기,비,단일로 - 기타,이륜,남,32세,부상신고,승용,남,61세,상해없음
2020081100100090,2020년 8월 11일 07시,화요일,충청북도 충주시 산척면,중상사고,0,1,1,0,차대차 - 측면충돌,안전운전불이행,건조,맑음,단일로 - 기타,승용,남,19세,상해없음,승용,남,68세,중상
2020081100100121,2020년 8월 11일 08시,화요일,충청북도 청주시 흥덕구 옥산면,경상사고,0,0,2,0,차대차 - 측면충돌,안전거리미확보,젖음/습기,비,교차로 - 교차로안,승용,남,62세,경상,승용,남,28세,경상
2020081100100158,2020년 8월 11일 09시,화요일,충청북도 청주시 흥덕구 복대동,경상사고,0,0,1,0,차대차 - 측면충돌,안전운전불이행,젖음/습기,비,교차로 - 교차로안,승용,남,55세,상해없음,승용,여,59세,경상
2020081100100187,2020년 8월 11일 10시,화요일,충청북도 제천시 청풍면,중상사고,0,2,3,1,차대차 - 측면충돌,직진우회전진행방해,젖음/습기,비,교차로 - 교차로안,승용,여,31세,경상,화물,남,68세,중상
2020081100100258,2020년 8월 11일 12시,화요일,충청북도 음성군 금왕읍,중상사고,0,1,0,0,차대차 - 측면충돌,교차로운행방법위반,젖음/습기,흐림,교차로 - 교차로안,승용,남,61세,상해없음,이륜,남,83세,중상
2020081100100259,2020년 8월 11일 12시,화요일,충청북도 청주시 상당구 금천동,경상사고,0,0,1,0,차대사람 - 횡단중,보행자보호의무위반,젖음/습기,비,단일로 - 지하차도(도로)내,승용,남,59세,상해없음,보행자,여,65세,경상
2020081100100325,2020년 8월 11일 14시,화요일,충청북도 괴산군 괴산읍,중상사고,0,1,0,0,차대차 - 정면충돌,중앙선침범,건조,흐림,교차로 - 교차로부근,승용,남,60세,상해없음,승용,여,72세,중상
2020081100100361,2020년 8월 11일 15시,화요일,충청북도 영동군 영동읍,중상사고,0,1,0,0,차대사람 - 기타,보행자보호의무위반,건조,맑음,단일로 - 기타,승용,남,61세,상해없음,보행자,여,73세,중상