사고번호,사고일시,요일,시군구,사고내용,사망자수,중상자수,경상자수,부상신고자수,사고유형,법규위반,노면상태,기상상태,도로형태,가해운전자 차종,가해운전자 성별,가해운전자 연령,가해운전자 상해정도,피해운전자 차종,피해운전자 성별,피해운전자 연령,피해운전자 상해정도
2020081700100226,2020년 8월 17일 13시,월요일,충청북도 충주시 단월동,경상사고,0,0,1,0,차대차 - 기타,안전거리미확보,건조,맑음,단일로 - 기타,화물,남,84세,상해없음,승용,남,28세,경상
2020081700100227,2020년 8월 17일 13시,월요일,충청북도 음성군 삼성면,경상사고,0,0,1,0,차대차 - 측면충돌,교차로운행방법위반,건조,맑음,교차로 - 교차로안,승용,남,53세,상해없음,승용,남,29세,경상
2020081700100304,2020년 8월 17일 15시,월요일,충청북도 청주시 청원구 주중동,경상사고,0,0,1,0,차대차 - 기타,안전운전불이행,건조,맑음,단일로 - 기타,승용,여,28세,상해없음,원동기,남,31세,경상
2020081700100305,2020년 8월 17일 15시,월요일,충청북도 청주시 흥덕구 복대동,경상사고,0,0,2,0,차대차 - 기타,안전거리미확보,건조,맑음,단일로 - 기타,승용,남,48세,상해없음,승용,남,63세,상해없음
2020081700100344,2020년 8월 17일 16시,월요일,충청북도 음성군 삼성면,경상사고,0,0,1,0,차대사람 - 기타,안전운전불이행,건조,맑음,주차장 - 주차장,화물,남,57세,상해없음,보행자,여,71세,경상
2020081700100391,2020년 8월 17일 17시,월요일,충청북도 충주시 봉방동,경상사고,0,0,1,0,차대차 - 측면충돌,안전운전불이행,건조,흐림,교차로 - 교차로안,화물,남,61세,상해없음,승용,여,39세,경상
2020081700100392,2020년 8월 17일 17시,월요일,충청북도 청주시 흥덕구 송정동,경상사고,0,0,1,0,차대차 - 기타,안전운전불이행,건조,맑음,교차로 - 교차로횡단보도내,승용,여,27세,상해없음,이륜,남,22세,경상
2020081700100394,2020년 8월 17일 17시,월요일,충청북도 보은군 회인면,경상사고,0,0,14,0,차대차 - 추돌,안전운전불이행,건조,맑음,단일로 - 기타,승용,남,48세,경상,화물,남,52세,경상
2020081700100428,2020년 8월 17일 18시,월요일,충청북도 청주시 흥덕구 강서동,경상사고,0,0,3,0,차대차 - 기타,교차로운행방법위반,건조,맑음,교차로 - 교차로안,이륜,남,52세,경상,승용,남,61세,경상
2020081700100466,2020년 8월 17일 19시,월요일,충청북도 청주시 청원구 외하동,경상사고,0,0,2,0,차대차 - 기타,안전운전불이행,건조,맑음,교차로 - 교차로안,승용,여,53세,상해없음,승용,여,37세,경상
2020081700100467,2020년 8월 17일 19시,월요일,충청북도 청주시 청원구 오창읍,중상사고,0,1,1,0,차대차 - 기타,안전운전불이행,젖음/습기,비,단일로 - 기타,승용,남,31세,중상,승용,여,52세,경상
2020081700100530,2020년 8월 17일 21시,월요일,충청북도 청주시 흥덕구 오송읍,중상사고,0,1,1,0,차대차 - 기타,안전거리미확보,건조,맑음,단일로 - 기타,승용,남,62세,상해없음,승용,남,35세,중상
2020081800100014,2020년 8월 18일 01시,화요일,충청북도 청주시 서원구 수곡동,경상사고,0,0,1,0,차대차 - 기타,신호위반,건조,맑음,교차로 - 교차로안,화물,남,63세,상해없음,승용,남,21세,경상
2020081800100049,2020년 8월 18일 06시,화요일,충청북도 청주시 청원구 오창읍,경상사고,0,0,2,0,차대차 - 측면충돌,중앙선침범,건조,맑음,교차로 - 교차로안,승용,남,41세,경상,승용,남,64세,경상
2020081800100092,2020년 8월 18일 08시,화요일,충청북도 진천군 덕산면,경상사고,0,0,2,0,차대차 - 추돌,안전운전불이행,건조,맑음,단일로 - 기타,승용,남,34세,상해없음,승용,여,22세,경상
2020081800100093,2020년 8월 18일 08시,화요일,충청북도 청주시 상당구 용암동,중상사고,0,1,1,0,차대차 - 측면충돌,안전운전불이행,건조,맑음,단일로 - 지하차도(도로)내,승용,여,25세,상해없음,승용,여,65세,중상
2020081800100164,2020년 8월 18일 10시,화요일,충청북도 단양군 단양읍,경상사고,0,0,2,0,차대차 - 추돌,안전운전불이행,건조,맑음,교차로 - 교차로안,승용,남,19세,상해없음,특수,남,62세,경상
2020081800100204,2020년 8월 18일 11시,화요일,충청북도 제천시 봉양읍,경상사고,0,0,1,0,차대차 - 측면충돌,안전운전불이행,건조,맑음,단일로 - 기타,개인형이동수단(PM),여,54세,경상,승용,여,51세,상해없음
2020081800100205,2020년 8월 18일 11시,화요일,충청북도 청주시 상당구 석교동,경상사고,0,0,1,0,차대차 - 기타,안전운전불이행,건조,맑음,교차로 - 교차로부근,승용,여,69세,기타불명,승합,남,37세,상해없음
2020081800100247,2020년 8월 18일 12시,화요일,충청북도 음성군 맹동면,중상사고,0,1,0,0,차대차 - 측면충돌,안전운전불이행,건조,맑음,단일로 - 기타,이륜,남,53세,중상,승용,남,49세,상해없음
2020081800100248,2020년 8월 18일 12시,화요일,충청북도 음성군 삼성면,중상사고,0,1,0,0,차대차 - 측면충돌,교차로운행방법위반,건조,맑음,교차로 - 교차로안,자전거,남,72세,중상,승용,여,26세,상해없음
2020081800100287,2020년 8월 18일 13시,화요일,충청북도 음성군 생극면,경상사고,0,0,2,0,차대차 - 추돌,안전운전불이행,건조,맑음,단일로 - 기타,화물,남,66세,상해없음,승용,여,59세,경상
2020081800100342,2020년 8월 18일 14시,화요일,충청북도 음성군 대소면,경상사고,0,0,1,0,차대사람 - 기타,기타,건조,맑음,기타 - 기타,화물,남,53세,상해없음,보행자,여,81세,경상
2020081800100343,2020년 8월 18일 14시,화요일,충청북도 청주시 흥덕구 오송읍,경상사고,0,0,1,1,차대차 - 측면충돌,신호위반,건조,맑음,교차로 - 교차로안,승용,여,54세,부상신고,승용,남,56세,경상
2020081800100378,2020년 8월 18일 15시,화요일,충청북도 괴산군 연풍면,경상사고,0,0,5,0,차대차 - 추돌,안전운전불이행,건조,맑음,단일로 - 터널,승용,남,61세,상해없음,승용,남,23세,경상
2020081800100468,2020년 8월 18일 17시,화요일,충청북도 청주시 상당구 용담동,경상사고,0,0,1,0,차대차 - 측면충돌,교차로운행방법위반,건조,맑음,교차로 - 교차로안,승용,남,66세,상해없음,자전거,남,76세,경상
2020081800100572,2020년 8월 18일 19시,화요일,충청북도 청주시 흥덕구 복대동,경상사고,0,0,1,0,차대차 - 측면충돌,안전운전불이행,건조,맑음,단일로 - 기타,승용,남,63세,상해없음,이륜,남,35세,경상
2020081800100599,2020년 8월 18일 20시,화요일,충청북도 제천시 명동,중상사고,0,1,0,0,차대차 - 측면충돌,불법유턴,건조,맑음,교차로 - 교차로부근,승용,여,52세,상해없음,원동기,남,19세,중상
2020081800100600,2020년 8월 18일 20시,화요일,충청북도 옥천군 청성면,중상사고,0,3,0,0,차량단독 - 공작물충돌,안전운전불이행,건조,맑음,교차로 - 교차로안,화물,남,55세,중상,,,,
2020081800100635,2020년 8월 18일 21시,화요일,충청북도 청주시 흥덕구 가경동,중상사고,0,1,0,0,차대차 - 기타,안전운전불이행,건조,맑음,교차로 - 교차로안,승용,남,57세,기타불명,이륜,남,29세,중상
2020081800100636,2020년 8월 18일 21시,화요일,충청북도 청주시 흥덕구 복대동,부상신고사고,0,0,0,1,차대사람 - 기타,안전운전불이행,건조,맑음,단일로 - 기타,이륜,남,30세,부상신고,보행자,남,33세,상해없음
2020081800100637,2020년 8월 18일 21시,화요일,충청북도 청주시 서원구 산남동,경상사고,0,0,2,0,차대차 - 추돌,안전운전불이행,건조,맑음,단일로 - 기타,승용,남,45세,상해없음,승용,여,28세,경상
2020081800100662,2020년 8월 18일 22시,화요일,충청북도 청주시 서원구 성화동,중상사고,0,1,0,0,차대차 - 측면충돌,신호위반,건조,맑음,교차로 - 교차로횡단보도내,이륜,남,36세,상해없음,화물,남,59세,중상
2020081800100687,2020년 8월 18일 23시,화요일,충청북도 제천시 강제동,경상사고,0,0,2,0,차대차 - 기타,안전운전불이행,건조,맑음,단일로 - 기타,승용,남,49세,상해없음,승용,남,24세,경상
2020081900100051,2020년 8월 19일 06시,수요일,충청북도 청주시 흥덕구 비하동,경상사고,0,0,1,0,차대차 - 기타,신호위반,건조,맑음,교차로 - 교차로안,화물,남,62세,상해없음,화물,남,73세,경상
2020081900100097,2020년 8월 19일 08시,수요일,충청북도 청주시 흥덕구 복대동,경상사고,0,0,1,0,차대차 - 기타,교차로운행방법위반,건조,맑음,교차로 - 교차로안,승용,남,32세,상해없음,자전거,남,13세,경상
2020081900100127,2020년 8월 19일 09시,수요일,충청북도 청주시 상당구 북문로1가동,중상사고,0,1,0,0,차량단독 - 기타,안전운전불이행,건조,맑음,단일로 - 기타,승합,남,48세,상해없음,,,,
2020081900100166,2020년 8월 19일 10시,수요일,충청북도 충주시 대소원면,경상사고,0,0,1,0,차대차 - 기타,중앙선침범,건조,맑음,단일로 - 기타,개인형이동수단(PM),여,30세,경상,승용,여,28세,기타불명
2020081900100167,2020년 8월 19일 10시,수요일,충청북도 청주시 흥덕구 비하동,경상사고,0,0,1,0,차대차 - 기타,교차로운행방법위반,건조,맑음,교차로 - 교차로부근,승용,남,70세,상해없음,승용,남,30세,경상
2020081900100202,2020년 8월 19일 11시,수요일,충청북도 청주시 흥덕구 신촌동,경상사고,0,0,6,0,차대차 - 추돌,안전운전불이행,건조,맑음,교차로 - 교차로부근,승용,남,71세,상해없음,승용,여,40세,경상
2020081900100203,2020년 8월 19일 11시,수요일,충청북도 청주시 서원구 분평동,경상사고,0,0,4,0,차대차 - 측면충돌,안전운전불이행,건조,맑음,교차로 - 교차로부근,승용,남,14세,상해없음,승용,남,51세,상해없음
2020081900100237,2020년 8월 19일 12시,수요일,충청북도 제천시 모산동,경상사고,0,0,1,0,차대차 - 측면충돌,직진우회전진행방해,건조,맑음,교차로 - 교차로안,승용,남,78세,상해없음,승용,남,32세,경상
2020081900100238,2020년 8월 19일 12시,수요일,충청북도 음성군 맹동면,경상사고,0,0,3,0,차대차 - 측면충돌,안전운전불이행,건조,맑음,교차로 - 교차로부근,화물,남,62세,경상,승용,여,43세,경상
2020081900100288,2020년 8월 19일 13시,수요일,충청북도 제천시 하소동,경상사고,0,0,1,0,차대차 - 정면충돌,안전운전불이행,건조,맑음,교차로 - 교차로안,개인형이동수단(PM),남,15세,경상,승용,남,66세,상해없음
2020081900100321,2020년 8월 19일 14시,수요일,충청북도 청주시 서원구 사직동,경상사고,0,0,1,0,차대차 - 기타,교차로운행방법위반,건조,맑음,교차로 - 교차로안,승용,여,45세,상해없음,자전거,남,69세,경상
2020081900100322,2020년 8월 19일 14시,수요일,충청북도 청주시 흥덕구 봉명동,경상사고,0,0,1,0,차대차 - 기타,안전운전불이행,건조,맑음,단일로 - 기타,승용,남,29세,상해없음,승용,남,41세,경상
2020081900100325,2020년 8월 19일 14시,수요일,충청북도 옥천군 청성면,중상사고,0,2,1,0,차대차 - 기타,안전운전불이행,건조,맑음,단일로 - 기타,화물,남,67세,상해없음,화물,남,63세,중상
2020081900100365,2020년 8월 19일 15시,수요일,충청북도 청주시 상당구 탑동,경상사고,0,0,1,0,차대차 - 측면충돌,안전운전불이행,건조,맑음,단일로 - 기타,승용,남,39세,상해없음,승용,남,63세,상해없음
2020081900100403,2020년 8월 19일 16시,수요일,충청북도 음성군 대소면,중상사고,0,2,0,0,차대차 - 측면충돌,교차로운행방법위반,건조,맑음,교차로 - 교차로안,화물,남,65세,중상,화물,남,37세,중상
2020081900100404,2020년 8월 19일 16시,수요일,충청북도 청주시 상당구 영운동,경상사고,0,0,1,0,차대차 - 측면충돌,안전운전불이행,건조,맑음,교차로 - 교차로횡단보도내,승합,남,22세,상해없음,자전거,남,77세,경상
2020081900100448,2020년 8월 19일 17시,수요일,충청북도 청주시 서원구 사직동,경상사고,0,0,2,0,차대차 - 기타,신호위반,건조,맑음,교차로 - 교차로안,이륜,남,63세,경상,승용,여,24세,경상
2020081900100449,2020년 8월 19일 17시,수요일,충청북도 충주시 대소원면,경상사고,0,0,3,0,차대차 - 추돌,안전운전불이행,건조,맑음,단일로 - 기타,승용,남,65세,상해없음,승용,남,37세,경상
2020081900100491,2020년 8월 19일 18시,수요일,충청북도 청주시 서원구 죽림동,부상신고사고,0,0,0,1,차대차 - 측면충돌,안전운전불이행,건조,맑음,교차로 - 교차로안,승용,여,43세,부상신고,승용,남,25세,상해없음
2020081900100538,2020년 8월 19일 19시,수요일,충청북도 청주시 청원구 내덕동,중상사고,0,1,0,0,차대차 - 기타,안전거리미확보,건조,맑음,교차로 - 교차로부근,승용,남,27세,상해없음,승용,남,46세,중상
2020081900100574,2020년 8월 19일 20시,수요일,충청북도 충주시 칠금동,경상사고,0,0,2,0,차대차 - 정면충돌,신호위반,건조,흐림,교차로 - 교차로안,승용,여,32세,경상,승용,여,30세,경상
2020081900100575,2020년 8월 19일 20시,수요일,충청북도 청주시 서원구 성화동,부상신고사고,0,0,0,1,차대차 - 기타,교차로운행방법위반,건조,맑음,교차로 - 교차로안,이륜,남,34세,부상신고,승용,남,24세,상해없음
2020081900100576,2020년 8월 19일 20시,수요일,충청북도 청주시 흥덕구 복대동,경상사고,0,0,1,0,차대차 - 기타,안전거리미확보,건조,맑음,교차로 - 교차로안,기타불명,기타불명,미분류,기타불명,승합,남,46세,상해없음
2020081900100609,2020년 8월 19일 21시,수요일,충청북도 충주시 연수동,경상사고,0,0,1,0,차대차 - 후진중충돌,안전운전불이행,건조,맑음,교차로 - 교차로안,승용,여,25세,상해없음,승용,남,28세,경상
2020081900100640,2020년 8월 19일 22시,수요일,충청북도 제천시 의림동,경상사고,0,0,1,0,차대차 - 측면충돌,신호위반,건조,맑음,교차로 - 교차로안,이륜,남,54세,경상,승용,남,65세,상해없음
2020081900100657,2020년 8월 19일 23시,수요일,충청북도 충주시 동량면,경상사고,0,0,2,0,차대차 - 추돌,안전운전불이행,건조,맑음,교차로 - 교차로안,승용,남,64세,상해없음,승용,남,35세,경상
2020082000100015,2020년 8월 20일 01시,목요일,충청북도 청주시 서원구 남이면,중상사고,0,1,0,0,차대차 - 추돌,안전운전불이행,건조,맑음,기타 - 기타,특수,남,67세,중상,화물,남,36세,상해없음
2020082000100044,2020년 8월 20일 06시,목요일,충청북도 청주시 청원구 우암동,경상사고,0,0,2,0,차대차 - 기타,안전운전불이행,건조,맑음,교차로 - 교차로부근,승용,남,42세,상해없음,승용,여,61세,경상
2020082000100045,2020년 8월 20일 06시,목요일,충청북도 청주시 상당구 문화동,경상사고,0,0,2,0,차대차 - 기타,신호위반,건조,맑음,교차로 - 교차로안,승용,남,84세,상해없음,승용,남,19세,경상
2020082000100046,2020년 8월 20일 06시,목요일,충청북도 청주시 서원구 수곡동,부상신고사고,0,0,0,1,차대사람 - 차도통행중,안전운전불이행,건조,맑음,단일로 - 지하차도(도로)내,승용,남,65세,상해없음,보행자,남,43세,부상신고
2020082000100070,2020년 8월 20일 07시,목요일,충청북도 청주시 청원구 오창읍,경상사고,0,0,2,0,차대차 - 기타,교차로운행방법위반,건조,맑음,교차로 - 교차로안,승용,남,32세,경상,화물,여,58세,경상
2020082000100101,2020년 8월 20일 08시,목요일,충청북도 청주시 청원구 내수읍,중상사고,0,1,0,0,차대차 - 정면충돌,중앙선침범,건조,맑음,단일로 - 기타,승용,남,74세,상해없음,원동기,남,59세,중상
2020082000100102,2020년 8월 20일 08시,목요일,충청북도 음성군 금왕읍,경상사고,0,0,1,0,차대차 - 측면충돌,중앙선침범,건조,맑음,단일로 - 기타,승용,남,27세,상해없음,승용,남,28세,경상
2020082000100103,2020년 8월 20일 08시,목요일,충청북도 옥천군 옥천읍,중상사고,0,1,0,0,차대차 - 측면충돌,안전운전불이행,건조,맑음,교차로 - 교차로안,승용,남,46세,상해없음,이륜,남,78세,중상
2020082000100104,2020년 8월 20일 08시,목요일,충청북도 진천군 문백면,경상사고,0,0,2,0,차대차 - 기타,안전운전불이행,건조,맑음,교차로 - 교차로안,농기계,남,64세,경상,승용,남,22세,경상
2020082000100105,2020년 8월 20일 08시,목요일,충청북도 청주시 흥덕구 봉명동,경상사고,0,0,2,0,차대차 - 기타,안전거리미확보,건조,맑음,단일로 - 기타,이륜,남,85세,경상,승용,남,26세,경상
2020082000100134,2020년 8월 20일 09시,목요일,충청북도 청주시 흥덕구 봉명동,경상사고,0,0,2,0,차대차 - 기타,안전운전불이행,건조,맑음,교차로 - 교차로부근,승용,여,62세,상해없음,승용,남,43세,경상
2020082000100135,2020년 8월 20일 09시,목요일,충청북도 청주시 흥덕구 가경동,경상사고,0,0,2,0,차대차 - 기타,교차로운행방법위반,건조,맑음,교차로 - 교차로안,승용,남,54세,경상,승용,여,45세,경상
2020082000100204,2020년 8월 20일 11시,목요일,충청북도 충주시 교현동,경상사고,0,0,1,0,차대차 - 기타,안전운전불이행,건조,맑음,교차로 - 교차로부근,승용,남,33세,상해없음,승용,남,62세,상해없음
2020082000100205,2020년 8월 20일 11시,목요일,충청북도 제천시 하소동,중상사고,0,1,1,0,차대차 - 측면충돌,안전거리미확보,건조,맑음,기타 - 기타,자전거,남,76세,중상,승용,여,46세,경상
2020082000100206,2020년 8월 20일 11시,목요일,충청북도 청주시 흥덕구 송정동,경상사고,0,0,1,0,차대차 - 측면충돌,안전거리미확보,건조,맑음,단일로 - 기타,승용,남,25세,상해없음,승용,남,31세,경상
2020082000100207,2020년 8월 20일 11시,목요일,충청북도 청주시 상당구 미원면,경상사고,0,0,1,0,차대차 - 측면충돌,중앙선침범,건조,맑음,단일로 - 지하차도(도로)내,특수,남,53세,상해없음,화물,남,45세,경상
2020082000100239,2020년 8월 20일 12시,목요일,충청북도 충주시 충인동,경상사고,0,0,4,0,차대차 - 측면충돌,직진우회전진행방해,건조,맑음,교차로 - 교차로안,원동기,남,75세,경상,승용,여,22세,경상
2020082000100240,2020년 8월 20일 12시,목요일,충청북도 제천시 청전동,경상사고,0,0,1,0,차대사람 - 횡단중,안전운전불이행,건조,맑음,단일로 - 기타,승용,여,56세,상해없음,보행자,여,20세,경상
2020082000100241,2020년 8월 20일 12시,목요일,충청북도 진천군 광혜원면,경상사고,0,0,1,0,차대차 - 추돌,안전운전불이행,건조,맑음,교차로 - 교차로부근,화물,남,35세,상해없음,화물,남,62세,경상
2020082000100242,2020년 8월 20일 12시,목요일,충청북도 청주시 서원구 개신동,경상사고,0,0,1,0,차대사람 - 기타,안전운전불이행,건조,맑음,교차로 - 교차로안,승용,남,73세,상해없음,보행자,남,45세,경상
2020082000100291,2020년 8월 20일 13시,목요일,충청북도 청주시 청원구 율량동,경상사고,0,0,1,0,차대차 - 기타,안전운전불이행,건조,맑음,교차로 - 교차로안,원동기,남,35세,경상,승합,남,28세,상해없음
2020082000100292,2020년 8월 20일 13시,목요일,충청북도 청주시 청원구 오창읍,중상사고,0,1,0,0,차대차 - 기타,교차로운행방법위반,건조,맑음,교차로 - 교차로안,승용,여,32세,상해없음,승용,여,47세,중상
2020082000100293,2020년 8월 20일 13시,목요일,충청북도 청주시 청원구 내덕동,경상사고,0,0,1,0,차대차 - 기타,안전운전불이행,건조,맑음,단일로 - 기타,기타불명,기타불명,미분류,기타불명,승용,여,37세,상해없음
2020082000100294,2020년 8월 20일 13시,목요일,충청북도 청주시 흥덕구 봉명동,경상사고,0,0,1,0,차대차 - 기타,교차로운행방법위반,건조,맑음,교차로 - 교차로안,승용,남,64세,상해없음,승용,남,24세,경상
2020082000100333,2020년 8월 20일 14시,목요일,충청북도 음성군 대소면,경상사고,0,0,1,0,차대차 - 측면충돌,안전운전불이행,건조,맑음,교차로 - 교차로안,화물,남,61세,상해없음,승용,남,48세,경상
2020082000100334,2020년 8월 20일 14시,목요일,충청북도 청주시 서원구 모충동,경상사고,0,0,1,0,차대차 - 측면충돌,안전운전불이행,건조,맑음,단일로 - 기타,승용,남,27세,상해없음,이륜,남,36세,경상
2020082000100371,2020년 8월 20일 15시,목요일,충청북도 제천시 영천동,경상사고,0,0,1,0,차대차 - 추돌,안전거리미확보,건조,맑음,교차로 - 교차로부근,승합,남,62세,상해없음,승용,남,21세,경상
2020082000100409,2020년 8월 20일 16시,목요일,충청북도 제천시 화산동,경상사고,0,0,3,0,차대차 - 측면충돌,직진우회전진행방해,건조,맑음,교차로 - 교차로안,승용,여,32세,경상,승용,여,58세,경상
2020082000100410,2020년 8월 20일 16시,목요일,충청북도 청주시 상당구 용암동,중상사고,0,1,1,0,차대차 - 정면충돌,신호위반,건조,맑음,교차로 - 교차로안,승용,남,68세,경상,이륜,남,51세,중상
2020082000100441,2020년 8월 20일 17시,목요일,충청북도 음성군 금왕읍,중상사고,0,1,2,0,차대차 - 측면충돌,교차로운행방법위반,건조,맑음,교차로 - 교차로안,승용,여,42세,경상,승용,남,63세,중상
2020082000100532,2020년 8월 20일 19시,목요일,충청북도 청주시 청원구 주중동,경상사고,0,0,6,0,차대차 - 기타,신호위반,건조,맑음,교차로 - 교차로안,승합,남,68세,상해없음,승합,남,62세,경상
2020082000100562,2020년 8월 20일 20시,목요일,충청북도 제천시 신백동,경상사고,0,0,3,0,차대차 - 측면충돌,직진우회전진행방해,건조,맑음,교차로 - 교차로안,승용,여,46세,경상,승용,남,29세,경상
2020082000100563,2020년 8월 20일 20시,목요일,충청북도 음성군 음성읍,중상사고,0,1,0,0,차대차 - 추돌,안전운전불이행,건조,맑음,교차로 - 교차로부근,승합,남,71세,상해없음,농기계,남,59세,중상
2020082000100564,2020년 8월 20일 20시,목요일,충청북도 청주시 흥덕구 비하동,부상신고사고,0,0,0,1,차대차 - 기타,안전운전불이행,건조,맑음,교차로 - 교차로안,개인형이동수단(PM),남,27세,부상신고,승용,남,49세,상해없음
2020082000100604,2020년 8월 20일 22시,목요일,충청북도 충주시 연수동,중상사고,0,1,0,0,차대차 - 기타,신호위반,건조,맑음,교차로 - 교차로부근,승용,남,32세,상해없음,이륜,남,26세,중상
2020082000100605,2020년 8월 20일 22시,목요일,충청북도 음성군 음성읍,경상사고,0,0,1,0,차대차 - 추돌,안전운전불이행,건조,맑음,단일로 - 기타,승용,남,41세,상해없음,농기계,남,29세,경상
2020082100100026,2020년 8월 21일 02시,금요일,충청북도 청주시 상당구 용암동,경상사고,0,0,1,0,차대차 - 측면충돌,안전운전불이행,건조,맑음,단일로 - 지하차도(도로)내,이륜,남,52세,상해없음,승용,남,55세,경상
2020082100100103,2020년 8월 21일 08시,금요일,충청북도 청주시 흥덕구 복대동,경상사고,0,0,1,0,차대차 - 기타,안전운전불이행,건조,맑음,교차로 - 교차로안,승용,남,29세,상해없음,승용,남,60세,경상
2020082100100134,2020년 8월 21일 09시,금요일,충청북도 충주시 호암동,경상사고,0,0,2,0,차대차 - 추돌,안전운전불이행,건조,맑음,교차로 - 교차로부근,승용,남,78세,상해없음,승용,여,22세,경상
2020082100100135,2020년 8월 21일 09시,금요일,충청북도 청주시 서원구 모충동,경상사고,0,0,1,0,차대차 - 측면충돌,안전운전불이행,건조,맑음,단일로 - 지하차도(도로)내,자전거,남,60세,경상,건설기계,남,57세,상해없음
2020082100100162,2020년 8월 21일 10시,금요일,충청북도 청주시 상당구 용암동,경상사고,0,0,1,0,차대차 - 기타,교차로운행방법위반,건조,맑음,교차로 - 교차로안,승용,남,65세,상해없음,승합,남,54세,상해없음
2020082100100222,2020년 8월 21일 12시,금요일,충청북도 청주시 상당구 북문로2가동,중상사고,0,1,0,0,차대차 - 측면충돌,안전운전불이행,건조,맑음,단일로 - 기타,승용,남,65세,상해없음,이륜,남,52세,중상
2020082100100223,2020년 8월 21일 12시,금요일,충청북도 보은군 보은읍,경상사고,0,0,1,0,차대사람 - 기타,안전운전불이행,건조,맑음,단일로 - 기타,이륜,남,82세,기타불명,보행자,남,71세,경상
2020082100100224,2020년 8월 21일 12시,금요일,충청북도 청주시 흥덕구 봉명동,경상사고,0,0,1,0,차대사람 - 횡단중,신호위반,건조,맑음,교차로 - 교차로횡단보도내,원동기,남,48세,상해없음,보행자,남,7세,경상
2020082100100253,2020년 8월 21일 13시,금요일,충청북도 괴산군 불정면,중상사고,0,1,0,0,차대차 - 측면충돌,안전운전불이행,건조,맑음,교차로 - 교차로안,이륜,남,60세,중상,승용,남,59세,상해없음
2020082100100254,2020년 8월 21일 13시,금요일,충청북도 음성군 생극면,중상사고,0,1,0,0,차대차 - 측면충돌,교차로운행방법위반,건조,맑음,교차로 - 교차로안,승용,남,53세,중상,화물,여,51세,상해없음
2020082100100294,2020년 8월 21일 14시,금요일,충청북도 청주시 흥덕구 봉명동,경상사고,0,0,2,0,차대차 - 측면충돌,안전운전불이행,건조,맑음,단일로 - 기타,승용,여,54세,상해없음,승용,남,36세,경상
2020082100100323,2020년 8월 21일 15시,금요일,충청북도 청주시 서원구 개신동,경상사고,0,0,3,0,차대차 - 기타,신호위반,건조,맑음,교차로 - 교차로안,승용,여,55세,상해없음,승용,남,40세,경상
2020082100100362,2020년 8월 21일 16시,금요일,충청북도 청주시 상당구 용암동,경상사고,0,0,1,0,차대차 - 정면충돌,중앙선침범,건조,맑음,단일로 - 기타,승용,남,30세,상해없음,이륜,남,37세,경상
2020082100100363,2020년 8월 21일 16시,금요일,충청북도 청주시 상당구 미원면,경상사고,0,0,1,0,차대차 - 기타,안전운전불이행,건조,맑음,단일로 - 기타,승용,남,54세,상해없음,자전거,남,13세,경상
2020082100100399,2020년 8월 21일 17시,금요일,충청북도 청주시 상당구 용암동,경상사고,0,0,1,0,차대차 - 측면충돌,안전운전불이행,건조,맑음,교차로 - 교차로안,승용,남,38세,상해없음,승용,여,35세,경상
2020082100100400,2020년 8월 21일 17시,금요일,충청북도 진천군 광혜원면,경상사고,0,0,2,0,차대차 - 추돌,안전운전불이행,건조,맑음,단일로 - 터널,승합,남,64세,상해없음,승용,남,48세,경상
2020082100100433,2020년 8월 21일 18시,금요일,충청북도 청주시 흥덕구 오송읍,경상사고,0,0,2,0,차대차 - 기타,안전운전불이행,건조,맑음,교차로 - 교차로안,승용,남,76세,상해없음,승용,남,31세,경상
2020082100100434,2020년 8월 21일 18시,금요일,충청북도 청주시 흥덕구 오송읍,경상사고,0,0,1,0,차대차 - 추돌,안전운전불이행,건조,맑음,교차로 - 교차로부근,승용,남,68세,상해없음,승용,남,49세,상해없음
2020082100100483,2020년 8월 21일 19시,금요일,충청북도 제천시 중앙로2가,중상사고,0,1,0,0,차대차 - 측면충돌,직진우회전진행방해,건조,맑음,교차로 - 교차로안,승용,남,67세,상해없음,이륜,남,41세,중상
2020082100100484,2020년 8월 21일 19시,금요일,충청북도 청주시 흥덕구 강내면,경상사고,0,0,2,0,차대차 - 기타,안전운전불이행,건조,맑음,교차로 - 교차로부근,승용,남,44세,상해없음,승용,여,35세,경상
2020082100100530,2020년 8월 21일 20시,금요일,충청북도 충주시 호암동,중상사고,0,1,1,0,차대차 - 측면충돌,안전운전불이행,건조,흐림,단일로 - 기타,승용,남,39세,상해없음,승용,남,58세,중상
2020082100100531,2020년 8월 21일 20시,금요일,충청북도 청주시 흥덕구 비하동,경상사고,0,0,2,0,차대차 - 기타,안전거리미확보,건조,맑음,교차로 - 교차로부근,승용,남,33세,상해없음,승용,남,33세,경상
2020082100100563,2020년 8월 21일 21시,금요일,충청북도 제천시 청전동,경상사고,0,0,1,0,차대차 - 측면충돌,안전운전불이행,건조,맑음,기타 - 기타,승용,남,48세,상해없음,승용,남,35세,경상
2020082200100106,2020년 8월 22일 08시,토요일,충청북도 보은군 탄부면,중상사고,0,5,0,0,차대차 - 추돌,안전거리미확보,건조,맑음,단일로 - 기타,화물,남,67세,상해없음,승합,여,63세,중상
2020082200100107,2020년 8월 22일 08시,토요일,충청북도 청주시 흥덕구 복대동,경상사고,0,0,2,0,차대차 - 기타,직진우회전진행방해,건조,맑음,교차로 - 교차로안,승용,여,60세,상해없음,승용,여,46세,경상