사고번호,사고일시,요일,시군구,사고내용,사망자수,중상자수,경상자수,부상신고자수,사고유형,법규위반,노면상태,기상상태,도로형태,가해운전자 차종,가해운전자 성별,가해운전자 연령,가해운전자 상해정도,피해운전자 차종,피해운전자 성별,피해운전자 연령,피해운전자 상해정도
2020082700100026,2020년 8월 27일 03시,목요일,충청북도 청주시 흥덕구 복대동,경상사고,0,0,1,0,차대사람 - 횡단중,보행자보호의무위반,젖음/습기,비,교차로 - 교차로횡단보도내,승용,남,44세,상해없음,보행자,여,21세,경상
2020082700100064,2020년 8월 27일 07시,목요일,충청북도 음성군 금왕읍,경상사고,0,0,2,0,차대차 - 추돌,안전운전불이행,건조,맑음,단일로 - 지하차도(도로)내,승합,남,67세,상해없음,승합,남,47세,경상
2020082700100093,2020년 8월 27일 08시,목요일,충청북도 청주시 청원구 내덕동,경상사고,0,0,1,0,차대차 - 기타,안전운전불이행,건조,맑음,교차로 - 교차로안,사륜오토바이(ATV),여,56세,상해없음,자전거,남,34세,경상
2020082700100094,2020년 8월 27일 08시,목요일,충청북도 진천군 이월면,중상사고,0,1,0,0,차대차 - 기타,교차로운행방법위반,건조,맑음,교차로 - 교차로안,승용,여,54세,기타불명,승용,여,39세,중상
2020082700100132,2020년 8월 27일 09시,목요일,충청북도 옥천군 옥천읍,중상사고,0,1,0,0,차대차 - 후진중충돌,안전운전불이행,건조,맑음,기타 - 기타,화물,남,70세,상해없음,자전거,여,68세,중상
2020082700100187,2020년 8월 27일 11시,목요일,충청북도 청주시 흥덕구 원평동,경상사고,0,0,1,0,차대차 - 측면충돌,안전거리미확보,건조,맑음,단일로 - 기타,승용,남,42세,상해없음,화물,남,48세,경상
2020082700100188,2020년 8월 27일 11시,목요일,충청북도 청주시 서원구 산남동,중상사고,0,1,0,0,차대사람 - 횡단중,신호위반,건조,맑음,교차로 - 교차로안,승용,여,55세,상해없음,보행자,여,61세,중상
2020082700100242,2020년 8월 27일 13시,목요일,충청북도 제천시 고암동,경상사고,0,0,2,0,차대차 - 정면충돌,중앙선침범,건조,맑음,기타 - 기타,이륜,남,44세,경상,승용,여,39세,경상
2020082700100346,2020년 8월 27일 16시,목요일,충청북도 충주시 봉방동,중상사고,0,1,0,0,차대차 - 기타,직진우회전진행방해,젖음/습기,비,교차로 - 교차로안,화물,남,39세,상해없음,원동기,남,17세,중상
2020082700100347,2020년 8월 27일 16시,목요일,충청북도 청주시 상당구 미원면,중상사고,0,1,1,0,차대차 - 추돌,안전운전불이행,건조,맑음,단일로 - 기타,승용,여,49세,상해없음,승합,남,59세,상해없음
2020082700100423,2020년 8월 27일 18시,목요일,충청북도 제천시 중앙로2가,중상사고,0,1,1,0,차대차 - 추돌,안전거리미확보,건조,맑음,교차로 - 교차로안,승용,남,52세,상해없음,승용,남,62세,중상
2020082700100424,2020년 8월 27일 18시,목요일,충청북도 음성군 삼성면,중상사고,0,2,0,0,차대차 - 정면충돌,중앙선침범,건조,흐림,단일로 - 기타,승용,남,24세,중상,승용,남,62세,중상
2020082700100453,2020년 8월 27일 19시,목요일,충청북도 제천시 강제동,경상사고,0,0,1,0,차대차 - 측면충돌,안전거리미확보,젖음/습기,비,교차로 - 교차로부근,이륜,남,75세,경상,화물,남,62세,상해없음
2020082700100517,2020년 8월 27일 21시,목요일,충청북도 청주시 흥덕구 가경동,경상사고,0,0,1,1,차대차 - 추돌,안전운전불이행,건조,맑음,교차로 - 교차로부근,승용,남,69세,부상신고,승용,남,22세,경상
2020082700100518,2020년 8월 27일 21시,목요일,충청북도 청주시 상당구 미원면,사망사고,1,0,1,0,차대차 - 추돌,안전운전불이행,건조,맑음,단일로 - 지하차도(도로)내,승합,남,21세,상해없음,화물,남,66세,경상
2020082800100009,2020년 8월 28일 00시,금요일,충청북도 진천군 광혜원면,경상사고,0,0,1,0,차대차 - 기타,안전운전불이행,건조,맑음,교차로 - 교차로안,승용,남,32세,상해없음,승용,남,42세,경상
2020082800100044,2020년 8월 28일 04시,금요일,충청북도 제천시 고암동,중상사고,0,1,1,0,차대사람 - 보도통행중,중앙선침범,건조,맑음,기타 - 기타,승용,남,26세,상해없음,보행자,남,63세,경상
2020082800100064,2020년 8월 28일 06시,금요일,충청북도 청주시 흥덕구 봉명동,부상신고사고,0,0,0,1,차량단독 - 공작물충돌,안전운전불이행,건조,맑음,단일로 - 기타,승용,남,28세,부상신고,,,,
2020082800100105,2020년 8월 28일 08시,금요일,충청북도 괴산군 연풍면,경상사고,0,0,1,0,차대사람 - 기타,안전운전불이행,건조,맑음,미분류 - 미분류,승용,남,64세,상해없음,보행자,여,80세,경상
2020082800100106,2020년 8월 28일 08시,금요일,충청북도 진천군 이월면,경상사고,0,0,1,0,차대차 - 기타,차로위반,건조,맑음,단일로 - 기타,승용,여,55세,상해없음,승용,여,47세,경상
2020082800100129,2020년 8월 28일 09시,금요일,충청북도 청주시 흥덕구 봉명동,중상사고,0,1,2,0,차대차 - 측면충돌,교차로운행방법위반,건조,흐림,교차로 - 교차로안,승용,여,37세,중상,승용,남,27세,경상
2020082800100223,2020년 8월 28일 12시,금요일,충청북도 청주시 청원구 사천동,경상사고,0,0,1,0,차대차 - 기타,안전운전불이행,건조,맑음,단일로 - 기타,승용,여,34세,상해없음,승용,여,32세,경상
2020082800100224,2020년 8월 28일 12시,금요일,충청북도 청주시 서원구 사직동,경상사고,0,0,1,0,차대차 - 기타,안전거리미확보,건조,맑음,단일로 - 기타,승합,남,46세,상해없음,화물,남,70세,경상
2020082800100225,2020년 8월 28일 12시,금요일,충청북도 증평군 증평읍,중상사고,0,1,0,0,차대차 - 측면충돌,안전운전불이행,건조,맑음,교차로 - 교차로안,승용,남,22세,상해없음,자전거,남,78세,중상
2020082800100255,2020년 8월 28일 13시,금요일,충청북도 제천시 청전동,경상사고,0,0,1,0,차대차 - 측면충돌,안전운전불이행,건조,맑음,교차로 - 교차로안,화물,남,41세,상해없음,승용,여,62세,경상
2020082800100256,2020년 8월 28일 13시,금요일,충청북도 영동군 양산면,경상사고,0,0,1,0,차대차 - 측면충돌,안전운전불이행,건조,맑음,교차로 - 교차로안,승용,여,66세,상해없음,화물,남,59세,경상
2020082800100257,2020년 8월 28일 13시,금요일,충청북도 진천군 초평면,경상사고,0,0,2,0,차대차 - 측면충돌,직진우회전진행방해,건조,맑음,교차로 - 교차로안,승용,여,26세,경상,승용,남,48세,경상
2020082800100258,2020년 8월 28일 13시,금요일,충청북도 청주시 상당구 문의면,경상사고,0,0,2,0,차대차 - 추돌,안전운전불이행,건조,맑음,교차로 - 교차로부근,승용,여,57세,상해없음,승용,남,59세,경상
2020082800100295,2020년 8월 28일 14시,금요일,충청북도 보은군 보은읍,경상사고,0,0,2,0,차대차 - 후진중충돌,안전운전불이행,건조,맑음,주차장 - 주차장,승용,남,82세,상해없음,승용,남,27세,경상
2020082800100330,2020년 8월 28일 15시,금요일,충청북도 청주시 흥덕구 복대동,경상사고,0,0,1,0,차대사람 - 기타,안전운전불이행,건조,맑음,단일로 - 기타,승용,여,35세,상해없음,보행자,남,31세,경상
2020082800100377,2020년 8월 28일 16시,금요일,충청북도 영동군 영동읍,경상사고,0,0,1,0,차대차 - 추돌,직진우회전진행방해,젖음/습기,비,교차로 - 교차로안,승용,여,39세,상해없음,이륜,여,69세,경상
2020082800100378,2020년 8월 28일 16시,금요일,충청북도 보은군 회인면,경상사고,0,0,2,0,차대차 - 추돌,교차로운행방법위반,건조,맑음,교차로 - 교차로안,승용,남,53세,상해없음,화물,남,59세,경상
2020082800100379,2020년 8월 28일 16시,금요일,충청북도 청주시 흥덕구 옥산면,경상사고,0,0,1,0,차대차 - 추돌,안전거리미확보,건조,맑음,단일로 - 기타,건설기계,남,34세,상해없음,화물,남,47세,경상
2020082800100422,2020년 8월 28일 17시,금요일,충청북도 청주시 서원구 사창동,경상사고,0,0,1,0,차대차 - 기타,직진우회전진행방해,건조,맑음,교차로 - 교차로안,승용,여,24세,상해없음,승용,남,47세,경상
2020082800100423,2020년 8월 28일 17시,금요일,충청북도 충주시 연수동,중상사고,0,1,0,0,차대차 - 기타,안전운전불이행,건조,맑음,단일로 - 기타,승합,남,49세,상해없음,자전거,남,40세,중상
2020082800100424,2020년 8월 28일 17시,금요일,충청북도 영동군 영동읍,경상사고,0,0,1,0,차대차 - 측면충돌,직진우회전진행방해,젖음/습기,비,교차로 - 교차로안,승용,남,71세,상해없음,이륜,남,26세,경상
2020082800100425,2020년 8월 28일 17시,금요일,충청북도 진천군 이월면,중상사고,0,1,2,0,차대차 - 기타,안전운전불이행,건조,맑음,단일로 - 기타,승용,남,29세,기타불명,승용,남,22세,경상
2020082800100474,2020년 8월 28일 18시,금요일,충청북도 청주시 상당구 지북동,중상사고,0,1,2,0,차대차 - 측면충돌,신호위반,젖음/습기,비,교차로 - 교차로안,승용,여,29세,상해없음,승용,남,67세,경상
2020082800100517,2020년 8월 28일 19시,금요일,충청북도 청주시 흥덕구 가경동,경상사고,0,0,2,0,차대차 - 기타,안전운전불이행,젖음/습기,비,단일로 - 기타,승용,여,45세,상해없음,승용,남,55세,경상
2020082800100518,2020년 8월 28일 19시,금요일,충청북도 청주시 서원구 산남동,경상사고,0,0,1,0,차대차 - 측면충돌,안전운전불이행,젖음/습기,비,단일로 - 지하차도(도로)내,승용,여,53세,상해없음,승용,남,60세,경상
2020082800100555,2020년 8월 28일 20시,금요일,충청북도 제천시 하소동,중상사고,0,2,0,0,차대사람 - 횡단중,안전운전불이행,젖음/습기,비,교차로 - 교차로안,이륜,남,32세,기타불명,보행자,남,62세,중상
2020082800100556,2020년 8월 28일 20시,금요일,충청북도 청주시 흥덕구 복대동,중상사고,0,1,0,0,차대차 - 기타,안전운전불이행,젖음/습기,비,교차로 - 교차로안,승용,남,30세,상해없음,이륜,남,23세,중상
2020082800100557,2020년 8월 28일 20시,금요일,충청북도 청주시 서원구 성화동,경상사고,0,0,1,0,차대차 - 기타,안전거리미확보,젖음/습기,비,교차로 - 교차로부근,승용,남,71세,상해없음,승용,여,25세,경상
2020082800100594,2020년 8월 28일 21시,금요일,충청북도 청주시 청원구 오창읍,경상사고,0,0,1,0,차대차 - 기타,교차로운행방법위반,젖음/습기,비,교차로 - 교차로안,승용,남,61세,상해없음,이륜,남,26세,경상
2020082800100595,2020년 8월 28일 21시,금요일,충청북도 옥천군 옥천읍,중상사고,0,1,0,0,차대사람 - 횡단중,보행자보호의무위반,젖음/습기,비,교차로 - 교차로횡단보도내,화물,남,64세,상해없음,보행자,여,57세,중상
2020082800100596,2020년 8월 28일 21시,금요일,충청북도 청주시 서원구 수곡동,경상사고,0,0,1,0,차대차 - 추돌,안전운전불이행,젖음/습기,비,교차로 - 교차로부근,승용,남,59세,상해없음,승용,여,24세,경상
2020082900100008,2020년 8월 29일 00시,토요일,충청북도 청주시 상당구 용암동,중상사고,0,1,0,0,차대차 - 측면충돌,신호위반,젖음/습기,비,교차로 - 교차로횡단보도내,승용,남,61세,상해없음,개인형이동수단(PM),남,24세,중상
2020082900100085,2020년 8월 29일 06시,토요일,충청북도 청주시 흥덕구 복대동,경상사고,0,0,4,0,차대차 - 추돌,안전운전불이행,젖음/습기,비,교차로 - 교차로부근,승용,남,53세,상해없음,승용,여,53세,경상
2020082900100101,2020년 8월 29일 07시,토요일,충청북도 옥천군 군서면,중상사고,0,1,0,0,차대차 - 측면충돌,기타,건조,맑음,교차로 - 교차로안,화물,남,60세,상해없음,화물,여,53세,중상
2020082900100114,2020년 8월 29일 08시,토요일,충청북도 청주시 상당구 북문로1가동,경상사고,0,0,1,0,차대차 - 측면충돌,신호위반,건조,맑음,단일로 - 지하차도(도로)내,승용,남,31세,상해없음,자전거,남,71세,경상
2020082900100137,2020년 8월 29일 09시,토요일,충청북도 청주시 흥덕구 지동동,경상사고,0,0,1,0,차대차 - 측면충돌,안전거리미확보,건조,맑음,교차로 - 교차로부근,화물,남,56세,상해없음,승용,남,38세,경상
2020082900100196,2020년 8월 29일 11시,토요일,충청북도 제천시 청전동,중상사고,0,1,0,0,차대차 - 정면충돌,안전운전불이행,건조,맑음,교차로 - 교차로안,승용,여,55세,상해없음,이륜,남,68세,중상
2020082900100197,2020년 8월 29일 11시,토요일,충청북도 청주시 상당구 낭성면,경상사고,0,0,2,0,차대차 - 추돌,안전거리미확보,건조,맑음,단일로 - 기타,승용,남,66세,상해없음,승용,남,57세,경상
2020082900100272,2020년 8월 29일 13시,토요일,충청북도 청주시 서원구 사창동,중상사고,0,1,0,0,차대차 - 기타,안전운전불이행,젖음/습기,흐림,교차로 - 교차로안,이륜,남,32세,중상,승용,남,25세,상해없음
2020082900100273,2020년 8월 29일 13시,토요일,충청북도 청주시 청원구 우암동,경상사고,0,0,2,0,차대차 - 기타,직진우회전진행방해,건조,맑음,교차로 - 교차로안,이륜,남,30세,기타불명,승용,남,25세,경상
2020082900100301,2020년 8월 29일 14시,토요일,충청북도 괴산군 청안면,경상사고,0,0,3,0,차대차 - 측면충돌,직진우회전진행방해,건조,맑음,교차로 - 교차로안,화물,남,64세,상해없음,화물,남,63세,경상
2020082900100302,2020년 8월 29일 14시,토요일,충청북도 괴산군 괴산읍,경상사고,0,0,1,0,차대차 - 측면충돌,신호위반,젖음/습기,비,교차로 - 교차로안,승용,남,77세,상해없음,승용,남,39세,경상
2020082900100303,2020년 8월 29일 14시,토요일,충청북도 청주시 상당구 남문로2가동,사망사고,1,0,0,0,차대차 - 측면충돌,교차로운행방법위반,젖음/습기,맑음,교차로 - 교차로안,승용,남,37세,상해없음,원동기,남,80세,사망
2020082900100396,2020년 8월 29일 17시,토요일,충청북도 청주시 상당구 수동,경상사고,0,0,2,0,차대차 - 기타,직진우회전진행방해,건조,맑음,교차로 - 교차로안,승용,남,30세,경상,승용,남,59세,경상
2020082900100397,2020년 8월 29일 17시,토요일,충청북도 음성군 음성읍,사망사고,1,0,0,0,차량단독 - 공작물충돌,안전운전불이행,젖음/습기,비,단일로 - 기타,화물,남,61세,사망,,,,
2020082900100422,2020년 8월 29일 18시,토요일,충청북도 청주시 청원구 오창읍,경상사고,0,0,1,0,차대차 - 기타,안전운전불이행,젖음/습기,비,단일로 - 기타,승용,여,29세,상해없음,승용,여,45세,경상
2020082900100423,2020년 8월 29일 18시,토요일,충청북도 제천시 청전동,중상사고,0,1,0,0,차량단독 - 기타,안전운전불이행,젖음/습기,비,단일로 - 지하차도(도로)내,승용,남,68세,상해없음,,,,
2020082900100465,2020년 8월 29일 19시,토요일,충청북도 제천시 중앙로1가,경상사고,0,0,1,0,차대차 - 측면충돌,안전거리미확보,젖음/습기,비,단일로 - 지하차도(도로)내,승용,남,29세,상해없음,특수,남,35세,경상
2020082900100493,2020년 8월 29일 20시,토요일,충청북도 청주시 흥덕구 비하동,경상사고,0,0,1,0,차대사람 - 횡단중,보행자보호의무위반,젖음/습기,비,단일로 - 기타,승용,여,54세,상해없음,보행자,여,32세,경상
2020082900100494,2020년 8월 29일 20시,토요일,충청북도 청주시 상당구 영운동,경상사고,0,0,1,0,차대사람 - 기타,안전운전불이행,젖음/습기,비,단일로 - 기타,이륜,남,20세,상해없음,보행자,남,17세,경상
2020082900100529,2020년 8월 29일 21시,토요일,충청북도 충주시 교현동,중상사고,0,1,0,0,차대사람 - 기타,안전운전불이행,젖음/습기,비,교차로 - 교차로안,화물,남,54세,상해없음,보행자,남,52세,중상
2020082900100530,2020년 8월 29일 21시,토요일,충청북도 충주시 연수동,경상사고,0,0,1,0,차대차 - 기타,기타,젖음/습기,비,교차로 - 교차로부근,승용,남,62세,상해없음,원동기,남,47세,경상
2020082900100531,2020년 8월 29일 21시,토요일,충청북도 제천시 중앙로2가,경상사고,0,0,2,0,차대차 - 측면충돌,중앙선침범,젖음/습기,비,단일로 - 기타,승용,남,59세,기타불명,승용,남,24세,경상
2020082900100532,2020년 8월 29일 21시,토요일,충청북도 청주시 서원구 개신동,중상사고,0,1,0,0,차대차 - 측면충돌,신호위반,젖음/습기,비,교차로 - 교차로안,승용,남,32세,상해없음,승용,남,40세,중상
2020082900100569,2020년 8월 29일 23시,토요일,충청북도 음성군 대소면,경상사고,0,0,1,0,차량단독 - 공작물충돌,안전운전불이행,젖음/습기,흐림,단일로 - 기타,승용,남,28세,경상,,,,
2020083000100011,2020년 8월 30일 00시,일요일,충청북도 청주시 청원구 북이면,경상사고,0,0,1,0,차량단독 - 기타,안전운전불이행,젖음/습기,비,단일로 - 기타,승용,여,18세,경상,,,,
2020083000100012,2020년 8월 30일 00시,일요일,충청북도 제천시 모산동,경상사고,0,0,2,0,차대차 - 측면충돌,안전거리미확보,건조,맑음,단일로 - 기타,승용,남,20세,상해없음,승용,남,21세,경상
2020083000100027,2020년 8월 30일 01시,일요일,충청북도 충주시 교현동,경상사고,0,0,3,0,차대차 - 측면충돌,안전운전불이행,건조,맑음,단일로 - 기타,승용,남,27세,상해없음,승용,남,21세,경상
2020083000100096,2020년 8월 30일 09시,일요일,충청북도 제천시 중앙로1가,경상사고,0,0,1,0,차대차 - 추돌,안전거리미확보,건조,맑음,단일로 - 기타,화물,남,41세,상해없음,승용,남,29세,경상
2020083000100097,2020년 8월 30일 09시,일요일,충청북도 보은군 수한면,중상사고,0,1,0,0,차량단독 - 공작물충돌,안전운전불이행,건조,맑음,단일로 - 기타,승용,남,71세,중상,,,,
2020083000100175,2020년 8월 30일 13시,일요일,충청북도 청주시 흥덕구 강내면,경상사고,0,0,1,0,차대차 - 정면충돌,중앙선침범,건조,맑음,단일로 - 기타,승용,남,48세,상해없음,화물,남,42세,경상
2020083000100209,2020년 8월 30일 14시,일요일,충청북도 청주시 상당구 낭성면,경상사고,0,0,2,0,차대차 - 추돌,안전운전불이행,건조,맑음,단일로 - 기타,화물,남,54세,상해없음,승용,남,66세,경상
2020083000100292,2020년 8월 30일 17시,일요일,충청북도 청주시 청원구 율량동,경상사고,0,0,1,0,차대차 - 기타,신호위반,건조,맑음,교차로 - 교차로안,원동기,남,28세,상해없음,승용,남,34세,경상
2020083000100348,2020년 8월 30일 19시,일요일,충청북도 청주시 청원구 사천동,중상사고,0,1,0,0,차대사람 - 차도통행중,안전운전불이행,건조,맑음,교차로 - 교차로안,승용,남,26세,상해없음,보행자,여,57세,중상
2020083000100349,2020년 8월 30일 19시,일요일,충청북도 충주시 대소원면,경상사고,0,0,1,0,차대차 - 정면충돌,중앙선침범,젖음/습기,비,교차로 - 교차로안,화물,남,57세,상해없음,승용,여,51세,경상
2020083000100350,2020년 8월 30일 19시,일요일,충청북도 진천군 광혜원면,경상사고,0,0,1,0,차대차 - 측면충돌,교차로운행방법위반,건조,맑음,교차로 - 교차로안,자전거,남,30세,경상,승용,남,34세,상해없음
2020083000100381,2020년 8월 30일 20시,일요일,충청북도 음성군 맹동면,경상사고,0,0,1,0,차대차 - 후진중충돌,안전운전불이행,건조,맑음,단일로 - 기타,승용,여,52세,상해없음,승용,남,27세,경상
2020083000100433,2020년 8월 30일 23시,일요일,충청북도 충주시 연수동,경상사고,0,0,1,0,차대차 - 추돌,안전운전불이행,건조,맑음,교차로 - 교차로부근,승용,남,62세,상해없음,승용,여,59세,경상
2020083000100434,2020년 8월 30일 23시,일요일,충청북도 음성군 금왕읍,경상사고,0,0,1,0,차대차 - 추돌,안전운전불이행,건조,맑음,단일로 - 지하차도(도로)내,승용,여,50세,상해없음,개인형이동수단(PM),남,26세,경상
2020083000100435,2020년 8월 30일 23시,일요일,충청북도 청주시 서원구 장암동,경상사고,0,0,1,0,차대차 - 추돌,안전운전불이행,젖음/습기,비,단일로 - 지하차도(도로)내,승용,여,29세,상해없음,승용,남,68세,경상
2020083100100083,2020년 8월 31일 08시,월요일,충청북도 충주시 연수동,경상사고,0,0,1,0,차대차 - 기타,안전운전불이행,건조,맑음,교차로 - 교차로부근,자전거,남,15세,경상,승용,남,59세,상해없음
2020083100100123,2020년 8월 31일 09시,월요일,충청북도 청주시 흥덕구 오송읍,경상사고,0,0,1,0,차대차 - 추돌,안전운전불이행,건조,맑음,단일로 - 기타,승용,남,50세,상해없음,승용,남,65세,경상
2020083100100149,2020년 8월 31일 10시,월요일,충청북도 제천시 고암동,중상사고,0,2,0,1,차대차 - 추돌,안전거리미확보,건조,맑음,교차로 - 교차로부근,승합,남,46세,부상신고,승용,여,54세,중상
2020083100100150,2020년 8월 31일 10시,월요일,충청북도 영동군 영동읍,경상사고,0,0,1,0,차대사람 - 횡단중,보행자보호의무위반,건조,맑음,단일로 - 기타,화물,남,46세,상해없음,보행자,여,88세,경상
2020083100100181,2020년 8월 31일 11시,월요일,충청북도 제천시 장락동,경상사고,0,0,2,0,차대차 - 기타,교차로운행방법위반,건조,맑음,교차로 - 교차로부근,승용,남,27세,상해없음,승용,남,68세,상해없음
2020083100100182,2020년 8월 31일 11시,월요일,충청북도 단양군 어상천면,경상사고,0,0,1,0,차대차 - 기타,중앙선침범,건조,맑음,단일로 - 기타,승용,남,23세,상해없음,승용,남,66세,경상
2020083100100209,2020년 8월 31일 12시,월요일,충청북도 충주시 앙성면,경상사고,0,0,1,0,차량단독 - 공작물충돌,안전운전불이행,건조,맑음,교차로 - 교차로안,이륜,여,67세,경상,,,,
2020083100100210,2020년 8월 31일 12시,월요일,충청북도 제천시 의림동,부상신고사고,0,0,0,1,차대차 - 후진중충돌,안전운전불이행,건조,맑음,단일로 - 지하차도(도로)내,승용,남,52세,상해없음,승용,남,64세,부상신고
2020083100100268,2020년 8월 31일 14시,월요일,충청북도 충주시 주덕읍,중상사고,0,1,0,0,차대차 - 추돌,안전운전불이행,건조,맑음,단일로 - 기타,건설기계,남,53세,상해없음,승용,여,59세,중상
2020083100100313,2020년 8월 31일 15시,월요일,충청북도 청주시 서원구 사창동,중상사고,0,1,1,0,차대차 - 기타,안전운전불이행,건조,맑음,단일로 - 기타,승용,남,25세,상해없음,승용,남,39세,경상
2020083100100314,2020년 8월 31일 15시,월요일,충청북도 음성군 금왕읍,중상사고,0,1,0,0,차대차 - 측면충돌,신호위반,건조,맑음,교차로 - 교차로안,승용,남,55세,상해없음,이륜,남,71세,중상
2020083100100351,2020년 8월 31일 16시,월요일,충청북도 충주시 연수동,중상사고,0,1,1,0,차대차 - 기타,직진우회전진행방해,건조,맑음,교차로 - 교차로안,화물,남,39세,상해없음,승용,여,71세,중상
2020083100100386,2020년 8월 31일 17시,월요일,충청북도 청주시 흥덕구 강서동,경상사고,0,0,1,0,차대차 - 추돌,안전운전불이행,건조,맑음,교차로 - 교차로부근,승합,여,44세,상해없음,승용,남,48세,경상
2020083100100425,2020년 8월 31일 18시,월요일,충청북도 괴산군 불정면,경상사고,0,0,2,0,차대차 - 측면충돌,직진우회전진행방해,건조,맑음,교차로 - 교차로안,승용,남,74세,경상,승용,여,47세,경상
2020083100100469,2020년 8월 31일 19시,월요일,충청북도 청주시 청원구 주중동,경상사고,0,0,2,0,차대차 - 측면충돌,안전거리미확보,건조,맑음,단일로 - 기타,승용,여,43세,상해없음,특수,남,25세,경상
2020083100100470,2020년 8월 31일 19시,월요일,충청북도 충주시 중앙탑면,경상사고,0,0,1,0,차대차 - 기타,안전운전불이행,건조,흐림,단일로 - 기타,화물,남,46세,상해없음,승용,남,33세,경상
2020083100100512,2020년 8월 31일 20시,월요일,충청북도 충주시 대소원면,중상사고,0,8,2,0,차대차 - 측면충돌,직진우회전진행방해,건조,맑음,교차로 - 교차로안,승용,남,27세,경상,승합,남,58세,중상
2020083100100513,2020년 8월 31일 20시,월요일,충청북도 청주시 상당구 석교동,경상사고,0,0,1,0,차대차 - 측면충돌,안전운전불이행,건조,흐림,교차로 - 교차로안,승용,남,62세,상해없음,승용,남,19세,상해없음
2020090100100044,2020년 9월 1일 06시,화요일,충청북도 진천군 초평면,경상사고,0,0,1,0,차대차 - 기타,안전운전불이행,건조,맑음,단일로 - 지하차도(도로)내,화물,남,50세,상해없음,승용,남,40세,경상
2020090100100061,2020년 9월 1일 07시,화요일,충청북도 영동군 용산면,경상사고,0,0,1,0,차대차 - 측면충돌,안전운전불이행,건조,맑음,교차로 - 교차로부근,이륜,남,18세,경상,승합,남,60세,상해없음
2020090100100062,2020년 9월 1일 07시,화요일,충청북도 청주시 흥덕구 가경동,경상사고,0,0,1,0,차대차 - 기타,안전운전불이행,건조,맑음,교차로 - 교차로안,승합,남,48세,상해없음,승용,남,48세,경상
2020090100100088,2020년 9월 1일 08시,화요일,충청북도 청주시 청원구 내수읍,경상사고,0,0,1,0,차대차 - 기타,안전운전불이행,건조,맑음,단일로 - 기타,승용,남,31세,상해없음,승용,남,24세,상해없음
2020090100100089,2020년 9월 1일 08시,화요일,충청북도 충주시 호암동,경상사고,0,0,3,0,차대차 - 기타,직진우회전진행방해,건조,맑음,교차로 - 교차로안,승용,남,25세,경상,승용,여,47세,경상
2020090100100090,2020년 9월 1일 08시,화요일,충청북도 옥천군 옥천읍,경상사고,0,0,1,0,차대차 - 측면충돌,직진우회전진행방해,건조,맑음,교차로 - 교차로안,원동기,여,69세,경상,승용,여,44세,상해없음
2020090100100168,2020년 9월 1일 11시,화요일,충청북도 진천군 백곡면,중상사고,0,2,0,0,차대차 - 정면충돌,중앙선침범,건조,맑음,단일로 - 기타,승용,남,36세,상해없음,화물,남,73세,중상
2020090100100169,2020년 9월 1일 11시,화요일,충청북도 보은군 마로면,사망사고,1,0,0,0,차대차 - 추돌,안전운전불이행,건조,맑음,단일로 - 지하차도(도로)내,화물,남,57세,사망,특수,남,61세,상해없음
2020090100100191,2020년 9월 1일 12시,화요일,충청북도 청주시 서원구 사창동,경상사고,0,0,1,0,차대차 - 기타,안전거리미확보,건조,맑음,단일로 - 기타,승용,여,49세,상해없음,승용,남,38세,경상
2020090100100192,2020년 9월 1일 12시,화요일,충청북도 음성군 금왕읍,경상사고,0,0,1,0,차대차 - 측면충돌,교차로운행방법위반,건조,맑음,교차로 - 교차로안,승용,남,59세,상해없음,화물,남,40세,경상
2020090100100193,2020년 9월 1일 12시,화요일,충청북도 단양군 적성면,경상사고,0,0,1,0,차대차 - 측면충돌,안전운전불이행,건조,맑음,교차로 - 교차로안,승용,남,56세,상해없음,화물,남,42세,경상
2020090100100194,2020년 9월 1일 12시,화요일,충청북도 청주시 상당구 영동,경상사고,0,0,1,0,차대차 - 기타,안전운전불이행,건조,맑음,교차로 - 교차로부근,화물,남,59세,상해없음,이륜,남,23세,경상
2020090100100219,2020년 9월 1일 13시,화요일,충청북도 보은군 보은읍,중상사고,0,1,3,0,차대차 - 추돌,안전운전불이행,건조,맑음,단일로 - 기타,화물,남,52세,경상,화물,남,54세,상해없음
2020090100100220,2020년 9월 1일 13시,화요일,충청북도 음성군 원남면,경상사고,0,0,2,0,차대차 - 기타,안전운전불이행,건조,맑음,단일로 - 기타,승용,남,50세,경상,승용,남,43세,상해없음
2020090100100288,2020년 9월 1일 15시,화요일,충청북도 충주시 중앙탑면,중상사고,0,2,0,0,차대사람 - 기타,안전운전불이행,건조,맑음,단일로 - 기타,자전거,남,32세,중상,보행자,여,6세,중상
2020090100100289,2020년 9월 1일 15시,화요일,충청북도 음성군 삼성면,중상사고,0,2,1,0,차대차 - 정면충돌,중앙선침범,건조,맑음,단일로 - 기타,승용,여,33세,경상,화물,남,68세,중상
2020090100100290,2020년 9월 1일 15시,화요일,충청북도 청주시 흥덕구 오송읍,경상사고,0,0,1,0,차대차 - 기타,안전운전불이행,건조,맑음,단일로 - 기타,승용,남,61세,상해없음,화물,남,62세,경상
2020090100100291,2020년 9월 1일 15시,화요일,충청북도 청주시 흥덕구 가경동,경상사고,0,0,2,0,차대차 - 기타,신호위반,건조,맑음,교차로 - 교차로안,승용,여,28세,경상,승용,남,31세,경상
2020090100100292,2020년 9월 1일 15시,화요일,충청북도 청주시 상당구 방서동,경상사고,0,0,4,0,차대차 - 기타,안전운전불이행,건조,맑음,단일로 - 지하차도(도로)내,승용,여,51세,상해없음,승용,남,37세,경상