사고번호,사고일시,요일,시군구,사고내용,사망자수,중상자수,경상자수,부상신고자수,사고유형,법규위반,노면상태,기상상태,도로형태,가해운전자 차종,가해운전자 성별,가해운전자 연령,가해운전자 상해정도,피해운전자 차종,피해운전자 성별,피해운전자 연령,피해운전자 상해정도
2020090100100324,2020년 9월 1일 16시,화요일,충청북도 청주시 청원구 내수읍,사망사고,1,0,0,0,차량단독 - 도로외이탈 - 기타,안전운전불이행,건조,맑음,단일로 - 기타,원동기,남,56세,사망,,,,
2020090100100325,2020년 9월 1일 16시,화요일,충청북도 제천시 강제동,경상사고,0,0,4,0,차대차 - 측면충돌,안전운전불이행,건조,맑음,교차로 - 교차로안,승용,여,50세,경상,승용,남,28세,경상
2020090100100370,2020년 9월 1일 17시,화요일,충청북도 청주시 서원구 현도면,중상사고,0,1,0,0,차대차 - 기타,교차로운행방법위반,건조,맑음,교차로 - 교차로안,화물,남,31세,상해없음,이륜,남,59세,중상
2020090100100412,2020년 9월 1일 18시,화요일,충청북도 청주시 청원구 율량동,경상사고,0,0,1,0,차대차 - 기타,안전거리미확보,건조,맑음,단일로 - 기타,승용,여,77세,상해없음,승용,여,49세,경상
2020090100100413,2020년 9월 1일 18시,화요일,충청북도 제천시 청전동,경상사고,0,0,1,0,차대차 - 측면충돌,신호위반,건조,맑음,교차로 - 교차로안,화물,남,56세,상해없음,화물,여,54세,경상
2020090100100443,2020년 9월 1일 19시,화요일,충청북도 제천시 중앙로2가,경상사고,0,0,1,0,차대사람 - 횡단중,보행자보호의무위반,건조,맑음,교차로 - 교차로횡단보도내,승용,여,56세,상해없음,보행자,여,20세,경상
2020090100100444,2020년 9월 1일 19시,화요일,충청북도 단양군 매포읍,경상사고,0,0,2,0,차대차 - 기타,신호위반,젖음/습기,비,교차로 - 교차로부근,승용,남,27세,상해없음,화물,남,49세,경상
2020090100100510,2020년 9월 1일 21시,화요일,충청북도 청주시 흥덕구 강서동,경상사고,0,0,1,0,차대차 - 기타,신호위반,젖음/습기,흐림,교차로 - 교차로안,승용,남,39세,상해없음,승용,남,27세,경상
2020090100100530,2020년 9월 1일 22시,화요일,충청북도 충주시 성내동,경상사고,0,0,1,0,차대차 - 기타,신호위반,건조,맑음,단일로 - 기타,승용,남,19세,상해없음,승용,남,42세,경상
2020090100100531,2020년 9월 1일 22시,화요일,충청북도 청주시 흥덕구 가경동,경상사고,0,0,1,0,차대차 - 기타,안전운전불이행,젖음/습기,흐림,교차로 - 교차로부근,이륜,남,40세,경상,승용,남,65세,상해없음
2020090100100547,2020년 9월 1일 23시,화요일,충청북도 충주시 칠금동,경상사고,0,0,1,0,차대차 - 측면충돌,신호위반,건조,맑음,교차로 - 교차로안,승용,남,22세,상해없음,이륜,남,41세,경상
2020090200100002,2020년 9월 2일 00시,수요일,충청북도 음성군 맹동면,경상사고,0,0,1,0,차대차 - 추돌,안전운전불이행,젖음/습기,흐림,교차로 - 교차로부근,승용,여,43세,상해없음,승용,여,40세,경상
2020090200100003,2020년 9월 2일 00시,수요일,충청북도 청주시 흥덕구 가경동,경상사고,0,0,2,0,차대차 - 기타,신호위반,건조,맑음,교차로 - 교차로안,화물,남,41세,상해없음,승용,남,32세,경상
2020090200100021,2020년 9월 2일 02시,수요일,충청북도 청주시 서원구 현도면,경상사고,0,0,1,0,차대차 - 후진중충돌,안전운전불이행,건조,맑음,교차로 - 교차로부근,승용,남,23세,상해없음,승용,남,25세,경상
2020090200100043,2020년 9월 2일 06시,수요일,충청북도 충주시 주덕읍,사망사고,1,0,0,0,차대사람 - 횡단중,안전운전불이행,건조,흐림,교차로 - 교차로횡단보도내,승용,남,24세,상해없음,보행자,남,88세,사망
2020090200100085,2020년 9월 2일 08시,수요일,충청북도 진천군 이월면,사망사고,1,0,0,0,차량단독 - 공작물충돌,안전운전불이행,젖음/습기,흐림,단일로 - 기타,승용,남,83세,사망,,,,
2020090200100137,2020년 9월 2일 10시,수요일,충청북도 충주시 주덕읍,경상사고,0,0,1,1,차대차 - 기타,직진우회전진행방해,젖음/습기,비,교차로 - 교차로안,건설기계,남,52세,부상신고,화물,남,22세,경상
2020090200100138,2020년 9월 2일 10시,수요일,충청북도 청주시 흥덕구 봉명동,경상사고,0,0,2,0,차대차 - 추돌,안전운전불이행,젖음/습기,비,단일로 - 기타,승용,남,28세,상해없음,승용,남,65세,경상
2020090200100174,2020년 9월 2일 12시,수요일,충청북도 충주시 연수동,경상사고,0,0,3,0,차대차 - 추돌,안전운전불이행,건조,맑음,단일로 - 기타,승용,남,52세,상해없음,승용,남,49세,경상
2020090200100196,2020년 9월 2일 13시,수요일,충청북도 청주시 서원구 사창동,중상사고,0,2,0,0,차대차 - 측면충돌,신호위반,건조,맑음,교차로 - 교차로안,승용,남,56세,상해없음,승용,남,46세,중상
2020090200100197,2020년 9월 2일 13시,수요일,충청북도 진천군 진천읍,경상사고,0,0,1,0,차대차 - 측면충돌,직진우회전진행방해,젖음/습기,흐림,교차로 - 교차로안,승용,남,50세,상해없음,화물,남,63세,경상
2020090200100224,2020년 9월 2일 14시,수요일,충청북도 제천시 장락동,중상사고,0,1,1,0,차대차 - 측면충돌,직진우회전진행방해,젖음/습기,흐림,교차로 - 교차로안,이륜,남,37세,경상,승용,남,35세,중상
2020090200100250,2020년 9월 2일 15시,수요일,충청북도 청주시 흥덕구 봉명동,경상사고,0,0,1,0,차대차 - 기타,중앙선침범,건조,맑음,단일로 - 기타,화물,여,57세,상해없음,승용,남,51세,경상
2020090200100281,2020년 9월 2일 16시,수요일,충청북도 청주시 서원구 모충동,경상사고,0,0,2,0,차대차 - 측면충돌,교차로운행방법위반,건조,맑음,교차로 - 교차로안,승용,남,53세,경상,승용,남,57세,경상
2020090200100388,2020년 9월 2일 19시,수요일,충청북도 청주시 청원구 우암동,경상사고,0,0,2,0,차대차 - 측면충돌,안전운전불이행,젖음/습기,비,교차로 - 교차로안,승용,남,77세,경상,승용,여,50세,경상
2020090200100389,2020년 9월 2일 19시,수요일,충청북도 청주시 흥덕구 신봉동,경상사고,0,0,1,0,차대차 - 기타,안전운전불이행,젖음/습기,비,교차로 - 교차로부근,화물,남,66세,상해없음,승용,여,34세,경상
2020090200100448,2020년 9월 2일 20시,수요일,충청북도 충주시 교현동,중상사고,0,1,0,0,차대사람 - 횡단중,안전운전불이행,건조,맑음,단일로 - 기타,승용,남,40세,상해없음,보행자,여,73세,중상
2020090200100449,2020년 9월 2일 20시,수요일,충청북도 청주시 서원구 분평동,경상사고,0,0,1,0,차대차 - 측면충돌,안전운전불이행,젖음/습기,비,교차로 - 교차로안,승용,남,56세,상해없음,이륜,남,33세,경상
2020090200100450,2020년 9월 2일 20시,수요일,충청북도 청주시 상당구 용암동,경상사고,0,0,1,0,차대차 - 기타,안전운전불이행,젖음/습기,비,교차로 - 교차로안,승용,여,27세,상해없음,원동기,남,38세,경상
2020090200100487,2020년 9월 2일 21시,수요일,충청북도 청주시 상당구 용암동,중상사고,0,1,0,0,차대차 - 측면충돌,신호위반,건조,맑음,교차로 - 교차로안,승용,남,43세,상해없음,이륜,남,53세,중상
2020090200100541,2020년 9월 2일 23시,수요일,충청북도 청주시 청원구 오창읍,경상사고,0,0,1,0,차대차 - 측면충돌,직진우회전진행방해,건조,맑음,교차로 - 교차로안,승용,남,23세,상해없음,승용,남,53세,경상
2020090200100542,2020년 9월 2일 23시,수요일,충청북도 단양군 매포읍,경상사고,0,0,1,0,차대차 - 기타,안전운전불이행,젖음/습기,비,교차로 - 교차로안,승용,남,50세,상해없음,승용,남,47세,경상
2020090200100543,2020년 9월 2일 23시,수요일,충청북도 청주시 흥덕구 복대동,경상사고,0,0,1,0,차대차 - 추돌,안전운전불이행,건조,맑음,교차로 - 교차로안,승용,남,31세,상해없음,승용,여,32세,경상
2020090300100017,2020년 9월 3일 01시,목요일,충청북도 음성군 삼성면,중상사고,0,1,0,0,차량단독 - 공작물충돌,안전운전불이행,젖음/습기,비,단일로 - 기타,승용,남,53세,중상,,,,
2020090300100029,2020년 9월 3일 02시,목요일,충청북도 청주시 서원구 장암동,사망사고,1,0,0,0,차량단독 - 공작물충돌,안전운전불이행,젖음/습기,비,단일로 - 기타,승용,여,44세,사망,,,,
2020090300100059,2020년 9월 3일 06시,목요일,충청북도 청주시 상당구 용암동,경상사고,0,0,2,0,차대차 - 측면충돌,안전운전불이행,젖음/습기,비,교차로 - 교차로안,화물,남,65세,경상,화물,남,28세,경상
2020090300100067,2020년 9월 3일 07시,목요일,충청북도 음성군 대소면,경상사고,0,0,1,0,차대차 - 추돌,안전운전불이행,건조,맑음,단일로 - 기타,승용,여,51세,상해없음,승용,남,35세,경상
2020090300100068,2020년 9월 3일 07시,목요일,충청북도 청주시 상당구 용암동,경상사고,0,0,2,0,차대차 - 측면충돌,신호위반,젖음/습기,흐림,교차로 - 교차로안,승용,남,57세,상해없음,승용,남,65세,경상
2020090300100124,2020년 9월 3일 09시,목요일,충청북도 청주시 상당구 북문로3가동,경상사고,0,0,4,0,차대차 - 추돌,안전운전불이행,젖음/습기,흐림,교차로 - 교차로부근,승합,남,58세,상해없음,승용,남,58세,경상
2020090300100125,2020년 9월 3일 09시,목요일,충청북도 청주시 청원구 오창읍,경상사고,0,0,2,0,차대차 - 기타,교차로운행방법위반,건조,맑음,교차로 - 교차로안,승용,남,43세,상해없음,승용,여,40세,경상
2020090300100126,2020년 9월 3일 09시,목요일,충청북도 단양군 매포읍,경상사고,0,0,3,0,차대차 - 정면충돌,안전운전불이행,건조,맑음,기타 - 기타,승용,여,47세,경상,승용,남,22세,상해없음
2020090300100146,2020년 9월 3일 10시,목요일,충청북도 음성군 맹동면,중상사고,0,1,2,0,차대차 - 추돌,안전운전불이행,건조,흐림,단일로 - 기타,승용,여,39세,경상,승용,여,38세,중상
2020090300100165,2020년 9월 3일 11시,목요일,충청북도 청주시 흥덕구 복대동,경상사고,0,0,1,0,차대차 - 기타,신호위반,건조,맑음,교차로 - 교차로안,승합,남,43세,상해없음,화물,남,64세,상해없음
2020090300100188,2020년 9월 3일 12시,목요일,충청북도 음성군 대소면,경상사고,0,0,1,0,차대차 - 측면충돌,교차로운행방법위반,건조,맑음,교차로 - 교차로안,화물,남,77세,경상,화물,남,41세,상해없음
2020090300100189,2020년 9월 3일 12시,목요일,충청북도 옥천군 옥천읍,경상사고,0,0,1,0,차량단독 - 전도전복 - 전도,안전운전불이행,건조,맑음,교차로 - 교차로부근,원동기,남,50세,경상,,,,
2020090300100190,2020년 9월 3일 12시,목요일,충청북도 청주시 서원구 장암동,중상사고,0,1,1,0,차대차 - 기타,안전운전불이행,건조,맑음,단일로 - 기타,이륜,남,33세,중상,승용,남,68세,경상
2020090300100217,2020년 9월 3일 13시,목요일,충청북도 청주시 청원구 오창읍,중상사고,0,1,1,0,차대차 - 기타,교차로운행방법위반,건조,맑음,교차로 - 교차로안,화물,남,69세,중상,승용,여,43세,경상
2020090300100219,2020년 9월 3일 13시,목요일,충청북도 청주시 서원구 현도면,경상사고,0,0,2,0,차대차 - 추돌,안전운전불이행,젖음/습기,비,단일로 - 기타,승용,남,55세,상해없음,화물,남,63세,상해없음
2020090300100248,2020년 9월 3일 14시,목요일,충청북도 충주시 중앙탑면,경상사고,0,0,1,0,차대차 - 추돌,안전운전불이행,건조,맑음,단일로 - 기타,화물,남,40세,상해없음,화물,남,52세,경상
2020090300100283,2020년 9월 3일 15시,목요일,충청북도 청주시 청원구 내수읍,경상사고,0,0,3,0,차대차 - 측면충돌,교차로운행방법위반,건조,맑음,교차로 - 교차로안,승용,남,65세,경상,승용,여,63세,경상
2020090300100284,2020년 9월 3일 15시,목요일,충청북도 제천시 하소동,경상사고,0,0,1,0,차대차 - 측면충돌,차로위반,건조,맑음,교차로 - 교차로안,승용,남,72세,상해없음,승용,여,65세,경상
2020090300100337,2020년 9월 3일 17시,목요일,충청북도 청주시 청원구 내덕동,경상사고,0,0,1,0,차대사람 - 차도통행중,안전운전불이행,건조,맑음,교차로 - 교차로부근,승용,남,64세,상해없음,보행자,남,8세,경상
2020090300100338,2020년 9월 3일 17시,목요일,충청북도 청주시 청원구 율량동,경상사고,0,0,2,0,차대차 - 기타,안전운전불이행,건조,맑음,교차로 - 교차로안,화물,남,28세,기타불명,승용,남,28세,경상
2020090300100339,2020년 9월 3일 17시,목요일,충청북도 충주시 호암동,중상사고,0,1,0,0,차대차 - 기타,교차로운행방법위반,건조,맑음,교차로 - 교차로안,승용,남,29세,상해없음,승용,여,48세,중상
2020090300100340,2020년 9월 3일 17시,목요일,충청북도 제천시 영천동,경상사고,0,0,2,0,차대차 - 측면충돌,안전운전불이행,건조,맑음,주차장 - 주차장,승용,여,46세,상해없음,승용,남,29세,경상
2020090300100341,2020년 9월 3일 17시,목요일,충청북도 제천시 청전동,경상사고,0,0,2,0,차대차 - 기타,중앙선침범,건조,맑음,교차로 - 교차로부근,승용,남,51세,상해없음,승합,남,60세,경상
2020090300100342,2020년 9월 3일 17시,목요일,충청북도 제천시 강제동,경상사고,0,0,1,0,차대차 - 측면충돌,안전운전불이행,건조,맑음,교차로 - 교차로안,승용,남,62세,상해없음,화물,남,47세,경상
2020090300100343,2020년 9월 3일 17시,목요일,충청북도 청주시 흥덕구 복대동,부상신고사고,0,0,0,1,차대차 - 기타,안전운전불이행,건조,맑음,교차로 - 교차로안,이륜,남,22세,부상신고,승용,여,32세,상해없음
2020090300100375,2020년 9월 3일 18시,목요일,충청북도 충주시 문화동,경상사고,0,0,1,0,차대차 - 기타,안전거리미확보,건조,맑음,단일로 - 기타,이륜,남,80세,상해없음,승용,여,29세,경상
2020090300100376,2020년 9월 3일 18시,목요일,충청북도 청주시 상당구 문화동,경상사고,0,0,2,0,차대차 - 측면충돌,안전운전불이행,건조,흐림,교차로 - 교차로안,승용,여,30세,경상,승용,남,29세,경상
2020090300100377,2020년 9월 3일 18시,목요일,충청북도 청주시 상당구 용암동,경상사고,0,0,1,0,차대차 - 측면충돌,안전운전불이행,건조,맑음,단일로 - 지하차도(도로)내,이륜,여,38세,경상,승용,남,37세,상해없음
2020090300100422,2020년 9월 3일 19시,목요일,충청북도 청주시 서원구 사직동,경상사고,0,0,4,0,차대차 - 추돌,안전거리미확보,건조,맑음,교차로 - 교차로부근,승용,남,26세,상해없음,승용,남,27세,경상
2020090300100493,2020년 9월 3일 21시,목요일,충청북도 청주시 청원구 율량동,중상사고,0,1,0,0,차대차 - 기타,안전운전불이행,건조,맑음,교차로 - 교차로안,원동기,남,54세,중상,승용,남,49세,상해없음
2020090300100531,2020년 9월 3일 23시,목요일,충청북도 제천시 신월동,중상사고,0,1,0,0,차대차 - 정면충돌,안전거리미확보,젖음/습기,비,교차로 - 교차로안,승용,남,31세,상해없음,승용,여,59세,중상
2020090400100012,2020년 9월 4일 01시,금요일,충청북도 제천시 백운면,중상사고,0,1,0,0,차대차 - 추돌,안전운전불이행,건조,맑음,단일로 - 교량,농기계,남,79세,중상,승용,남,23세,상해없음
2020090400100013,2020년 9월 4일 01시,금요일,충청북도 청주시 흥덕구 봉명동,경상사고,0,0,1,0,차대차 - 기타,안전운전불이행,건조,맑음,교차로 - 교차로부근,승용,남,48세,상해없음,승용,남,49세,경상
2020090400100034,2020년 9월 4일 05시,금요일,충청북도 청주시 서원구 남이면,중상사고,0,1,0,0,차대차 - 추돌,안전운전불이행,건조,맑음,단일로 - 기타,승용,남,28세,상해없음,농기계,남,59세,중상
2020090400100058,2020년 9월 4일 07시,금요일,충청북도 영동군 황간면,중상사고,0,1,0,0,차량단독 - 기타,안전운전불이행,건조,맑음,단일로 - 기타,이륜,남,53세,중상,,,,
2020090400100088,2020년 9월 4일 08시,금요일,충청북도 청주시 서원구 수곡동,경상사고,0,0,1,0,차대차 - 측면충돌,안전운전불이행,건조,맑음,교차로 - 교차로부근,승용,여,70세,상해없음,승용,남,27세,경상
2020090400100122,2020년 9월 4일 09시,금요일,충청북도 제천시 화산동,중상사고,0,1,0,0,차대사람 - 보도통행중,기타,건조,맑음,단일로 - 기타,화물,남,45세,기타불명,보행자,남,85세,중상
2020090400100155,2020년 9월 4일 10시,금요일,충청북도 음성군 맹동면,중상사고,0,1,0,0,차대차 - 측면충돌,기타,건조,맑음,단일로 - 기타,승용,남,29세,상해없음,이륜,남,18세,중상
2020090400100156,2020년 9월 4일 10시,금요일,충청북도 단양군 매포읍,중상사고,0,1,0,0,차대사람 - 횡단중,안전운전불이행,건조,맑음,단일로 - 기타,화물,남,67세,상해없음,보행자,여,96세,중상
2020090400100194,2020년 9월 4일 11시,금요일,충청북도 충주시 연수동,경상사고,0,0,3,0,차대차 - 기타,차로위반,건조,맑음,교차로 - 교차로부근,승용,남,37세,경상,화물,남,55세,경상
2020090400100195,2020년 9월 4일 11시,금요일,충청북도 제천시 송학면,사망사고,1,0,0,1,차대차 - 측면충돌,기타,건조,맑음,단일로 - 기타,화물,남,56세,상해없음,승용,남,31세,사망
2020090400100225,2020년 9월 4일 12시,금요일,충청북도 보은군 회인면,중상사고,0,1,2,0,차대차 - 정면충돌,중앙선침범,건조,맑음,단일로 - 기타,이륜,남,46세,중상,화물,남,85세,경상
2020090400100226,2020년 9월 4일 12시,금요일,충청북도 청주시 서원구 산남동,경상사고,0,0,2,0,차대차 - 후진중충돌,안전운전불이행,건조,맑음,단일로 - 기타,승용,여,62세,상해없음,승용,남,26세,경상
2020090400100257,2020년 9월 4일 13시,금요일,충청북도 충주시 칠금동,경상사고,0,0,2,0,차대차 - 추돌,안전운전불이행,건조,맑음,교차로 - 교차로부근,승용,남,68세,상해없음,승용,남,41세,경상
2020090400100288,2020년 9월 4일 14시,금요일,충청북도 청주시 청원구 우암동,경상사고,0,0,2,0,차대차 - 측면충돌,직진우회전진행방해,건조,맑음,교차로 - 교차로안,이륜,남,19세,경상,승용,남,30세,경상
2020090400100289,2020년 9월 4일 14시,금요일,충청북도 제천시 남천동,중상사고,0,1,0,0,차대차 - 측면충돌,안전운전불이행,건조,맑음,기타 - 기타,화물,남,54세,상해없음,승용,여,55세,중상
2020090400100323,2020년 9월 4일 15시,금요일,충청북도 음성군 금왕읍,경상사고,0,0,1,0,차대차 - 측면충돌,교차로운행방법위반,건조,맑음,교차로 - 교차로부근,자전거,남,14세,경상,화물,남,68세,상해없음
2020090400100363,2020년 9월 4일 16시,금요일,충청북도 청주시 흥덕구 봉명동,경상사고,0,0,1,0,차대차 - 추돌,안전거리미확보,건조,맑음,단일로 - 기타,화물,남,39세,상해없음,이륜,남,59세,경상
2020090400100411,2020년 9월 4일 17시,금요일,충청북도 청주시 흥덕구 송정동,경상사고,0,0,1,0,차대차 - 추돌,안전거리미확보,건조,맑음,교차로 - 교차로부근,승용,남,51세,상해없음,승용,여,31세,경상
2020090400100412,2020년 9월 4일 17시,금요일,충청북도 청주시 상당구 탑동,중상사고,0,1,0,0,차대사람 - 길가장자리구역통행중,안전운전불이행,건조,맑음,단일로 - 기타,화물,남,63세,상해없음,보행자,남,83세,중상
2020090400100459,2020년 9월 4일 18시,금요일,충청북도 영동군 심천면,부상신고사고,0,0,0,1,차대차 - 측면충돌,안전운전불이행,건조,맑음,교차로 - 교차로안,화물,남,67세,부상신고,특수,남,64세,상해없음
2020090400100510,2020년 9월 4일 19시,금요일,충청북도 청주시 청원구 내수읍,경상사고,0,0,1,0,차대차 - 기타,안전운전불이행,건조,맑음,단일로 - 기타,화물,남,63세,상해없음,승용,여,31세,경상
2020090400100511,2020년 9월 4일 19시,금요일,충청북도 청주시 상당구 용암동,중상사고,0,1,0,0,차대사람 - 횡단중,안전운전불이행,건조,맑음,교차로 - 교차로안,승용,남,59세,상해없음,보행자,남,16세,중상
2020090400100575,2020년 9월 4일 21시,금요일,충청북도 청주시 청원구 내덕동,중상사고,0,1,0,0,차대차 - 기타,안전운전불이행,건조,맑음,교차로 - 교차로부근,승용,남,39세,상해없음,이륜,남,33세,중상
2020090400100576,2020년 9월 4일 21시,금요일,충청북도 증평군 증평읍,경상사고,0,0,1,0,차대차 - 정면충돌,신호위반,건조,맑음,교차로 - 교차로안,특수,남,44세,상해없음,승용,남,27세,경상
2020090400100601,2020년 9월 4일 22시,금요일,충청북도 충주시 봉방동,경상사고,0,0,3,0,차대차 - 추돌,안전운전불이행,건조,맑음,교차로 - 교차로부근,승용,남,46세,상해없음,승용,남,43세,경상
2020090400100617,2020년 9월 4일 23시,금요일,충청북도 제천시 장락동,경상사고,0,0,1,0,차량단독 - 공작물충돌,안전운전불이행,건조,맑음,교차로 - 교차로안,화물,남,36세,경상,,,,
2020090500100013,2020년 9월 5일 00시,토요일,충청북도 증평군 증평읍,경상사고,0,0,1,0,차대차 - 기타,신호위반,건조,맑음,교차로 - 교차로안,이륜,남,19세,경상,화물,남,64세,상해없음
2020090500100014,2020년 9월 5일 00시,토요일,충청북도 청주시 청원구 오창읍,중상사고,0,1,1,0,차대차 - 추돌,안전운전불이행,건조,맑음,단일로 - 기타,승용,남,44세,중상,화물,남,66세,경상
2020090500100036,2020년 9월 5일 03시,토요일,충청북도 청주시 흥덕구 정봉동,부상신고사고,0,0,0,1,차량단독 - 공작물충돌,안전운전불이행,건조,맑음,단일로 - 기타,승용,남,29세,부상신고,,,,
2020090500100079,2020년 9월 5일 08시,토요일,충청북도 제천시 왕암동,경상사고,0,0,4,0,차대차 - 측면충돌,안전거리미확보,건조,맑음,교차로 - 교차로부근,승용,남,74세,경상,승용,여,25세,경상
2020090500100092,2020년 9월 5일 09시,토요일,충청북도 청주시 흥덕구 지동동,부상신고사고,0,0,0,1,차대차 - 기타,교차로운행방법위반,건조,맑음,교차로 - 교차로부근,농기계,남,32세,상해없음,승용,남,78세,상해없음
2020090500100144,2020년 9월 5일 11시,토요일,충청북도 제천시 영천동,중상사고,0,1,2,0,차대차 - 추돌,안전운전불이행,건조,맑음,단일로 - 지하차도(도로)내,승용,남,19세,상해없음,승용,여,37세,경상
2020090500100145,2020년 9월 5일 11시,토요일,충청북도 옥천군 옥천읍,사망사고,1,0,1,0,차대차 - 추돌,안전운전불이행,건조,맑음,교차로 - 교차로부근,화물,여,59세,사망,승용,남,61세,상해없음
2020090500100146,2020년 9월 5일 11시,토요일,충청북도 청주시 흥덕구 봉명동,중상사고,0,1,1,0,차대차 - 기타,안전운전불이행,건조,맑음,교차로 - 교차로안,이륜,남,83세,중상,이륜,남,24세,경상
2020090500100183,2020년 9월 5일 12시,토요일,충청북도 진천군 진천읍,경상사고,0,0,1,0,차대사람 - 기타,안전운전불이행,건조,맑음,단일로 - 기타,승용,남,69세,상해없음,보행자,남,68세,경상
2020090500100219,2020년 9월 5일 13시,토요일,충청북도 청주시 서원구 개신동,중상사고,0,1,0,0,차대사람 - 기타,안전운전불이행,건조,맑음,단일로 - 기타,자전거,여,72세,기타불명,보행자,여,78세,중상
2020090500100220,2020년 9월 5일 13시,토요일,충청북도 충주시 교현동,경상사고,0,0,2,0,차대차 - 측면충돌,신호위반,건조,맑음,교차로 - 교차로안,이륜,남,38세,경상,승용,남,80세,경상
2020090500100221,2020년 9월 5일 13시,토요일,충청북도 청주시 흥덕구 가경동,경상사고,0,0,1,0,차대차 - 기타,안전거리미확보,건조,맑음,단일로 - 기타,승용,여,29세,상해없음,승용,여,60세,경상
2020090500100222,2020년 9월 5일 13시,토요일,충청북도 청주시 서원구 사직동,경상사고,0,0,1,0,차대차 - 기타,안전운전불이행,건조,맑음,단일로 - 지하차도(도로)내,승용,여,68세,상해없음,승용,남,38세,경상
2020090500100223,2020년 9월 5일 13시,토요일,충청북도 괴산군 장연면,경상사고,0,0,2,0,차대차 - 기타,기타,건조,맑음,단일로 - 지하차도(도로)내,승용,남,49세,상해없음,승용,여,54세,경상
2020090500100300,2020년 9월 5일 15시,토요일,충청북도 충주시 충의동,경상사고,0,0,1,0,차대사람 - 기타,안전운전불이행,건조,맑음,기타 - 기타,승용,여,57세,상해없음,보행자,남,51세,경상
2020090500100301,2020년 9월 5일 15시,토요일,충청북도 제천시 신월동,경상사고,0,0,2,0,차대차 - 측면충돌,직진우회전진행방해,건조,맑음,교차로 - 교차로안,승용,남,40세,경상,화물,남,63세,경상
2020090500100302,2020년 9월 5일 15시,토요일,충청북도 제천시 송학면,경상사고,0,0,1,0,차대차 - 후진중충돌,안전운전불이행,건조,맑음,단일로 - 기타,화물,남,76세,상해없음,화물,여,67세,경상
2020090500100339,2020년 9월 5일 16시,토요일,충청북도 진천군 진천읍,경상사고,0,0,1,0,차대차 - 추돌,안전운전불이행,건조,맑음,단일로 - 기타,승용,남,61세,상해없음,승용,남,26세,경상
2020090500100372,2020년 9월 5일 17시,토요일,충청북도 음성군 금왕읍,경상사고,0,0,3,0,차대차 - 추돌,안전거리미확보,건조,맑음,교차로 - 교차로부근,승용,남,63세,상해없음,화물,남,37세,경상
2020090500100407,2020년 9월 5일 18시,토요일,충청북도 청주시 청원구 율량동,경상사고,0,0,1,0,차대차 - 기타,안전운전불이행,건조,맑음,교차로 - 교차로안,승용,남,58세,상해없음,자전거,여,13세,경상
2020090500100444,2020년 9월 5일 19시,토요일,충청북도 제천시 장락동,경상사고,0,0,1,0,차대차 - 측면충돌,안전운전불이행,건조,맑음,단일로 - 기타,승용,여,46세,상해없음,이륜,남,36세,경상
2020090500100481,2020년 9월 5일 20시,토요일,충청북도 음성군 금왕읍,경상사고,0,0,2,0,차대차 - 측면충돌,교차로운행방법위반,건조,맑음,교차로 - 교차로안,승용,남,23세,경상,승용,남,48세,경상
2020090500100514,2020년 9월 5일 21시,토요일,충청북도 청주시 상당구 용암동,중상사고,0,1,0,0,차대차 - 측면충돌,신호위반,건조,맑음,교차로 - 교차로안,승용,남,47세,상해없음,이륜,남,20세,중상
2020090500100558,2020년 9월 5일 23시,토요일,충청북도 청주시 흥덕구 송절동,경상사고,0,0,3,0,차대차 - 기타,안전운전불이행,건조,맑음,단일로 - 기타,승용,남,37세,상해없음,승용,남,33세,경상
2020090600100030,2020년 9월 6일 02시,일요일,충청북도 진천군 진천읍,경상사고,0,0,1,0,차대차 - 기타,안전운전불이행,건조,맑음,교차로 - 교차로부근,승용,여,35세,기타불명,승용,남,36세,경상
2020090600100043,2020년 9월 6일 04시,일요일,충청북도 청주시 서원구 성화동,중상사고,0,1,1,0,차량단독 - 기타,안전운전불이행,젖음/습기,비,단일로 - 기타,이륜,남,18세,중상,,,,
2020090600100061,2020년 9월 6일 07시,일요일,충청북도 청주시 청원구 율량동,경상사고,0,0,1,0,차대차 - 추돌,안전운전불이행,건조,맑음,교차로 - 교차로부근,승용,남,53세,상해없음,승용,남,26세,경상
2020090600100076,2020년 9월 6일 09시,일요일,충청북도 제천시 고명동,중상사고,0,1,0,0,차량단독 - 전도전복 - 전도,안전운전불이행,건조,맑음,단일로 - 지하차도(도로)내,이륜,남,34세,중상,,,,
2020090600100103,2020년 9월 6일 11시,일요일,충청북도 청주시 청원구 율량동,경상사고,0,0,1,0,차대차 - 기타,신호위반,건조,맑음,교차로 - 교차로부근,승용,남,58세,상해없음,승용,남,34세,경상
2020090600100104,2020년 9월 6일 11시,일요일,충청북도 괴산군 괴산읍,경상사고,0,0,4,0,차대차 - 측면충돌,안전운전불이행,건조,맑음,교차로 - 교차로안,승합,남,53세,상해없음,승용,남,31세,경상
2020090600100120,2020년 9월 6일 12시,일요일,충청북도 진천군 진천읍,중상사고,0,1,0,0,차대차 - 정면충돌,교차로운행방법위반,건조,맑음,교차로 - 교차로안,승용,남,22세,상해없음,이륜,남,38세,중상
2020090600100170,2020년 9월 6일 14시,일요일,충청북도 청주시 흥덕구 오송읍,경상사고,0,0,1,0,차대차 - 기타,안전운전불이행,건조,맑음,교차로 - 교차로안,화물,남,47세,상해없음,승용,남,26세,경상
2020090600100200,2020년 9월 6일 15시,일요일,충청북도 보은군 속리산면,중상사고,0,1,0,0,차대차 - 측면충돌,안전운전불이행,젖음/습기,비,교차로 - 교차로부근,이륜,남,64세,중상,승용,남,65세,상해없음