사고번호,사고일시,요일,시군구,사고내용,사망자수,중상자수,경상자수,부상신고자수,사고유형,법규위반,노면상태,기상상태,도로형태,가해운전자 차종,가해운전자 성별,가해운전자 연령,가해운전자 상해정도,피해운전자 차종,피해운전자 성별,피해운전자 연령,피해운전자 상해정도
2020090600100201,2020년 9월 6일 15시,일요일,충청북도 청주시 상당구 용암동,경상사고,0,0,2,0,차대차 - 측면충돌,안전운전불이행,젖음/습기,비,단일로 - 지하차도(도로)내,승용,여,69세,상해없음,승용,여,40세,경상
2020090600100220,2020년 9월 6일 16시,일요일,충청북도 청주시 청원구 내덕동,경상사고,0,0,1,0,차대차 - 정면충돌,안전운전불이행,젖음/습기,비,교차로 - 교차로안,자전거,여,49세,경상,승용,남,24세,상해없음
2020090600100221,2020년 9월 6일 16시,일요일,충청북도 보은군 탄부면,중상사고,0,1,2,0,차대차 - 후진중충돌,중앙선침범,젖음/습기,맑음,단일로 - 기타,화물,남,64세,경상,화물,남,55세,중상
2020090600100244,2020년 9월 6일 17시,일요일,충청북도 청주시 상당구 용암동,중상사고,0,1,0,0,차대차 - 측면충돌,안전운전불이행,젖음/습기,흐림,교차로 - 교차로안,승용,여,59세,상해없음,원동기,남,37세,중상
2020090600100267,2020년 9월 6일 18시,일요일,충청북도 진천군 덕산읍,경상사고,0,0,1,0,차대사람 - 횡단중,신호위반,젖음/습기,비,교차로 - 교차로안,승용,남,36세,상해없음,보행자,남,32세,경상
2020090600100268,2020년 9월 6일 18시,일요일,충청북도 청주시 상당구 가덕면,경상사고,0,0,1,0,차대차 - 측면충돌,교차로운행방법위반,젖음/습기,비,교차로 - 교차로안,화물,남,63세,상해없음,승용,여,33세,상해없음
2020090600100300,2020년 9월 6일 19시,일요일,충청북도 청주시 서원구 남이면,중상사고,0,2,0,0,차대차 - 측면충돌,안전거리미확보,젖음/습기,비,기타 - 기타,승합,남,51세,상해없음,승용,여,52세,중상
2020090600100339,2020년 9월 6일 20시,일요일,충청북도 충주시 연수동,중상사고,0,1,0,0,차대차 - 정면충돌,안전운전불이행,건조,맑음,단일로 - 기타,승용,남,62세,상해없음,승용,여,47세,중상
2020090600100371,2020년 9월 6일 21시,일요일,충청북도 괴산군 괴산읍,경상사고,0,0,1,0,차량단독 - 기타,안전운전불이행,젖음/습기,비,단일로 - 기타,승용,남,62세,경상,,,,
2020090600100372,2020년 9월 6일 21시,일요일,충청북도 청주시 흥덕구 송정동,경상사고,0,0,1,0,차대차 - 추돌,안전운전불이행,젖음/습기,비,교차로 - 교차로부근,승용,남,62세,상해없음,승용,여,48세,경상
2020090600100408,2020년 9월 6일 23시,일요일,충청북도 진천군 문백면,경상사고,0,0,2,0,차대차 - 추돌,안전운전불이행,젖음/습기,비,단일로 - 지하차도(도로)내,승용,남,22세,상해없음,승용,남,24세,경상
2020090700100004,2020년 9월 7일 00시,월요일,충청북도 청주시 상당구 서문동,경상사고,0,0,1,0,차대차 - 측면충돌,신호위반,젖음/습기,비,교차로 - 교차로안,화물,남,57세,상해없음,화물,남,45세,경상
2020090700100019,2020년 9월 7일 02시,월요일,충청북도 청주시 서원구 개신동,중상사고,0,1,0,0,차대차 - 기타,안전운전불이행,젖음/습기,비,단일로 - 고가도로위,승용,남,22세,상해없음,화물,남,32세,중상
2020090700100040,2020년 9월 7일 05시,월요일,충청북도 청주시 상당구 남주동,중상사고,0,1,0,0,차대사람 - 기타,안전운전불이행,건조,맑음,교차로 - 교차로안,승용,남,48세,상해없음,보행자,여,81세,중상
2020090700100050,2020년 9월 7일 06시,월요일,충청북도 청주시 청원구 내덕동,중상사고,0,1,0,0,차대사람 - 횡단중,보행자보호의무위반,건조,맑음,교차로 - 교차로횡단보도내,승용,남,49세,상해없음,보행자,여,76세,중상
2020090700100067,2020년 9월 7일 07시,월요일,충청북도 제천시 고명동,경상사고,0,0,1,0,차대차 - 정면충돌,신호위반,젖음/습기,비,교차로 - 교차로안,승용,남,66세,상해없음,화물,남,37세,경상
2020090700100100,2020년 9월 7일 08시,월요일,충청북도 충주시 대소원면,중상사고,0,2,3,0,차대차 - 정면충돌,중앙선침범,젖음/습기,비,단일로 - 기타,승합,남,29세,경상,승용,여,46세,경상
2020090700100101,2020년 9월 7일 08시,월요일,충청북도 충주시 연수동,경상사고,0,0,1,0,차대차 - 추돌,안전운전불이행,젖음/습기,비,교차로 - 교차로부근,승용,남,63세,상해없음,승용,남,58세,경상
2020090700100127,2020년 9월 7일 09시,월요일,충청북도 청주시 흥덕구 복대동,경상사고,0,0,1,0,차대차 - 기타,안전운전불이행,젖음/습기,비,교차로 - 교차로부근,승용,여,58세,상해없음,승용,여,52세,경상
2020090700100128,2020년 9월 7일 09시,월요일,충청북도 청주시 상당구 문화동,경상사고,0,0,1,0,차대차 - 기타,안전운전불이행,건조,맑음,단일로 - 기타,승용,여,46세,상해없음,승용,남,24세,경상
2020090700100129,2020년 9월 7일 09시,월요일,충청북도 청주시 상당구 명암동,경상사고,0,0,1,0,차대차 - 측면충돌,차로위반,젖음/습기,비,단일로 - 지하차도(도로)내,승합,남,72세,상해없음,승용,남,73세,경상
2020090700100149,2020년 9월 7일 10시,월요일,충청북도 청주시 흥덕구 봉명동,중상사고,0,1,2,0,차대차 - 측면충돌,안전운전불이행,젖음/습기,비,교차로 - 교차로부근,승용,남,29세,상해없음,화물,남,41세,중상
2020090700100200,2020년 9월 7일 12시,월요일,충청북도 진천군 덕산면,경상사고,0,0,4,0,차대차 - 측면충돌,교차로운행방법위반,건조,맑음,교차로 - 교차로안,화물,남,49세,상해없음,화물,남,65세,경상
2020090700100238,2020년 9월 7일 13시,월요일,충청북도 청주시 상당구 용암동,경상사고,0,0,1,0,차대차 - 기타,신호위반,젖음/습기,비,교차로 - 교차로안,승용,남,52세,상해없음,화물,남,51세,경상
2020090700100275,2020년 9월 7일 14시,월요일,충청북도 청주시 상당구 탑동,경상사고,0,0,1,0,차대사람 - 길가장자리구역통행중,안전운전불이행,젖음/습기,비,기타 - 기타,승용,남,26세,상해없음,보행자,여,62세,경상
2020090700100310,2020년 9월 7일 15시,월요일,충청북도 청주시 서원구 성화동,경상사고,0,0,1,0,차대차 - 측면충돌,교차로운행방법위반,젖음/습기,비,교차로 - 교차로안,승용,남,32세,상해없음,화물,남,37세,경상
2020090700100344,2020년 9월 7일 16시,월요일,충청북도 청주시 청원구 내덕동,중상사고,0,1,0,0,차대차 - 정면충돌,중앙선침범,젖음/습기,비,단일로 - 기타,승용,남,51세,상해없음,이륜,남,18세,중상
2020090700100345,2020년 9월 7일 16시,월요일,충청북도 청주시 서원구 개신동,경상사고,0,0,1,0,차대차 - 측면충돌,직진우회전진행방해,젖음/습기,비,교차로 - 교차로안,승합,여,36세,상해없음,원동기,남,30세,경상
2020090700100373,2020년 9월 7일 17시,월요일,충청북도 청주시 청원구 율량동,경상사고,0,0,1,0,차대차 - 기타,신호위반,젖음/습기,비,교차로 - 교차로부근,이륜,남,40세,경상,승용,남,54세,상해없음
2020090700100374,2020년 9월 7일 17시,월요일,충청북도 옥천군 옥천읍,중상사고,0,1,1,0,차대차 - 기타,안전운전불이행,건조,맑음,단일로 - 기타,승용,여,58세,상해없음,이륜,남,53세,경상
2020090700100375,2020년 9월 7일 17시,월요일,충청북도 청주시 서원구 수곡동,경상사고,0,0,2,0,차대차 - 측면충돌,안전운전불이행,젖음/습기,비,교차로 - 교차로안,승용,남,66세,상해없음,승용,여,34세,경상
2020090700100411,2020년 9월 7일 18시,월요일,충청북도 청주시 서원구 개신동,경상사고,0,0,2,0,차대차 - 측면충돌,안전거리미확보,젖음/습기,비,교차로 - 교차로안,승용,남,36세,상해없음,승용,남,64세,경상
2020090700100412,2020년 9월 7일 18시,월요일,충청북도 괴산군 불정면,중상사고,0,2,0,0,차대차 - 측면충돌,중앙선침범,젖음/습기,비,단일로 - 기타,화물,남,62세,상해없음,화물,여,59세,중상
2020090700100413,2020년 9월 7일 18시,월요일,충청북도 청주시 흥덕구 옥산면,중상사고,0,1,0,0,차대차 - 측면충돌,교차로운행방법위반,젖음/습기,비,교차로 - 교차로안,화물,남,55세,상해없음,승용,남,59세,중상
2020090700100414,2020년 9월 7일 18시,월요일,충청북도 청주시 상당구 용암동,경상사고,0,0,2,0,차대차 - 추돌,안전운전불이행,젖음/습기,비,기타 - 기타,승합,남,26세,상해없음,승용,남,29세,경상
2020090700100415,2020년 9월 7일 18시,월요일,충청북도 청주시 상당구 금천동,중상사고,0,1,0,0,차대사람 - 횡단중,안전운전불이행,젖음/습기,비,교차로 - 교차로부근,승합,남,68세,상해없음,보행자,여,41세,중상
2020090700100457,2020년 9월 7일 19시,월요일,충청북도 충주시 목행동,중상사고,0,1,0,0,차대차 - 기타,직진우회전진행방해,젖음/습기,비,교차로 - 교차로안,승용,여,42세,상해없음,승용,여,50세,중상
2020090700100507,2020년 9월 7일 20시,월요일,충청북도 진천군 덕산면,중상사고,0,1,1,0,차대차 - 측면충돌,안전거리미확보,젖음/습기,비,단일로 - 기타,승용,남,57세,중상,승용,남,42세,경상
2020090700100508,2020년 9월 7일 20시,월요일,충청북도 진천군 진천읍,경상사고,0,0,1,0,차대사람 - 횡단중,보행자보호의무위반,기타,맑음,교차로 - 교차로횡단보도내,승용,여,27세,상해없음,보행자,남,53세,경상
2020090700100537,2020년 9월 7일 21시,월요일,충청북도 청주시 청원구 오창읍,중상사고,0,2,0,0,차대차 - 기타,교차로운행방법위반,젖음/습기,비,교차로 - 교차로안,승용,남,28세,중상,이륜,남,20세,중상
2020090700100538,2020년 9월 7일 21시,월요일,충청북도 청주시 청원구 오창읍,중상사고,0,1,1,0,차대차 - 기타,신호위반,젖음/습기,비,교차로 - 교차로안,승용,남,38세,경상,승용,남,41세,중상
2020090700100539,2020년 9월 7일 21시,월요일,충청북도 청주시 흥덕구 봉명동,중상사고,0,1,0,0,차대차 - 기타,안전거리미확보,건조,흐림,교차로 - 교차로부근,승용,남,52세,상해없음,이륜,남,33세,중상
2020090700100540,2020년 9월 7일 21시,월요일,충청북도 청주시 서원구 산남동,경상사고,0,0,1,0,차대차 - 기타,신호위반,젖음/습기,비,교차로 - 교차로안,이륜,남,26세,기타불명,이륜,남,24세,경상
2020090800100106,2020년 9월 8일 08시,화요일,충청북도 제천시 장락동,중상사고,0,1,0,0,차대차 - 측면충돌,안전운전불이행,건조,맑음,교차로 - 교차로안,화물,남,55세,상해없음,이륜,여,60세,중상
2020090800100107,2020년 9월 8일 08시,화요일,충청북도 음성군 감곡면,중상사고,0,1,0,0,차대차 - 기타,안전운전불이행,건조,맑음,교차로 - 교차로부근,승용,남,34세,기타불명,자전거,남,71세,중상
2020090800100108,2020년 9월 8일 08시,화요일,충청북도 진천군 덕산면,경상사고,0,0,2,0,차대차 - 측면충돌,신호위반,건조,맑음,교차로 - 교차로안,승용,여,48세,경상,화물,남,54세,경상
2020090800100140,2020년 9월 8일 09시,화요일,충청북도 옥천군 안남면,중상사고,0,1,0,0,차대사람 - 기타,안전운전불이행,건조,맑음,주차장 - 주차장,화물,남,58세,상해없음,보행자,남,39세,중상
2020090800100205,2020년 9월 8일 11시,화요일,충청북도 제천시 장락동,경상사고,0,0,1,0,차대차 - 측면충돌,안전거리미확보,건조,맑음,기타 - 기타,승용,여,59세,상해없음,승합,남,60세,상해없음
2020090800100206,2020년 9월 8일 11시,화요일,충청북도 제천시 봉양읍,경상사고,0,0,1,0,차대차 - 측면충돌,신호위반,건조,맑음,교차로 - 교차로안,승용,남,70세,상해없음,승용,여,61세,경상
2020090800100207,2020년 9월 8일 11시,화요일,충청북도 청주시 흥덕구 오송읍,중상사고,0,1,0,0,차대차 - 측면충돌,안전거리미확보,건조,맑음,단일로 - 기타,이륜,남,68세,중상,승용,남,25세,상해없음
2020090800100238,2020년 9월 8일 12시,화요일,충청북도 증평군 증평읍,경상사고,0,0,2,0,차대차 - 정면충돌,직진우회전진행방해,건조,맑음,교차로 - 교차로안,승용,여,49세,경상,승용,여,51세,경상
2020090800100299,2020년 9월 8일 14시,화요일,충청북도 청주시 청원구 내수읍,중상사고,0,1,0,0,차대사람 - 기타,안전운전불이행,건조,맑음,단일로 - 기타,화물,남,55세,상해없음,보행자,남,91세,중상
2020090800100300,2020년 9월 8일 14시,화요일,충청북도 청주시 상당구 명암동,경상사고,0,0,1,0,차대차 - 측면충돌,안전거리미확보,건조,맑음,단일로 - 지하차도(도로)내,화물,남,57세,상해없음,승합,여,57세,경상
2020090800100334,2020년 9월 8일 15시,화요일,충청북도 충주시 문화동,중상사고,0,1,0,0,차대사람 - 횡단중,보행자보호의무위반,건조,맑음,교차로 - 교차로안,자전거,남,97세,상해없음,보행자,여,59세,중상
2020090800100335,2020년 9월 8일 15시,화요일,충청북도 충주시 앙성면,경상사고,0,0,1,0,차대차 - 기타,안전운전불이행,건조,맑음,단일로 - 기타,건설기계,남,65세,상해없음,승용,남,59세,경상
2020090800100336,2020년 9월 8일 15시,화요일,충청북도 청주시 흥덕구 신봉동,중상사고,0,1,0,0,차대차 - 기타,안전운전불이행,건조,맑음,단일로 - 기타,이륜,남,28세,중상,승용,남,74세,상해없음
2020090800100337,2020년 9월 8일 15시,화요일,충청북도 청주시 흥덕구 신촌동,경상사고,0,0,3,0,차대차 - 측면충돌,교차로운행방법위반,건조,맑음,교차로 - 교차로안,승용,남,32세,경상,승용,남,52세,경상
2020090800100338,2020년 9월 8일 15시,화요일,충청북도 청주시 상당구 석교동,경상사고,0,0,2,0,차대차 - 후진중충돌,안전운전불이행,건조,맑음,단일로 - 지하차도(도로)내,승용,여,60세,상해없음,승용,남,46세,경상
2020090800100386,2020년 9월 8일 16시,화요일,충청북도 충주시 신니면,사망사고,1,1,0,0,차량단독 - 기타,안전운전불이행,건조,맑음,단일로 - 기타,화물,남,80세,사망,,,,
2020090800100387,2020년 9월 8일 16시,화요일,충청북도 청주시 흥덕구 강내면,경상사고,0,0,1,0,차대차 - 기타,안전운전불이행,건조,맑음,단일로 - 기타,화물,남,51세,상해없음,승용,남,28세,경상
2020090800100433,2020년 9월 8일 17시,화요일,충청북도 음성군 음성읍,경상사고,0,0,1,0,차대차 - 추돌,안전운전불이행,건조,맑음,교차로 - 교차로부근,승용,여,66세,상해없음,승용,여,70세,경상
2020090800100476,2020년 9월 8일 18시,화요일,충청북도 청주시 흥덕구 송정동,중상사고,0,1,1,1,차대차 - 측면충돌,직진우회전진행방해,건조,맑음,교차로 - 교차로안,승용,남,52세,부상신고,승용,남,29세,중상
2020090800100513,2020년 9월 8일 19시,화요일,충청북도 음성군 소이면,중상사고,0,1,0,0,차량단독 - 기타,안전운전불이행,건조,맑음,교차로 - 교차로부근,이륜,남,79세,중상,,,,
2020090800100555,2020년 9월 8일 20시,화요일,충청북도 청주시 서원구 분평동,경상사고,0,0,2,0,차대차 - 측면충돌,교차로운행방법위반,건조,맑음,교차로 - 교차로안,화물,남,72세,경상,승용,남,48세,상해없음
2020090800100584,2020년 9월 8일 21시,화요일,충청북도 청주시 상당구 남일면,중상사고,0,1,0,0,차대차 - 측면충돌,안전거리미확보,건조,맑음,교차로 - 교차로부근,승용,여,50세,상해없음,승용,남,29세,중상
2020090800100613,2020년 9월 8일 22시,화요일,충청북도 청주시 흥덕구 복대동,경상사고,0,0,1,0,차대차 - 측면충돌,안전거리미확보,건조,맑음,교차로 - 교차로부근,승용,여,40세,상해없음,이륜,남,23세,경상
2020090800100628,2020년 9월 8일 23시,화요일,충청북도 음성군 감곡면,중상사고,0,2,0,0,차대차 - 측면충돌,신호위반,건조,맑음,교차로 - 교차로안,승용,남,29세,상해없음,이륜,남,17세,중상
2020090900100060,2020년 9월 9일 07시,수요일,충청북도 음성군 대소면,경상사고,0,0,2,0,차대차 - 측면충돌,신호위반,건조,맑음,교차로 - 교차로안,승용,여,55세,상해없음,승용,남,26세,경상
2020090900100061,2020년 9월 9일 07시,수요일,충청북도 청주시 상당구 용담동,경상사고,0,0,4,0,차대차 - 측면충돌,교차로운행방법위반,건조,맑음,교차로 - 교차로안,승용,여,58세,경상,승용,여,45세,경상
2020090900100084,2020년 9월 9일 08시,수요일,충청북도 음성군 음성읍,경상사고,0,0,1,0,차대차 - 추돌,안전거리미확보,건조,맑음,교차로 - 교차로안,승용,남,47세,상해없음,승용,남,38세,상해없음
2020090900100085,2020년 9월 9일 08시,수요일,충청북도 청주시 흥덕구 오송읍,경상사고,0,0,1,0,차대차 - 추돌,안전운전불이행,건조,맑음,단일로 - 기타,승용,여,29세,상해없음,승용,남,61세,경상
2020090900100112,2020년 9월 9일 09시,수요일,충청북도 충주시 교현동,중상사고,0,1,2,0,차대차 - 측면충돌,안전거리미확보,건조,맑음,교차로 - 교차로부근,원동기,남,71세,경상,승용,여,53세,경상
2020090900100113,2020년 9월 9일 09시,수요일,충청북도 제천시 화산동,경상사고,0,0,1,0,차대차 - 측면충돌,직진우회전진행방해,건조,맑음,교차로 - 교차로안,승용,여,62세,상해없음,승용,남,68세,상해없음
2020090900100173,2020년 9월 9일 11시,수요일,충청북도 청주시 청원구 내덕동,경상사고,0,0,1,0,차대차 - 측면충돌,차로위반,건조,맑음,단일로 - 기타,승용,여,67세,상해없음,승용,남,63세,경상
2020090900100201,2020년 9월 9일 12시,수요일,충청북도 음성군 맹동면,경상사고,0,0,5,0,차대차 - 측면충돌,신호위반,건조,맑음,교차로 - 교차로안,승용,여,44세,경상,승용,남,31세,경상
2020090900100220,2020년 9월 9일 13시,수요일,충청북도 충주시 봉방동,경상사고,0,0,2,0,차대차 - 기타,안전거리미확보,건조,맑음,단일로 - 기타,승용,남,22세,상해없음,승용,남,76세,경상
2020090900100221,2020년 9월 9일 13시,수요일,충청북도 충주시 칠금동,경상사고,0,0,3,0,차대차 - 기타,안전운전불이행,건조,맑음,교차로 - 교차로안,승용,남,29세,상해없음,승용,여,36세,기타불명
2020090900100254,2020년 9월 9일 14시,수요일,충청북도 제천시 장락동,경상사고,0,0,2,1,차대차 - 정면충돌,신호위반,건조,맑음,교차로 - 교차로안,승용,여,46세,상해없음,승용,여,39세,경상
2020090900100293,2020년 9월 9일 15시,수요일,충청북도 청주시 흥덕구 복대동,중상사고,0,1,1,0,차대차 - 기타,안전운전불이행,건조,맑음,교차로 - 교차로안,화물,남,65세,중상,승용,남,29세,경상
2020090900100357,2020년 9월 9일 17시,수요일,충청북도 청주시 청원구 내수읍,중상사고,0,1,2,0,차대차 - 기타,교차로운행방법위반,건조,맑음,교차로 - 교차로안,승용,남,25세,경상,승용,여,44세,중상
2020090900100358,2020년 9월 9일 17시,수요일,충청북도 충주시 칠금동,경상사고,0,0,1,0,차대사람 - 보도통행중,기타,건조,맑음,단일로 - 기타,자전거,남,49세,상해없음,보행자,여,48세,경상
2020090900100359,2020년 9월 9일 17시,수요일,충청북도 옥천군 동이면,경상사고,0,0,2,0,차대차 - 추돌,안전운전불이행,건조,맑음,기타 - 기타,화물,남,68세,상해없음,승용,남,62세,경상
2020090900100360,2020년 9월 9일 17시,수요일,충청북도 단양군 단양읍,경상사고,0,0,1,0,차대차 - 기타,안전운전불이행,건조,맑음,단일로 - 기타,이륜,남,48세,경상,승용,남,57세,상해없음
2020090900100361,2020년 9월 9일 17시,수요일,충청북도 청주시 상당구 금천동,경상사고,0,0,1,0,차대차 - 기타,신호위반,건조,맑음,교차로 - 교차로안,승용,여,38세,상해없음,이륜,남,20세,경상
2020090900100403,2020년 9월 9일 18시,수요일,충청북도 청주시 서원구 수곡동,경상사고,0,0,1,0,차대차 - 측면충돌,안전운전불이행,건조,맑음,단일로 - 지하차도(도로)내,승용,여,42세,기타불명,승합,남,57세,경상
2020090900100473,2020년 9월 9일 20시,수요일,충청북도 충주시 연수동,경상사고,0,0,1,0,차대사람 - 차도통행중,안전운전불이행,젖음/습기,흐림,단일로 - 기타,승합,여,51세,상해없음,보행자,여,77세,경상
2020090900100503,2020년 9월 9일 21시,수요일,충청북도 청주시 서원구 성화동,경상사고,0,0,1,0,차대차 - 기타,안전운전불이행,건조,맑음,기타 - 기타,승용,남,52세,상해없음,승용,여,54세,경상
2020090900100531,2020년 9월 9일 22시,수요일,충청북도 청주시 상당구 용암동,경상사고,0,0,1,0,차대차 - 측면충돌,신호위반,건조,맑음,교차로 - 교차로안,원동기,남,18세,상해없음,승용,여,51세,경상
2020091000100005,2020년 9월 10일 00시,목요일,충청북도 청주시 청원구 율량동,경상사고,0,0,1,0,차대차 - 추돌,안전거리미확보,건조,맑음,교차로 - 교차로안,승용,남,30세,상해없음,승용,남,31세,경상
2020091000100022,2020년 9월 10일 04시,목요일,충청북도 청주시 흥덕구 남촌동,중상사고,0,1,3,0,차대차 - 추돌,안전운전불이행,건조,맑음,단일로 - 기타,승용,남,32세,상해없음,화물,남,45세,경상
2020091000100049,2020년 9월 10일 07시,목요일,충청북도 청주시 흥덕구 비하동,경상사고,0,0,1,0,차대차 - 측면충돌,안전거리미확보,건조,맑음,단일로 - 기타,승용,남,40세,상해없음,승용,남,32세,경상
2020091000100081,2020년 9월 10일 08시,목요일,충청북도 청주시 서원구 현도면,경상사고,0,0,1,0,차대차 - 측면충돌,안전운전불이행,건조,맑음,교차로 - 교차로안,화물,남,58세,상해없음,승용,남,51세,경상
2020091000100100,2020년 9월 10일 09시,목요일,충청북도 충주시 교현동,중상사고,0,3,0,0,차대차 - 기타,신호위반,건조,맑음,교차로 - 교차로안,승용,남,71세,상해없음,승용,여,49세,중상
2020091000100124,2020년 9월 10일 10시,목요일,충청북도 괴산군 괴산읍,중상사고,0,1,0,0,차대차 - 추돌,안전운전불이행,건조,맑음,단일로 - 기타,화물,남,65세,상해없음,이륜,남,77세,중상
2020091000100203,2020년 9월 10일 12시,목요일,충청북도 청주시 청원구 율량동,중상사고,0,1,0,0,차대차 - 기타,신호위반,건조,맑음,교차로 - 교차로안,승용,여,63세,상해없음,승용,여,46세,중상
2020091000100234,2020년 9월 10일 13시,목요일,충청북도 청주시 청원구 주성동,경상사고,0,0,1,0,차량단독 - 공작물충돌,안전운전불이행,건조,맑음,기타 - 기타,승합,남,48세,경상,,,,
2020091000100235,2020년 9월 10일 13시,목요일,충청북도 음성군 대소면,경상사고,0,0,2,0,차대차 - 측면충돌,안전운전불이행,건조,맑음,교차로 - 교차로부근,화물,남,73세,상해없음,화물,남,55세,기타불명
2020091000100236,2020년 9월 10일 13시,목요일,충청북도 청주시 서원구 남이면,경상사고,0,0,1,0,차대차 - 추돌,안전거리미확보,건조,맑음,단일로 - 기타,화물,남,41세,상해없음,화물,남,57세,경상
2020091000100237,2020년 9월 10일 13시,목요일,충청북도 청주시 흥덕구 송정동,경상사고,0,0,1,0,차대차 - 측면충돌,직진우회전진행방해,건조,맑음,교차로 - 교차로안,승용,여,61세,상해없음,승용,여,48세,경상
2020091000100262,2020년 9월 10일 14시,목요일,충청북도 옥천군 청성면,경상사고,0,0,2,0,차대차 - 추돌,안전운전불이행,건조,맑음,기타 - 기타,승용,여,48세,경상,승용,남,49세,경상
2020091000100295,2020년 9월 10일 15시,목요일,충청북도 청주시 흥덕구 송정동,경상사고,0,0,2,0,차대차 - 기타,교차로운행방법위반,건조,맑음,교차로 - 교차로안,화물,남,59세,상해없음,승용,여,34세,경상
2020091000100296,2020년 9월 10일 15시,목요일,충청북도 청주시 상당구 용암동,경상사고,0,0,2,0,차대차 - 후진중충돌,안전운전불이행,건조,맑음,교차로 - 교차로부근,승용,남,70세,상해없음,승용,남,45세,경상
2020091000100327,2020년 9월 10일 16시,목요일,충청북도 제천시 장락동,경상사고,0,0,1,0,차대차 - 기타,중앙선침범,건조,맑음,교차로 - 교차로부근,승용,남,50세,상해없음,승용,남,51세,경상
2020091000100328,2020년 9월 10일 16시,목요일,충청북도 청주시 상당구 서문동,경상사고,0,0,1,0,차대차 - 추돌,안전운전불이행,건조,맑음,교차로 - 교차로부근,승용,남,79세,상해없음,승용,남,34세,경상
2020091000100329,2020년 9월 10일 16시,목요일,충청북도 청주시 서원구 모충동,중상사고,0,1,1,0,차대차 - 측면충돌,교차로운행방법위반,건조,맑음,교차로 - 교차로안,승용,여,42세,경상,승용,여,58세,중상
2020091000100372,2020년 9월 10일 17시,목요일,충청북도 충주시 교현동,경상사고,0,0,1,0,차대차 - 측면충돌,안전운전불이행,건조,맑음,단일로 - 기타,승용,남,47세,상해없음,승용,남,19세,경상
2020091000100373,2020년 9월 10일 17시,목요일,충청북도 청주시 흥덕구 가경동,경상사고,0,0,2,0,차대차 - 기타,안전운전불이행,건조,맑음,교차로 - 교차로횡단보도내,승용,여,64세,상해없음,자전거,여,10세,경상
2020091000100374,2020년 9월 10일 17시,목요일,충청북도 청주시 서원구 분평동,경상사고,0,0,1,0,차대사람 - 기타,안전운전불이행,건조,맑음,주차장 - 주차장,승용,남,32세,상해없음,보행자,남,43세,경상
2020091000100582,2020년 9월 10일 23시,목요일,충청북도 청주시 흥덕구 복대동,중상사고,0,1,0,0,차대사람 - 기타,안전운전불이행,건조,맑음,단일로 - 기타,승용,남,61세,상해없음,보행자,남,49세,중상
2020091100100007,2020년 9월 11일 00시,금요일,충청북도 제천시 고명동,사망사고,2,0,0,0,차대차 - 추돌,안전운전불이행,건조,맑음,교차로 - 교차로부근,이륜,남,25세,사망,화물,남,56세,기타불명
2020091100100096,2020년 9월 11일 08시,금요일,충청북도 청주시 청원구 내덕동,경상사고,0,0,1,0,차대차 - 기타,안전운전불이행,건조,맑음,교차로 - 교차로부근,승용,남,73세,상해없음,승용,여,46세,경상
2020091100100097,2020년 9월 11일 08시,금요일,충청북도 제천시 청전동,중상사고,0,1,0,0,차대차 - 기타,안전운전불이행,건조,맑음,교차로 - 교차로부근,화물,남,71세,상해없음,자전거,남,45세,중상
2020091100100150,2020년 9월 11일 10시,금요일,충청북도 청주시 청원구 내덕동,중상사고,0,1,0,0,차대차 - 기타,신호위반,젖음/습기,비,교차로 - 교차로안,이륜,남,70세,중상,승용,여,45세,상해없음
2020091100100233,2020년 9월 11일 13시,금요일,충청북도 청주시 서원구 수곡동,중상사고,0,1,0,0,차대사람 - 횡단중,안전운전불이행,건조,맑음,교차로 - 교차로안,승합,남,38세,상해없음,보행자,여,70세,중상
2020091100100234,2020년 9월 11일 13시,금요일,충청북도 청주시 상당구 금천동,경상사고,0,0,4,0,차대차 - 기타,안전운전불이행,건조,맑음,단일로 - 지하차도(도로)내,이륜,남,22세,경상,특수,남,63세,경상
2020091100100235,2020년 9월 11일 13시,금요일,충청북도 청주시 상당구 용암동,경상사고,0,0,4,0,차대차 - 측면충돌,안전운전불이행,건조,맑음,단일로 - 지하차도(도로)내,승용,남,68세,상해없음,승용,여,57세,경상
2020091100100261,2020년 9월 11일 14시,금요일,충청북도 청주시 흥덕구 오송읍,경상사고,0,0,1,0,차대차 - 기타,안전운전불이행,젖음/습기,흐림,교차로 - 교차로부근,화물,남,61세,상해없음,승용,여,38세,경상
2020091100100284,2020년 9월 11일 15시,금요일,충청북도 청주시 청원구 우암동,중상사고,0,1,0,0,차대차 - 기타,안전운전불이행,건조,맑음,교차로 - 교차로횡단보도내,승용,여,48세,상해없음,자전거,여,56세,중상
2020091100100285,2020년 9월 11일 15시,금요일,충청북도 청주시 상당구 방서동,경상사고,0,0,2,0,차대차 - 추돌,안전운전불이행,건조,맑음,교차로 - 교차로부근,승용,여,46세,상해없음,승용,남,75세,경상
2020091100100320,2020년 9월 11일 16시,금요일,충청북도 제천시 교동,중상사고,0,1,2,0,차대차 - 기타,안전운전불이행,건조,맑음,교차로 - 교차로안,승용,남,76세,경상,화물,남,37세,경상
2020091100100368,2020년 9월 11일 17시,금요일,충청북도 진천군 문백면,경상사고,0,0,1,0,차대차 - 추돌,안전운전불이행,건조,맑음,단일로 - 기타,승용,남,35세,상해없음,승용,여,41세,경상
2020091100100424,2020년 9월 11일 18시,금요일,충청북도 청주시 청원구 오창읍,경상사고,0,0,1,0,차대차 - 측면충돌,안전거리미확보,건조,흐림,교차로 - 교차로안,승용,여,29세,상해없음,승용,남,37세,경상