사고번호,사고일시,요일,시군구,사고내용,사망자수,중상자수,경상자수,부상신고자수,사고유형,법규위반,노면상태,기상상태,도로형태,가해운전자 차종,가해운전자 성별,가해운전자 연령,가해운전자 상해정도,피해운전자 차종,피해운전자 성별,피해운전자 연령,피해운전자 상해정도
2020091600100300,2020년 9월 16일 15시,수요일,충청북도 청주시 흥덕구 오송읍,경상사고,0,0,1,0,차대차 - 후진중충돌,안전운전불이행,건조,맑음,교차로 - 교차로부근,화물,남,64세,상해없음,이륜,남,40세,경상
2020091600100379,2020년 9월 16일 17시,수요일,충청북도 충주시 안림동,경상사고,0,0,2,0,차대차 - 추돌,안전운전불이행,젖음/습기,비,교차로 - 교차로부근,승용,남,66세,상해없음,화물,남,60세,상해없음
2020091600100380,2020년 9월 16일 17시,수요일,충청북도 음성군 음성읍,경상사고,0,0,1,0,차대차 - 측면충돌,안전운전불이행,건조,맑음,주차장 - 주차장,승용,남,55세,상해없음,승용,남,54세,경상
2020091600100381,2020년 9월 16일 17시,수요일,충청북도 옥천군 옥천읍,중상사고,0,1,0,0,차대차 - 측면충돌,교차로운행방법위반,젖음/습기,비,교차로 - 교차로안,승용,여,57세,상해없음,이륜,남,67세,중상
2020091600100418,2020년 9월 16일 18시,수요일,충청북도 청주시 상당구 북문로3가동,중상사고,0,1,0,0,차대차 - 측면충돌,중앙선침범,건조,맑음,단일로 - 기타,승용,남,51세,상해없음,이륜,남,44세,중상
2020091600100419,2020년 9월 16일 18시,수요일,충청북도 증평군 증평읍,경상사고,0,0,1,0,차대차 - 측면충돌,중앙선침범,젖음/습기,비,단일로 - 기타,승용,여,71세,상해없음,자전거,남,27세,경상
2020091600100467,2020년 9월 16일 19시,수요일,충청북도 청주시 상당구 용암동,부상신고사고,0,0,0,1,차대차 - 추돌,안전운전불이행,건조,맑음,교차로 - 교차로횡단보도내,승용,여,51세,부상신고,승합,남,37세,상해없음
2020091600100468,2020년 9월 16일 19시,수요일,충청북도 진천군 초평면,사망사고,2,4,0,0,차대차 - 측면충돌,안전운전불이행,젖음/습기,흐림,단일로 - 기타,승합,남,52세,상해없음,화물,남,59세,사망
2020091600100503,2020년 9월 16일 20시,수요일,충청북도 충주시 연수동,중상사고,0,1,2,0,차대차 - 측면충돌,신호위반,젖음/습기,흐림,교차로 - 교차로안,승용,남,63세,경상,승용,남,35세,경상
2020091600100504,2020년 9월 16일 20시,수요일,충청북도 영동군 영동읍,중상사고,0,1,0,0,차대차 - 기타,안전운전불이행,젖음/습기,비,단일로 - 기타,승용,남,24세,상해없음,이륜,여,21세,중상
2020091600100567,2020년 9월 16일 23시,수요일,충청북도 청주시 서원구 산남동,경상사고,0,0,1,0,차대사람 - 횡단중,신호위반,건조,맑음,교차로 - 교차로안,기타불명,기타불명,미분류,기타불명,보행자,남,17세,경상
2020091700100054,2020년 9월 17일 06시,목요일,충청북도 영동군 양산면,중상사고,0,2,0,0,차대차 - 측면충돌,중앙선침범,기타,안개,단일로 - 기타,화물,남,49세,상해없음,화물,남,37세,중상
2020091700100055,2020년 9월 17일 06시,목요일,충청북도 옥천군 군북면,경상사고,0,0,1,0,차대차 - 측면충돌,안전거리미확보,건조,맑음,단일로 - 기타,원동기,남,81세,경상,승용,남,60세,상해없음
2020091700100056,2020년 9월 17일 06시,목요일,충청북도 청주시 흥덕구 옥산면,중상사고,0,1,0,0,차대사람 - 횡단중,안전운전불이행,건조,맑음,교차로 - 교차로안,화물,남,53세,상해없음,보행자,여,83세,중상
2020091700100068,2020년 9월 17일 07시,목요일,충청북도 제천시 하소동,중상사고,0,1,1,0,차대차 - 측면충돌,신호위반,젖음/습기,흐림,교차로 - 교차로안,화물,남,80세,경상,화물,남,56세,중상
2020091700100099,2020년 9월 17일 08시,목요일,충청북도 청주시 청원구 외하동,경상사고,0,0,1,0,차대차 - 기타,안전운전불이행,건조,맑음,교차로 - 교차로안,승용,남,29세,경상,건설기계,남,52세,상해없음
2020091700100100,2020년 9월 17일 08시,목요일,충청북도 제천시 봉양읍,중상사고,0,2,0,0,차대차 - 측면충돌,직진우회전진행방해,건조,맑음,교차로 - 교차로안,승용,남,49세,중상,특수,남,58세,중상
2020091700100128,2020년 9월 17일 09시,목요일,충청북도 충주시 연수동,경상사고,0,0,1,0,차대차 - 기타,안전운전불이행,건조,맑음,교차로 - 교차로안,승용,여,47세,상해없음,승용,남,27세,경상
2020091700100129,2020년 9월 17일 09시,목요일,충청북도 청주시 흥덕구 옥산면,경상사고,0,0,4,0,차대차 - 기타,안전거리미확보,건조,맑음,단일로 - 기타,승용,남,30세,상해없음,승용,남,45세,경상
2020091700100162,2020년 9월 17일 10시,목요일,충청북도 청주시 흥덕구 운천동,중상사고,0,1,0,0,차대사람 - 기타,안전운전불이행,건조,맑음,교차로 - 교차로안,승용,남,33세,상해없음,보행자,여,86세,중상
2020091700100281,2020년 9월 17일 14시,목요일,충청북도 청주시 흥덕구 송절동,경상사고,0,0,1,0,차대차 - 기타,중앙선침범,건조,맑음,교차로 - 교차로안,화물,남,59세,상해없음,승용,여,20세,경상
2020091700100308,2020년 9월 17일 15시,목요일,충청북도 청주시 흥덕구 복대동,경상사고,0,0,1,0,차대차 - 기타,직진우회전진행방해,건조,맑음,교차로 - 교차로안,승용,여,55세,상해없음,원동기,남,30세,경상
2020091700100309,2020년 9월 17일 15시,목요일,충청북도 청주시 상당구 명암동,경상사고,0,0,2,0,차대차 - 측면충돌,신호위반,건조,맑음,단일로 - 터널,승용,남,68세,상해없음,승용,남,59세,경상
2020091700100350,2020년 9월 17일 16시,목요일,충청북도 충주시 연수동,경상사고,0,0,1,0,차대차 - 기타,안전운전불이행,젖음/습기,비,단일로 - 기타,화물,남,58세,상해없음,승용,남,36세,경상
2020091700100351,2020년 9월 17일 16시,목요일,충청북도 충주시 종민동,경상사고,0,0,1,0,차대차 - 측면충돌,중앙선침범,건조,맑음,기타 - 기타,이륜,남,50세,경상,승용,여,55세,상해없음
2020091700100352,2020년 9월 17일 16시,목요일,충청북도 청주시 흥덕구 복대동,경상사고,0,0,1,0,차대사람 - 기타,안전운전불이행,젖음/습기,비,단일로 - 기타,승용,여,22세,상해없음,보행자,여,43세,경상
2020091700100430,2020년 9월 17일 18시,목요일,충청북도 청주시 흥덕구 복대동,중상사고,0,1,1,0,차대차 - 기타,안전거리미확보,건조,맑음,교차로 - 교차로부근,승용,남,55세,상해없음,승용,남,44세,중상
2020091700100468,2020년 9월 17일 19시,목요일,충청북도 청주시 청원구 주중동,경상사고,0,0,1,0,차대차 - 기타,안전운전불이행,건조,맑음,교차로 - 교차로부근,승용,여,39세,경상,승용,여,65세,상해없음
2020091700100469,2020년 9월 17일 19시,목요일,충청북도 충주시 수안보면,경상사고,0,0,1,0,차대차 - 측면충돌,안전운전불이행,건조,맑음,교차로 - 교차로안,승용,남,68세,상해없음,승용,남,42세,경상
2020091700100509,2020년 9월 17일 20시,목요일,충청북도 충주시 봉방동,중상사고,0,1,0,0,차대차 - 측면충돌,안전운전불이행,건조,맑음,교차로 - 교차로횡단보도내,승용,여,38세,상해없음,자전거,여,10세,중상
2020091700100510,2020년 9월 17일 20시,목요일,충청북도 청주시 상당구 용암동,경상사고,0,0,1,0,차대차 - 측면충돌,안전운전불이행,젖음/습기,흐림,교차로 - 교차로부근,원동기,남,39세,상해없음,자전거,남,61세,경상
2020091700100573,2020년 9월 17일 22시,목요일,충청북도 청주시 상당구 용정동,경상사고,0,0,2,0,차대차 - 기타,안전운전불이행,건조,맑음,교차로 - 교차로안,승용,여,47세,경상,승용,남,29세,경상
2020091800100019,2020년 9월 18일 01시,금요일,충청북도 제천시 신백동,경상사고,0,0,1,0,차대차 - 측면충돌,교차로운행방법위반,건조,맑음,교차로 - 교차로안,승용,여,19세,상해없음,승용,남,52세,경상
2020091800100056,2020년 9월 18일 06시,금요일,충청북도 충주시 노은면,경상사고,0,0,2,0,차대차 - 기타,안전운전불이행,건조,기타,단일로 - 기타,승용,여,34세,기타불명,승용,여,53세,경상
2020091800100104,2020년 9월 18일 08시,금요일,충청북도 충주시 교현동,중상사고,0,1,0,0,차대차 - 기타,안전운전불이행,건조,맑음,교차로 - 교차로부근,승용,여,37세,상해없음,이륜,남,70세,중상
2020091800100105,2020년 9월 18일 08시,금요일,충청북도 청주시 상당구 용담동,경상사고,0,0,1,0,차대차 - 추돌,안전운전불이행,건조,맑음,교차로 - 교차로부근,승용,여,54세,상해없음,승용,남,62세,경상
2020091800100177,2020년 9월 18일 10시,금요일,충청북도 청주시 상당구 용암동,경상사고,0,0,1,0,차대차 - 측면충돌,교차로운행방법위반,건조,맑음,교차로 - 교차로안,승용,남,77세,상해없음,승용,남,21세,경상
2020091800100211,2020년 9월 18일 11시,금요일,충청북도 청주시 청원구 주중동,경상사고,0,0,3,0,차대차 - 기타,교차로운행방법위반,건조,맑음,교차로 - 교차로안,승용,남,61세,상해없음,승용,여,36세,경상
2020091800100247,2020년 9월 18일 12시,금요일,충청북도 청주시 상당구 탑동,중상사고,0,1,0,0,차대차 - 기타,교차로운행방법위반,건조,맑음,교차로 - 교차로안,이륜,남,46세,중상,승용,남,63세,상해없음
2020091800100283,2020년 9월 18일 13시,금요일,충청북도 청주시 서원구 사창동,경상사고,0,0,1,0,차대사람 - 보도통행중,기타,건조,맑음,단일로 - 기타,승용,여,57세,상해없음,보행자,남,29세,경상
2020091800100284,2020년 9월 18일 13시,금요일,충청북도 음성군 대소면,경상사고,0,0,2,0,차대차 - 측면충돌,안전운전불이행,건조,맑음,교차로 - 교차로안,승용,여,49세,경상,승용,여,61세,상해없음
2020091800100363,2020년 9월 18일 15시,금요일,충청북도 충주시 앙성면,중상사고,0,1,1,0,차대차 - 추돌,안전운전불이행,건조,맑음,단일로 - 교량,특수,남,59세,상해없음,건설기계,남,57세,경상
2020091800100364,2020년 9월 18일 15시,금요일,충청북도 청주시 흥덕구 가경동,경상사고,0,0,1,0,차대차 - 기타,안전운전불이행,건조,맑음,교차로 - 교차로부근,승용,남,28세,상해없음,자전거,남,89세,경상
2020091800100365,2020년 9월 18일 15시,금요일,충청북도 청주시 서원구 모충동,경상사고,0,0,1,0,차대차 - 추돌,안전운전불이행,건조,맑음,단일로 - 기타,화물,남,68세,상해없음,승용,여,41세,경상
2020091800100419,2020년 9월 18일 16시,금요일,충청북도 충주시 충인동,중상사고,0,1,0,0,차대차 - 기타,직진우회전진행방해,건조,맑음,교차로 - 교차로안,승용,여,61세,상해없음,원동기,남,60세,중상
2020091800100420,2020년 9월 18일 16시,금요일,충청북도 진천군 진천읍,경상사고,0,0,1,0,차대차 - 측면충돌,안전운전불이행,건조,맑음,단일로 - 기타,승용,남,61세,경상,화물,남,55세,상해없음
2020091800100421,2020년 9월 18일 16시,금요일,충청북도 청주시 흥덕구 옥산면,사망사고,1,0,0,0,차대차 - 기타,안전운전불이행,건조,맑음,교차로 - 교차로부근,승용,여,58세,상해없음,이륜,남,77세,사망
2020091800100481,2020년 9월 18일 17시,금요일,충청북도 충주시 대소원면,사망사고,1,4,2,0,차대차 - 추돌,안전거리미확보,건조,맑음,단일로 - 기타,화물,남,49세,중상,화물,남,58세,중상
2020091800100482,2020년 9월 18일 17시,금요일,충청북도 제천시 신동,경상사고,0,0,1,0,차대차 - 측면충돌,안전운전불이행,건조,맑음,단일로 - 기타,승용,여,60세,상해없음,승용,여,36세,경상
2020091800100483,2020년 9월 18일 17시,금요일,충청북도 괴산군 괴산읍,경상사고,0,0,1,0,차대차 - 측면충돌,기타,건조,맑음,교차로 - 교차로안,승용,남,60세,상해없음,자전거,남,9세,경상
2020091800100484,2020년 9월 18일 17시,금요일,충청북도 청주시 서원구 사직동,경상사고,0,0,2,0,차대차 - 기타,신호위반,건조,맑음,교차로 - 교차로안,화물,남,56세,경상,승용,여,54세,경상
2020091800100485,2020년 9월 18일 17시,금요일,충청북도 청주시 흥덕구 강서동,경상사고,0,0,1,0,차대차 - 후진중충돌,안전운전불이행,건조,맑음,단일로 - 기타,기타불명,기타불명,미분류,기타불명,승용,여,57세,기타불명
2020091800100528,2020년 9월 18일 18시,금요일,충청북도 청주시 청원구 내덕동,경상사고,0,0,1,0,차대차 - 측면충돌,안전거리미확보,건조,맑음,단일로 - 기타,승합,남,49세,상해없음,승용,남,23세,경상
2020091800100529,2020년 9월 18일 18시,금요일,충청북도 음성군 금왕읍,경상사고,0,0,1,0,차대차 - 측면충돌,안전거리미확보,건조,맑음,기타 - 기타,승용,여,23세,상해없음,승용,여,44세,경상
2020091800100586,2020년 9월 18일 19시,금요일,충청북도 충주시 교현동,중상사고,0,1,0,0,차대차 - 기타,안전거리미확보,건조,맑음,기타 - 기타,화물,남,42세,상해없음,원동기,남,43세,중상
2020091800100587,2020년 9월 18일 19시,금요일,충청북도 충주시 대소원면,경상사고,0,0,2,0,차대차 - 추돌,안전운전불이행,건조,맑음,단일로 - 기타,승용,남,33세,경상,화물,남,56세,경상
2020091800100588,2020년 9월 18일 19시,금요일,충청북도 충주시 교현동,경상사고,0,0,1,0,차대차 - 추돌,안전거리미확보,건조,맑음,교차로 - 교차로안,승용,남,26세,상해없음,승용,여,49세,경상
2020091800100589,2020년 9월 18일 19시,금요일,충청북도 청주시 흥덕구 복대동,경상사고,0,0,1,0,차대차 - 기타,안전운전불이행,건조,맑음,단일로 - 기타,이륜,남,29세,경상,승용,남,58세,상해없음
2020091800100590,2020년 9월 18일 19시,금요일,충청북도 청주시 상당구 용암동,경상사고,0,0,1,0,차대사람 - 차도통행중,안전운전불이행,건조,맑음,단일로 - 지하차도(도로)내,이륜,남,25세,상해없음,보행자,여,30세,경상
2020091800100637,2020년 9월 18일 20시,금요일,충청북도 청주시 상당구 용암동,경상사고,0,0,1,0,차대차 - 측면충돌,안전운전불이행,건조,맑음,단일로 - 지하차도(도로)내,이륜,남,40세,경상,화물,남,48세,상해없음
2020091800100667,2020년 9월 18일 21시,금요일,충청북도 진천군 광혜원면,중상사고,0,1,0,0,차대차 - 정면충돌,안전운전불이행,건조,맑음,교차로 - 교차로안,승용,여,57세,상해없음,자전거,남,66세,중상
2020091800100725,2020년 9월 18일 23시,금요일,충청북도 청주시 흥덕구 복대동,경상사고,0,0,1,0,차대차 - 기타,신호위반,건조,맑음,교차로 - 교차로안,승용,남,46세,상해없음,이륜,남,38세,경상
2020091900100023,2020년 9월 19일 01시,토요일,충청북도 청주시 서원구 미평동,경상사고,0,0,1,0,차대차 - 추돌,안전운전불이행,건조,맑음,교차로 - 교차로부근,승용,남,28세,상해없음,원동기,남,22세,경상
2020091900100042,2020년 9월 19일 03시,토요일,충청북도 청주시 흥덕구 가경동,중상사고,0,1,0,0,차대차 - 기타,신호위반,건조,맑음,교차로 - 교차로부근,승용,남,51세,상해없음,승용,남,27세,중상
2020091900100063,2020년 9월 19일 05시,토요일,충청북도 청주시 청원구 주중동,경상사고,0,0,1,0,차대차 - 추돌,안전운전불이행,건조,맑음,교차로 - 교차로안,승용,남,34세,상해없음,화물,남,32세,경상
2020091900100083,2020년 9월 19일 06시,토요일,충청북도 제천시 신백동,중상사고,0,1,0,0,차대사람 - 횡단중,안전운전불이행,젖음/습기,비,단일로 - 지하차도(도로)내,화물,남,63세,상해없음,보행자,남,52세,중상
2020091900100119,2020년 9월 19일 08시,토요일,충청북도 음성군 감곡면,중상사고,0,1,0,0,차대차 - 측면충돌,안전운전불이행,건조,맑음,교차로 - 교차로안,자전거,여,55세,중상,화물,남,67세,상해없음
2020091900100152,2020년 9월 19일 09시,토요일,충청북도 충주시 살미면,중상사고,0,2,0,0,차대차 - 추돌,안전운전불이행,건조,맑음,교차로 - 교차로부근,승용,여,60세,중상,화물,남,59세,중상
2020091900100154,2020년 9월 19일 09시,토요일,충청북도 청주시 상당구 석교동,경상사고,0,0,1,0,차대사람 - 횡단중,신호위반,건조,맑음,교차로 - 교차로부근,승용,남,69세,상해없음,보행자,남,48세,경상
2020091900100233,2020년 9월 19일 11시,토요일,충청북도 청주시 청원구 율량동,경상사고,0,0,2,0,차대차 - 추돌,안전거리미확보,건조,맑음,교차로 - 교차로부근,승용,남,62세,상해없음,승용,여,34세,경상
2020091900100234,2020년 9월 19일 11시,토요일,충청북도 청주시 서원구 개신동,경상사고,0,0,3,0,차대차 - 기타,신호위반,건조,맑음,단일로 - 기타,승용,남,66세,상해없음,승용,남,63세,경상
2020091900100235,2020년 9월 19일 11시,토요일,충청북도 청주시 서원구 개신동,중상사고,0,1,0,0,차대차 - 측면충돌,직진우회전진행방해,건조,맑음,교차로 - 교차로안,승용,남,72세,상해없음,승용,여,49세,중상
2020091900100236,2020년 9월 19일 11시,토요일,충청북도 청주시 흥덕구 강서동,경상사고,0,0,2,0,차대차 - 기타,안전운전불이행,건조,맑음,교차로 - 교차로안,승용,남,77세,상해없음,승용,남,35세,경상
2020091900100288,2020년 9월 19일 12시,토요일,충청북도 음성군 대소면,부상신고사고,0,0,0,1,차대차 - 정면충돌,기타,건조,맑음,단일로 - 기타,이륜,남,41세,부상신고,화물,남,32세,상해없음
2020091900100335,2020년 9월 19일 13시,토요일,충청북도 청주시 서원구 모충동,경상사고,0,0,1,0,차대차 - 측면충돌,교차로운행방법위반,건조,맑음,교차로 - 교차로안,이륜,남,36세,상해없음,승용,남,25세,상해없음
2020091900100379,2020년 9월 19일 14시,토요일,충청북도 청주시 서원구 사창동,경상사고,0,0,1,0,차대차 - 기타,안전거리미확보,건조,맑음,교차로 - 교차로부근,화물,남,53세,상해없음,승용,남,48세,경상
2020091900100380,2020년 9월 19일 14시,토요일,충청북도 충주시 연수동,경상사고,0,0,1,0,차대차 - 기타,안전거리미확보,건조,맑음,교차로 - 교차로안,승용,남,62세,상해없음,이륜,남,38세,경상
2020091900100381,2020년 9월 19일 14시,토요일,충청북도 충주시 연수동,경상사고,0,0,1,0,차대차 - 측면충돌,신호위반,건조,맑음,교차로 - 교차로안,화물,남,49세,상해없음,승용,남,49세,경상
2020091900100382,2020년 9월 19일 14시,토요일,충청북도 청주시 흥덕구 외북동,경상사고,0,0,1,0,차대차 - 기타,안전거리미확보,건조,맑음,단일로 - 기타,자전거,남,25세,상해없음,승용,남,27세,경상
2020091900100383,2020년 9월 19일 14시,토요일,충청북도 청주시 서원구 분평동,경상사고,0,0,1,0,차대차 - 측면충돌,안전운전불이행,건조,흐림,단일로 - 기타,승용,여,46세,상해없음,승용,여,43세,경상
2020091900100424,2020년 9월 19일 15시,토요일,충청북도 제천시 봉양읍,중상사고,0,1,0,0,차대차 - 정면충돌,안전운전불이행,건조,맑음,교차로 - 교차로안,승용,여,26세,상해없음,이륜,남,44세,중상
2020091900100425,2020년 9월 19일 15시,토요일,충청북도 보은군 보은읍,중상사고,0,3,0,0,차대차 - 추돌,중앙선침범,건조,흐림,단일로 - 기타,화물,남,68세,중상,승용,남,36세,기타불명
2020091900100426,2020년 9월 19일 15시,토요일,충청북도 청주시 서원구 남이면,경상사고,0,0,4,0,차대차 - 추돌,안전운전불이행,건조,맑음,단일로 - 기타,승용,여,37세,상해없음,승용,남,63세,경상
2020091900100427,2020년 9월 19일 15시,토요일,충청북도 청주시 상당구 문의면,중상사고,0,1,1,0,차대차 - 기타,안전운전불이행,건조,맑음,단일로 - 지하차도(도로)내,승용,남,38세,기타불명,이륜,남,69세,경상
2020091900100474,2020년 9월 19일 16시,토요일,충청북도 청주시 서원구 사직동,경상사고,0,0,1,0,차대차 - 측면충돌,기타,건조,맑음,단일로 - 기타,승용,남,43세,상해없음,개인형이동수단(PM),남,20세,경상
2020091900100519,2020년 9월 19일 17시,토요일,충청북도 제천시 하소동,경상사고,0,0,2,0,차대차 - 측면충돌,안전운전불이행,건조,맑음,단일로 - 지하차도(도로)내,승용,여,36세,상해없음,승용,여,50세,경상
2020091900100520,2020년 9월 19일 17시,토요일,충청북도 청주시 서원구 현도면,부상신고사고,0,0,0,1,차량단독 - 기타,안전운전불이행,건조,맑음,단일로 - 기타,이륜,남,60세,부상신고,,,,
2020091900100559,2020년 9월 19일 18시,토요일,충청북도 단양군 단양읍,경상사고,0,0,1,0,차대차 - 추돌,안전운전불이행,건조,맑음,교차로 - 교차로부근,승용,여,55세,상해없음,승용,여,34세,경상
2020091900100560,2020년 9월 19일 18시,토요일,충청북도 청주시 서원구 개신동,중상사고,0,1,0,0,차대차 - 기타,안전운전불이행,건조,맑음,교차로 - 교차로안,승용,여,53세,상해없음,사륜오토바이(ATV),남,85세,중상
2020091900100605,2020년 9월 19일 19시,토요일,충청북도 충주시 문화동,경상사고,0,0,1,0,차대차 - 기타,안전거리미확보,건조,맑음,단일로 - 기타,승용,남,42세,상해없음,승용,남,31세,경상
2020091900100606,2020년 9월 19일 19시,토요일,충청북도 제천시 중앙로2가,경상사고,0,0,1,0,차대차 - 측면충돌,불법유턴,건조,맑음,교차로 - 교차로부근,승용,남,38세,상해없음,이륜,남,20세,경상
2020091900100639,2020년 9월 19일 20시,토요일,충청북도 진천군 덕산면,경상사고,0,0,4,1,차대차 - 측면충돌,직진우회전진행방해,건조,맑음,교차로 - 교차로안,승용,남,38세,부상신고,승용,여,37세,경상
2020091900100665,2020년 9월 19일 21시,토요일,충청북도 청주시 상당구 용담동,경상사고,0,0,1,0,차대차 - 측면충돌,차로위반,건조,맑음,교차로 - 교차로부근,승용,남,62세,상해없음,원동기,남,24세,경상
2020091900100704,2020년 9월 19일 23시,토요일,충청북도 음성군 대소면,경상사고,0,0,1,0,차대차 - 기타,안전운전불이행,건조,맑음,교차로 - 교차로부근,승용,남,47세,경상,승용,여,40세,상해없음
2020092000100006,2020년 9월 20일 00시,일요일,충청북도 충주시 교현동,중상사고,0,1,1,0,차대차 - 측면충돌,신호위반,건조,흐림,교차로 - 교차로안,승용,남,19세,상해없음,승용,남,46세,중상
2020092000100007,2020년 9월 20일 00시,일요일,충청북도 증평군 증평읍,중상사고,0,2,0,0,차대차 - 추돌,안전운전불이행,건조,맑음,교차로 - 교차로부근,화물,남,47세,상해없음,화물,남,46세,중상
2020092000100008,2020년 9월 20일 00시,일요일,충청북도 청주시 상당구 용암동,경상사고,0,0,1,0,차대차 - 측면충돌,기타,건조,맑음,단일로 - 지하차도(도로)내,승용,남,46세,상해없음,원동기,남,18세,경상
2020092000100029,2020년 9월 20일 01시,일요일,충청북도 보은군 회인면,중상사고,0,2,0,0,차대차 - 정면충돌,중앙선침범,건조,맑음,단일로 - 기타,화물,남,63세,상해없음,승용,여,29세,중상
2020092000100036,2020년 9월 20일 02시,일요일,충청북도 제천시 중앙로1가,중상사고,0,1,0,0,차대차 - 정면충돌,신호위반,건조,흐림,교차로 - 교차로안,승용,남,55세,상해없음,승용,남,28세,중상
2020092000100037,2020년 9월 20일 02시,일요일,충청북도 청주시 서원구 수곡동,경상사고,0,0,2,0,차대차 - 측면충돌,교차로운행방법위반,건조,맑음,교차로 - 교차로안,원동기,남,29세,경상,승용,여,51세,경상
2020092000100064,2020년 9월 20일 05시,일요일,충청북도 영동군 학산면,중상사고,0,1,0,0,차대사람 - 길가장자리구역통행중,안전운전불이행,기타,안개,단일로 - 기타,승용,남,50세,상해없음,보행자,남,81세,중상
2020092000100065,2020년 9월 20일 05시,일요일,충청북도 증평군 증평읍,경상사고,0,0,1,0,차대차 - 추돌,안전운전불이행,건조,맑음,교차로 - 교차로안,화물,남,54세,상해없음,승용,남,56세,경상
2020092000100087,2020년 9월 20일 07시,일요일,충청북도 청주시 상당구 남일면,경상사고,0,0,1,0,차대사람 - 기타,안전운전불이행,젖음/습기,맑음,단일로 - 기타,자전거,여,52세,상해없음,보행자,남,77세,경상
2020092000100124,2020년 9월 20일 10시,일요일,충청북도 충주시 살미면,중상사고,0,2,2,0,차대차 - 측면충돌,차로위반,건조,맑음,교차로 - 교차로부근,승용,남,38세,상해없음,승용,남,78세,중상
2020092000100125,2020년 9월 20일 10시,일요일,충청북도 충주시 충인동,경상사고,0,0,1,0,차대차 - 기타,안전운전불이행,건조,맑음,교차로 - 교차로안,승용,남,82세,상해없음,자전거,남,74세,경상
2020092000100126,2020년 9월 20일 10시,일요일,충청북도 괴산군 괴산읍,경상사고,0,0,1,0,차대차 - 측면충돌,안전운전불이행,건조,맑음,교차로 - 교차로안,승용,남,51세,상해없음,화물,남,43세,경상
2020092000100127,2020년 9월 20일 10시,일요일,충청북도 음성군 원남면,중상사고,0,1,1,0,차대차 - 측면충돌,교차로운행방법위반,건조,맑음,기타 - 기타,승용,여,67세,경상,승용,여,75세,중상
2020092000100128,2020년 9월 20일 10시,일요일,충청북도 청주시 흥덕구 복대동,경상사고,0,0,1,0,차대차 - 후진중충돌,안전운전불이행,건조,맑음,단일로 - 기타,승용,남,37세,상해없음,승용,남,27세,경상
2020092000100188,2020년 9월 20일 12시,일요일,충청북도 충주시 앙성면,중상사고,0,1,0,0,차대사람 - 기타,안전운전불이행,건조,맑음,단일로 - 기타,자전거,남,31세,상해없음,보행자,여,76세,중상
2020092000100189,2020년 9월 20일 12시,일요일,충청북도 제천시 봉양읍,중상사고,0,2,3,0,차대차 - 측면충돌,중앙선침범,건조,맑음,기타 - 기타,승용,남,54세,경상,승용,남,57세,경상
2020092000100221,2020년 9월 20일 13시,일요일,충청북도 충주시 연수동,부상신고사고,0,0,0,1,차대사람 - 기타,안전운전불이행,건조,맑음,단일로 - 기타,승용,남,39세,상해없음,보행자,남,62세,부상신고
2020092000100222,2020년 9월 20일 13시,일요일,충청북도 음성군 원남면,중상사고,0,1,0,0,차대차 - 측면충돌,신호위반,건조,맑음,교차로 - 교차로안,승용,남,52세,상해없음,이륜,남,73세,중상
2020092000100223,2020년 9월 20일 13시,일요일,충청북도 청주시 상당구 용담동,경상사고,0,0,1,0,차대차 - 측면충돌,교차로운행방법위반,건조,맑음,교차로 - 교차로안,승용,남,48세,상해없음,승용,남,60세,경상
2020092000100258,2020년 9월 20일 14시,일요일,충청북도 충주시 종민동,경상사고,0,0,2,0,차대차 - 기타,안전운전불이행,건조,맑음,단일로 - 기타,화물,남,60세,상해없음,승용,여,52세,경상
2020092000100259,2020년 9월 20일 14시,일요일,충청북도 음성군 금왕읍,중상사고,0,1,0,0,차대차 - 추돌,안전운전불이행,건조,맑음,단일로 - 기타,승용,여,39세,상해없음,화물,남,69세,기타불명
2020092000100260,2020년 9월 20일 14시,일요일,충청북도 단양군 대강면,사망사고,1,0,0,0,차량단독 - 공작물충돌,안전운전불이행,건조,맑음,단일로 - 기타,이륜,남,25세,사망,,,,
2020092000100261,2020년 9월 20일 14시,일요일,충청북도 진천군 진천읍,경상사고,0,0,6,0,차대차 - 기타,안전운전불이행,건조,기타,교차로 - 교차로안,승용,남,49세,경상,화물,남,61세,경상
2020092000100262,2020년 9월 20일 14시,일요일,충청북도 청주시 흥덕구 가경동,중상사고,0,5,0,0,차대차 - 기타,신호위반,건조,맑음,교차로 - 교차로안,승용,남,52세,중상,승용,여,34세,중상
2020092000100302,2020년 9월 20일 15시,일요일,충청북도 증평군 도안면,중상사고,0,1,0,0,차대차 - 정면충돌,중앙선침범,건조,맑음,단일로 - 기타,승합,남,46세,상해없음,승용,남,58세,중상
2020092000100303,2020년 9월 20일 15시,일요일,충청북도 청주시 서원구 모충동,경상사고,0,0,1,0,차대차 - 측면충돌,안전운전불이행,건조,맑음,단일로 - 지하차도(도로)내,승용,여,58세,상해없음,승용,남,38세,경상
2020092000100304,2020년 9월 20일 15시,일요일,충청북도 청주시 청원구 오창읍,경상사고,0,0,2,0,차대차 - 추돌,안전운전불이행,건조,맑음,단일로 - 기타,승용,남,50세,상해없음,승용,여,51세,경상
2020092000100379,2020년 9월 20일 17시,일요일,충청북도 증평군 증평읍,경상사고,0,0,1,0,차대차 - 측면충돌,직진우회전진행방해,건조,맑음,교차로 - 교차로안,원동기,남,43세,경상,승용,남,27세,상해없음