사고번호,사고일시,요일,시군구,사고내용,사망자수,중상자수,경상자수,부상신고자수,사고유형,법규위반,노면상태,기상상태,도로형태,가해운전자 차종,가해운전자 성별,가해운전자 연령,가해운전자 상해정도,피해운전자 차종,피해운전자 성별,피해운전자 연령,피해운전자 상해정도
2020092000100410,2020년 9월 20일 18시,일요일,충청북도 청주시 서원구 사창동,경상사고,0,0,1,0,차대차 - 측면충돌,안전거리미확보,건조,맑음,교차로 - 교차로부근,승용,여,61세,상해없음,화물,남,49세,경상
2020092000100434,2020년 9월 20일 19시,일요일,충청북도 제천시 고명동,중상사고,0,1,1,0,차대차 - 정면충돌,신호위반,건조,맑음,교차로 - 교차로안,화물,남,69세,상해없음,승용,남,64세,중상
2020092000100472,2020년 9월 20일 20시,일요일,충청북도 청주시 서원구 모충동,중상사고,0,1,0,0,차대사람 - 횡단중,안전운전불이행,건조,맑음,단일로 - 기타,원동기,남,24세,상해없음,보행자,여,29세,중상
2020092000100473,2020년 9월 20일 20시,일요일,충청북도 청주시 서원구 수곡동,중상사고,0,1,3,0,차대차 - 추돌,안전운전불이행,건조,맑음,단일로 - 기타,승용,여,43세,상해없음,승용,남,60세,기타불명
2020092000100514,2020년 9월 20일 22시,일요일,충청북도 진천군 진천읍,경상사고,0,0,1,0,차량단독 - 도로외이탈 - 추락,안전운전불이행,건조,맑음,단일로 - 기타,화물,남,60세,경상,,,,
2020092000100526,2020년 9월 20일 23시,일요일,충청북도 음성군 대소면,중상사고,0,1,0,0,차량단독 - 기타,안전운전불이행,건조,맑음,단일로 - 지하차도(도로)내,승용,여,23세,중상,,,,
2020092100100072,2020년 9월 21일 07시,월요일,충청북도 청주시 서원구 수곡동,중상사고,0,1,0,0,차대사람 - 기타,안전운전불이행,건조,맑음,단일로 - 기타,승용,남,57세,상해없음,보행자,여,83세,중상
2020092100100104,2020년 9월 21일 08시,월요일,충청북도 청주시 청원구 우암동,경상사고,0,0,3,0,차대차 - 기타,안전운전불이행,건조,맑음,교차로 - 교차로부근,승용,여,51세,상해없음,승용,남,41세,경상
2020092100100105,2020년 9월 21일 08시,월요일,충청북도 청주시 흥덕구 복대동,경상사고,0,0,2,0,차대차 - 측면충돌,안전운전불이행,건조,맑음,단일로 - 기타,화물,남,55세,상해없음,승용,남,21세,경상
2020092100100197,2020년 9월 21일 10시,월요일,충청북도 괴산군 괴산읍,경상사고,0,0,2,0,차대차 - 측면충돌,안전운전불이행,건조,맑음,교차로 - 교차로안,승합,남,60세,상해없음,승용,남,45세,경상
2020092100100230,2020년 9월 21일 11시,월요일,충청북도 진천군 진천읍,경상사고,0,0,2,0,차대차 - 추돌,안전운전불이행,건조,맑음,단일로 - 기타,승용,남,52세,상해없음,승용,여,46세,경상
2020092100100231,2020년 9월 21일 11시,월요일,충청북도 청주시 서원구 수곡동,중상사고,0,1,0,0,차대차 - 측면충돌,안전운전불이행,건조,맑음,기타 - 기타,화물,남,26세,상해없음,자전거,남,81세,중상
2020092100100271,2020년 9월 21일 12시,월요일,충청북도 충주시 충인동,경상사고,0,0,2,0,차대차 - 측면충돌,직진우회전진행방해,건조,맑음,교차로 - 교차로안,승용,남,68세,상해없음,승용,여,31세,경상
2020092100100305,2020년 9월 21일 13시,월요일,충청북도 진천군 덕산면,경상사고,0,0,1,0,차대차 - 측면충돌,안전운전불이행,건조,맑음,교차로 - 교차로부근,승용,남,40세,상해없음,화물,남,78세,경상
2020092100100356,2020년 9월 21일 14시,월요일,충청북도 영동군 영동읍,부상신고사고,0,0,0,1,차대사람 - 기타,안전운전불이행,건조,맑음,교차로 - 교차로횡단보도내,화물,남,57세,상해없음,보행자,남,22세,부상신고
2020092100100357,2020년 9월 21일 14시,월요일,충청북도 청주시 흥덕구 가경동,중상사고,0,1,0,0,차대차 - 측면충돌,신호위반,건조,맑음,교차로 - 교차로안,화물,남,55세,상해없음,자전거,남,86세,중상
2020092100100552,2020년 9월 21일 18시,월요일,충청북도 진천군 덕산면,중상사고,0,1,0,0,차대사람 - 횡단중,안전운전불이행,건조,맑음,단일로 - 기타,승용,남,50세,상해없음,보행자,남,65세,중상
2020092100100554,2020년 9월 21일 18시,월요일,충청북도 청주시 흥덕구 옥산면,경상사고,0,0,1,0,차대차 - 측면충돌,안전운전불이행,건조,맑음,단일로 - 기타,기타불명,기타불명,미분류,기타불명,승용,여,40세,경상
2020092100100598,2020년 9월 21일 19시,월요일,충청북도 충주시 교현동,경상사고,0,0,2,0,차대차 - 후진중충돌,안전운전불이행,건조,맑음,단일로 - 기타,승용,남,62세,상해없음,승용,남,42세,경상
2020092100100599,2020년 9월 21일 19시,월요일,충청북도 진천군 광혜원면,경상사고,0,0,1,0,차대사람 - 기타,보행자보호의무위반,건조,맑음,교차로 - 교차로안,승용,남,64세,상해없음,보행자,남,37세,경상
2020092100100600,2020년 9월 21일 19시,월요일,충청북도 진천군 진천읍,경상사고,0,0,1,0,차대차 - 정면충돌,안전운전불이행,건조,맑음,단일로 - 기타,승용,남,46세,상해없음,승용,남,36세,경상
2020092100100679,2020년 9월 21일 21시,월요일,충청북도 진천군 초평면,경상사고,0,0,1,0,차대차 - 추돌,안전운전불이행,건조,맑음,단일로 - 기타,승용,여,40세,상해없음,승용,남,28세,경상
2020092100100680,2020년 9월 21일 21시,월요일,충청북도 청주시 서원구 분평동,중상사고,0,1,0,0,차대사람 - 기타,신호위반,건조,맑음,교차로 - 교차로횡단보도내,승합,남,59세,상해없음,보행자,남,54세,중상
2020092100100681,2020년 9월 21일 21시,월요일,충청북도 청주시 서원구 수곡동,경상사고,0,0,1,0,차대차 - 기타,안전운전불이행,건조,맑음,교차로 - 교차로안,자전거,남,63세,경상,이륜,남,15세,상해없음
2020092200100056,2020년 9월 22일 06시,화요일,충청북도 증평군 증평읍,경상사고,0,0,1,0,차대차 - 측면충돌,신호위반,건조,맑음,교차로 - 교차로안,승용,남,68세,상해없음,승용,남,61세,경상
2020092200100081,2020년 9월 22일 07시,화요일,충청북도 단양군 매포읍,경상사고,0,0,1,0,차대차 - 측면충돌,안전운전불이행,건조,맑음,기타 - 기타,화물,남,48세,상해없음,이륜,남,55세,경상
2020092200100117,2020년 9월 22일 08시,화요일,충청북도 충주시 용산동,경상사고,0,0,1,0,차대차 - 측면충돌,안전운전불이행,건조,맑음,교차로 - 교차로횡단보도내,승용,남,73세,상해없음,자전거,남,13세,경상
2020092200100161,2020년 9월 22일 09시,화요일,충청북도 충주시 교현동,중상사고,0,1,0,0,차대차 - 기타,안전운전불이행,건조,맑음,교차로 - 교차로횡단보도내,승용,남,47세,상해없음,자전거,남,46세,중상
2020092200100162,2020년 9월 22일 09시,화요일,충청북도 진천군 진천읍,경상사고,0,0,1,0,차대차 - 측면충돌,신호위반,건조,맑음,교차로 - 교차로안,승용,여,36세,상해없음,화물,남,70세,경상
2020092200100197,2020년 9월 22일 10시,화요일,충청북도 진천군 덕산읍,경상사고,0,0,1,0,차대차 - 기타,안전운전불이행,건조,맑음,단일로 - 기타,승용,남,24세,기타불명,화물,남,57세,상해없음
2020092200100198,2020년 9월 22일 10시,화요일,충청북도 청주시 흥덕구 복대동,경상사고,0,0,2,0,차대차 - 기타,신호위반,건조,맑음,교차로 - 교차로안,이륜,남,16세,상해없음,승용,남,42세,경상
2020092200100278,2020년 9월 22일 12시,화요일,충청북도 충주시 성남동,경상사고,0,0,1,0,차대차 - 측면충돌,직진우회전진행방해,건조,맑음,교차로 - 교차로안,승용,남,65세,상해없음,원동기,남,40세,경상
2020092200100316,2020년 9월 22일 13시,화요일,충청북도 청주시 서원구 현도면,중상사고,0,1,0,0,차대차 - 기타,안전운전불이행,건조,맑음,단일로 - 기타,이륜,남,72세,중상,승용,남,37세,상해없음
2020092200100399,2020년 9월 22일 15시,화요일,충청북도 청주시 청원구 오창읍,경상사고,0,0,3,0,차대차 - 기타,신호위반,건조,맑음,교차로 - 교차로안,승용,남,39세,상해없음,승용,남,26세,경상
2020092200100400,2020년 9월 22일 15시,화요일,충청북도 단양군 단양읍,중상사고,0,1,1,0,차대사람 - 횡단중,보행자보호의무위반,건조,맑음,교차로 - 교차로부근,승용,여,58세,상해없음,보행자,여,8세,중상
2020092200100401,2020년 9월 22일 15시,화요일,충청북도 진천군 덕산읍,경상사고,0,0,1,0,차대차 - 측면충돌,교차로운행방법위반,건조,맑음,교차로 - 교차로안,승용,여,57세,상해없음,승용,여,59세,경상
2020092200100455,2020년 9월 22일 16시,화요일,충청북도 청주시 청원구 오창읍,중상사고,0,1,0,0,차대차 - 기타,신호위반,건조,맑음,교차로 - 교차로안,화물,남,37세,상해없음,개인형이동수단(PM),남,43세,중상
2020092200100513,2020년 9월 22일 17시,화요일,충청북도 청주시 상당구 금천동,경상사고,0,0,1,0,차대차 - 측면충돌,중앙선침범,건조,맑음,교차로 - 교차로부근,자전거,여,59세,경상,승용,남,48세,상해없음
2020092200100514,2020년 9월 22일 17시,화요일,충청북도 청주시 서원구 분평동,경상사고,0,0,3,0,차대차 - 측면충돌,안전거리미확보,건조,맑음,단일로 - 지하차도(도로)내,승용,여,47세,경상,승용,여,43세,경상
2020092200100564,2020년 9월 22일 18시,화요일,충청북도 충주시 교현동,경상사고,0,0,1,0,차대사람 - 횡단중,보행자보호의무위반,건조,맑음,교차로 - 교차로횡단보도내,승용,여,36세,상해없음,보행자,여,75세,경상
2020092200100565,2020년 9월 22일 18시,화요일,충청북도 청주시 흥덕구 강서동,경상사고,0,0,1,0,차대사람 - 횡단중,보행자보호의무위반,건조,맑음,교차로 - 교차로안,승용,여,33세,상해없음,보행자,남,65세,경상
2020092200100566,2020년 9월 22일 18시,화요일,충청북도 청주시 흥덕구 오송읍,경상사고,0,0,1,0,차대사람 - 기타,안전운전불이행,건조,맑음,단일로 - 기타,승용,남,52세,상해없음,보행자,여,58세,경상
2020092200100625,2020년 9월 22일 19시,화요일,충청북도 청주시 청원구 주중동,경상사고,0,0,3,0,차대차 - 기타,차로위반,건조,맑음,교차로 - 교차로부근,승용,여,45세,상해없음,승용,남,34세,경상
2020092200100626,2020년 9월 22일 19시,화요일,충청북도 청주시 서원구 사직동,중상사고,0,1,0,0,차대사람 - 기타,안전운전불이행,건조,맑음,주차장 - 주차장,승용,남,39세,상해없음,보행자,남,79세,중상
2020092200100627,2020년 9월 22일 19시,화요일,충청북도 청주시 상당구 석교동,경상사고,0,0,1,0,차대차 - 측면충돌,교차로운행방법위반,건조,맑음,교차로 - 교차로안,화물,남,60세,상해없음,자전거,여,28세,경상
2020092200100628,2020년 9월 22일 19시,화요일,충청북도 청주시 서원구 모충동,경상사고,0,0,1,0,차대차 - 측면충돌,안전운전불이행,건조,맑음,교차로 - 교차로안,승용,여,49세,상해없음,승용,남,50세,경상
2020092200100665,2020년 9월 22일 20시,화요일,충청북도 청주시 상당구 수동,중상사고,0,1,0,0,차대차 - 측면충돌,직진우회전진행방해,건조,맑음,교차로 - 교차로안,승용,여,55세,상해없음,승용,남,24세,중상
2020092200100707,2020년 9월 22일 22시,화요일,충청북도 충주시 연수동,경상사고,0,0,2,0,차대차 - 후진중충돌,안전운전불이행,건조,흐림,단일로 - 기타,승용,남,62세,상해없음,승용,남,54세,경상
2020092300100025,2020년 9월 23일 02시,수요일,충청북도 청주시 상당구 북문로2가동,경상사고,0,0,1,0,차대차 - 기타,중앙선침범,건조,맑음,교차로 - 교차로부근,기타불명,기타불명,미분류,기타불명,승용,남,61세,상해없음
2020092300100031,2020년 9월 23일 03시,수요일,충청북도 청주시 서원구 성화동,중상사고,0,1,0,0,차량단독 - 기타,안전운전불이행,건조,맑음,기타 - 기타,승용,여,37세,중상,,,,
2020092300100070,2020년 9월 23일 07시,수요일,충청북도 음성군 금왕읍,경상사고,0,0,1,0,차대차 - 기타,기타,건조,맑음,교차로 - 교차로안,승용,여,48세,상해없음,화물,남,40세,경상
2020092300100071,2020년 9월 23일 07시,수요일,충청북도 청주시 흥덕구 송절동,경상사고,0,0,1,0,차대차 - 측면충돌,중앙선침범,건조,맑음,교차로 - 교차로부근,승용,남,24세,상해없음,화물,남,37세,경상
2020092300100106,2020년 9월 23일 08시,수요일,충청북도 제천시 화산동,경상사고,0,0,2,0,차대차 - 정면충돌,중앙선침범,건조,맑음,단일로 - 지하차도(도로)내,화물,남,57세,상해없음,화물,남,45세,경상
2020092300100107,2020년 9월 23일 08시,수요일,충청북도 청주시 서원구 남이면,경상사고,0,0,1,0,차대차 - 측면충돌,안전거리미확보,건조,맑음,단일로 - 기타,화물,남,65세,상해없음,승용,남,38세,경상
2020092300100178,2020년 9월 23일 10시,수요일,충청북도 충주시 교현동,경상사고,0,0,1,0,차대차 - 측면충돌,직진우회전진행방해,건조,맑음,교차로 - 교차로안,승용,남,35세,상해없음,승용,여,58세,경상
2020092300100218,2020년 9월 23일 11시,수요일,충청북도 제천시 고암동,경상사고,0,0,1,0,차대차 - 측면충돌,안전운전불이행,건조,맑음,교차로 - 교차로부근,화물,남,64세,경상,승용,남,51세,상해없음
2020092300100245,2020년 9월 23일 12시,수요일,충청북도 청주시 흥덕구 운천동,경상사고,0,0,1,0,차대차 - 측면충돌,안전운전불이행,건조,맑음,교차로 - 교차로횡단보도내,승용,여,53세,상해없음,자전거,남,76세,경상
2020092300100318,2020년 9월 23일 14시,수요일,충청북도 보은군 보은읍,중상사고,0,1,0,0,차량단독 - 전도전복 - 전도,안전운전불이행,건조,맑음,교차로 - 교차로안,이륜,남,90세,중상,,,,
2020092300100395,2020년 9월 23일 16시,수요일,충청북도 청주시 청원구 오창읍,중상사고,0,1,0,0,차대차 - 정면충돌,직진우회전진행방해,건조,맑음,교차로 - 교차로안,화물,남,70세,상해없음,이륜,남,77세,중상
2020092300100396,2020년 9월 23일 16시,수요일,충청북도 제천시 하소동,중상사고,0,1,0,0,차대차 - 측면충돌,안전운전불이행,건조,맑음,교차로 - 교차로횡단보도내,승용,남,73세,상해없음,자전거,남,78세,중상
2020092300100397,2020년 9월 23일 16시,수요일,충청북도 제천시 청전동,경상사고,0,0,1,0,차대차 - 추돌,안전운전불이행,건조,맑음,기타 - 기타,승용,여,26세,상해없음,승용,여,41세,경상
2020092300100483,2020년 9월 23일 18시,수요일,충청북도 청주시 청원구 우암동,경상사고,0,0,1,0,차대차 - 기타,안전운전불이행,건조,맑음,교차로 - 교차로부근,승용,남,32세,상해없음,이륜,남,32세,경상
2020092300100544,2020년 9월 23일 19시,수요일,충청북도 청주시 상당구 용담동,경상사고,0,0,1,0,차대차 - 추돌,안전운전불이행,건조,맑음,단일로 - 지하차도(도로)내,승용,남,64세,상해없음,승용,여,26세,경상
2020092300100584,2020년 9월 23일 20시,수요일,충청북도 청주시 청원구 주중동,경상사고,0,0,2,0,차대차 - 기타,안전운전불이행,건조,맑음,교차로 - 교차로부근,이륜,남,53세,경상,승용,남,45세,경상
2020092300100585,2020년 9월 23일 20시,수요일,충청북도 청주시 서원구 산남동,경상사고,0,0,3,0,차대차 - 후진중충돌,안전운전불이행,건조,맑음,단일로 - 지하차도(도로)내,승합,남,63세,상해없음,화물,남,54세,경상
2020092300100626,2020년 9월 23일 22시,수요일,충청북도 청주시 흥덕구 봉명동,중상사고,0,1,0,0,차대사람 - 횡단중,안전운전불이행,건조,맑음,단일로 - 기타,승용,남,41세,상해없음,보행자,남,61세,중상
2020092300100640,2020년 9월 23일 23시,수요일,충청북도 청주시 상당구 용담동,경상사고,0,0,3,0,차대차 - 측면충돌,안전운전불이행,건조,맑음,교차로 - 교차로안,승합,남,48세,경상,승용,여,33세,경상
2020092400100028,2020년 9월 24일 02시,목요일,충청북도 청주시 상당구 용담동,경상사고,0,0,2,0,차대차 - 기타,신호위반,건조,흐림,교차로 - 교차로안,기타불명,기타불명,미분류,기타불명,승용,남,60세,경상
2020092400100034,2020년 9월 24일 03시,목요일,충청북도 충주시 호암동,경상사고,0,0,1,0,차대사람 - 횡단중,안전운전불이행,건조,맑음,교차로 - 교차로안,승용,여,18세,상해없음,보행자,남,39세,경상
2020092400100087,2020년 9월 24일 07시,목요일,충청북도 제천시 왕암동,중상사고,0,1,0,0,차대차 - 측면충돌,신호위반,건조,맑음,교차로 - 교차로안,승용,남,57세,상해없음,화물,남,39세,중상
2020092400100166,2020년 9월 24일 09시,목요일,충청북도 충주시 노은면,중상사고,0,1,0,0,차량단독 - 도로외이탈 - 기타,안전운전불이행,건조,맑음,단일로 - 기타,자전거,남,50세,중상,,,,
2020092400100167,2020년 9월 24일 09시,목요일,충청북도 제천시 장락동,경상사고,0,0,3,0,차대차 - 측면충돌,교차로운행방법위반,건조,맑음,교차로 - 교차로안,승용,남,56세,경상,승용,남,36세,경상
2020092400100193,2020년 9월 24일 10시,목요일,충청북도 보은군 수한면,사망사고,1,0,0,0,차대차 - 추돌,안전운전불이행,건조,맑음,단일로 - 기타,승합,남,55세,상해없음,이륜,남,64세,사망
2020092400100223,2020년 9월 24일 11시,목요일,충청북도 청주시 청원구 내수읍,경상사고,0,0,2,0,차대차 - 측면충돌,안전거리미확보,건조,맑음,교차로 - 교차로부근,승용,여,51세,경상,승용,여,70세,경상
2020092400100224,2020년 9월 24일 11시,목요일,충청북도 음성군 금왕읍,경상사고,0,0,1,0,차대차 - 추돌,안전운전불이행,건조,맑음,단일로 - 기타,화물,남,76세,경상,승용,여,56세,상해없음
2020092400100226,2020년 9월 24일 11시,목요일,충청북도 청주시 서원구 수곡동,부상신고사고,0,0,0,1,차대차 - 추돌,안전운전불이행,건조,맑음,단일로 - 기타,이륜,남,60세,부상신고,승용,남,70세,상해없음
2020092400100255,2020년 9월 24일 12시,목요일,충청북도 청주시 상당구 석교동,경상사고,0,0,1,0,차대사람 - 기타,안전운전불이행,건조,맑음,기타 - 기타,화물,남,48세,상해없음,보행자,남,54세,경상
2020092400100292,2020년 9월 24일 13시,목요일,충청북도 청주시 청원구 율량동,경상사고,0,0,2,0,차대차 - 기타,안전운전불이행,건조,맑음,교차로 - 교차로안,승용,여,66세,기타불명,승용,남,53세,경상
2020092400100293,2020년 9월 24일 13시,목요일,충청북도 충주시 연수동,경상사고,0,0,1,0,차대차 - 정면충돌,안전운전불이행,건조,맑음,단일로 - 기타,승용,여,47세,상해없음,자전거,남,63세,경상
2020092400100326,2020년 9월 24일 14시,목요일,충청북도 청주시 흥덕구 강서동,경상사고,0,0,1,0,차대차 - 기타,안전거리미확보,건조,맑음,교차로 - 교차로부근,승용,여,56세,상해없음,승용,여,59세,경상
2020092400100327,2020년 9월 24일 14시,목요일,충청북도 괴산군 장연면,경상사고,0,0,1,0,차대차 - 추돌,안전거리미확보,건조,맑음,단일로 - 기타,승용,남,32세,상해없음,승용,남,23세,경상
2020092400100363,2020년 9월 24일 15시,목요일,충청북도 충주시 칠금동,사망사고,1,0,0,0,차대차 - 측면충돌,안전운전불이행,건조,맑음,교차로 - 교차로부근,화물,남,75세,상해없음,자전거,여,65세,사망
2020092400100396,2020년 9월 24일 16시,목요일,충청북도 옥천군 옥천읍,중상사고,0,1,0,0,차대차 - 후진중충돌,안전운전불이행,건조,맑음,단일로 - 기타,화물,남,49세,상해없음,이륜,남,51세,중상
2020092400100397,2020년 9월 24일 16시,목요일,충청북도 진천군 문백면,경상사고,0,0,8,1,차대차 - 추돌,안전운전불이행,건조,맑음,단일로 - 기타,승용,남,34세,경상,승용,남,45세,경상
2020092400100441,2020년 9월 24일 17시,목요일,충청북도 진천군 광혜원면,경상사고,0,0,1,0,차대차 - 기타,안전운전불이행,건조,맑음,단일로 - 기타,농기계,남,73세,상해없음,농기계,남,77세,상해없음
2020092400100442,2020년 9월 24일 17시,목요일,충청북도 청주시 흥덕구 봉명동,경상사고,0,0,1,0,차대차 - 측면충돌,직진우회전진행방해,건조,맑음,교차로 - 교차로안,승용,남,45세,상해없음,승용,남,75세,경상
2020092400100498,2020년 9월 24일 18시,목요일,충청북도 청주시 흥덕구 복대동,부상신고사고,0,0,0,1,차대차 - 측면충돌,안전운전불이행,건조,맑음,교차로 - 교차로안,이륜,남,23세,부상신고,승용,남,73세,상해없음
2020092400100545,2020년 9월 24일 19시,목요일,충청북도 청주시 청원구 내덕동,경상사고,0,0,2,0,차대차 - 기타,안전운전불이행,건조,맑음,교차로 - 교차로부근,승용,남,59세,상해없음,승용,남,28세,경상
2020092400100546,2020년 9월 24일 19시,목요일,충청북도 청주시 청원구 오창읍,중상사고,0,1,0,0,차대차 - 기타,안전거리미확보,건조,맑음,교차로 - 교차로부근,승용,남,55세,상해없음,개인형이동수단(PM),남,34세,중상
2020092400100589,2020년 9월 24일 20시,목요일,충청북도 괴산군 청천면,중상사고,0,1,0,0,차대사람 - 길가장자리구역통행중,안전운전불이행,건조,맑음,단일로 - 기타,승용,여,70세,상해없음,보행자,남,50세,중상
2020092400100591,2020년 9월 24일 20시,목요일,충청북도 청주시 상당구 금천동,경상사고,0,0,1,0,차대차 - 후진중충돌,안전운전불이행,건조,맑음,교차로 - 교차로부근,승용,여,44세,상해없음,승용,남,24세,경상
2020092400100626,2020년 9월 24일 21시,목요일,충청북도 충주시 주덕읍,경상사고,0,0,1,0,차대차 - 추돌,안전운전불이행,건조,맑음,교차로 - 교차로안,화물,남,30세,상해없음,승용,남,45세,경상
2020092400100627,2020년 9월 24일 21시,목요일,충청북도 청주시 상당구 방서동,경상사고,0,0,3,0,차대차 - 측면충돌,안전운전불이행,건조,맑음,교차로 - 교차로횡단보도내,승용,여,48세,경상,승용,남,62세,경상
2020092400100646,2020년 9월 24일 22시,목요일,충청북도 영동군 영동읍,경상사고,0,0,1,0,차대차 - 추돌,안전운전불이행,건조,맑음,교차로 - 교차로부근,승용,남,53세,상해없음,승용,남,30세,경상
2020092400100665,2020년 9월 24일 23시,목요일,충청북도 제천시 신월동,경상사고,0,0,2,0,차대차 - 추돌,안전운전불이행,건조,맑음,단일로 - 지하차도(도로)내,승용,남,68세,상해없음,승용,남,22세,경상
2020092400100666,2020년 9월 24일 23시,목요일,충청북도 청주시 흥덕구 봉명동,경상사고,0,0,1,0,차대사람 - 기타,안전운전불이행,건조,맑음,교차로 - 교차로부근,승용,남,34세,상해없음,보행자,남,29세,경상
2020092400100667,2020년 9월 24일 23시,목요일,충청북도 청주시 상당구 영운동,중상사고,0,2,0,0,차대차 - 측면충돌,신호위반,건조,맑음,교차로 - 교차로안,원동기,남,16세,중상,승용,여,40세,중상
2020092500100023,2020년 9월 25일 01시,금요일,충청북도 충주시 달천동,중상사고,0,1,0,0,차대차 - 추돌,안전운전불이행,건조,맑음,교차로 - 교차로부근,승용,남,26세,상해없음,승합,남,76세,중상
2020092500100043,2020년 9월 25일 04시,금요일,충청북도 청주시 서원구 사창동,중상사고,0,1,1,0,차대차 - 기타,신호위반,건조,맑음,교차로 - 교차로안,승용,여,61세,상해없음,승용,남,64세,중상
2020092500100090,2020년 9월 25일 07시,금요일,충청북도 청주시 서원구 장암동,경상사고,0,0,2,0,차대차 - 추돌,안전운전불이행,건조,맑음,교차로 - 교차로부근,승용,남,68세,상해없음,승용,여,29세,경상
2020092500100122,2020년 9월 25일 08시,금요일,충청북도 충주시 연수동,경상사고,0,0,2,0,차대차 - 추돌,안전운전불이행,건조,맑음,단일로 - 기타,승용,남,24세,상해없음,승용,여,27세,경상
2020092500100148,2020년 9월 25일 09시,금요일,충청북도 보은군 보은읍,경상사고,0,0,2,0,차대차 - 측면충돌,교차로운행방법위반,건조,맑음,교차로 - 교차로안,승용,남,80세,경상,승용,남,48세,경상
2020092500100180,2020년 9월 25일 10시,금요일,충청북도 청주시 서원구 모충동,중상사고,0,1,0,0,차대차 - 기타,신호위반,건조,맑음,교차로 - 교차로부근,이륜,남,54세,중상,승용,남,58세,상해없음
2020092500100211,2020년 9월 25일 11시,금요일,충청북도 충주시 산척면,중상사고,0,1,0,0,차대차 - 기타,중앙선침범,건조,맑음,단일로 - 기타,승용,남,59세,상해없음,화물,남,34세,중상
2020092500100212,2020년 9월 25일 11시,금요일,충청북도 청주시 흥덕구 봉명동,경상사고,0,0,1,0,차대차 - 기타,신호위반,건조,맑음,교차로 - 교차로부근,이륜,남,19세,상해없음,승용,여,36세,경상
2020092500100245,2020년 9월 25일 12시,금요일,충청북도 청주시 서원구 수곡동,경상사고,0,0,1,0,차대차 - 측면충돌,안전운전불이행,건조,맑음,교차로 - 교차로안,승용,남,53세,상해없음,승용,남,46세,경상
2020092500100280,2020년 9월 25일 13시,금요일,충청북도 충주시 살미면,경상사고,0,0,2,0,차대차 - 추돌,안전거리미확보,건조,맑음,교차로 - 교차로부근,승용,남,54세,상해없음,승용,남,56세,경상
2020092500100281,2020년 9월 25일 13시,금요일,충청북도 제천시 중앙로2가,중상사고,0,1,0,0,차대사람 - 횡단중,안전운전불이행,건조,맑음,교차로 - 교차로안,승용,여,58세,상해없음,보행자,남,91세,중상
2020092500100282,2020년 9월 25일 13시,금요일,충청북도 괴산군 청천면,중상사고,0,3,0,0,차대차 - 정면충돌,중앙선침범,건조,맑음,단일로 - 기타,승용,남,59세,중상,승용,남,62세,중상
2020092500100337,2020년 9월 25일 14시,금요일,충청북도 충주시 주덕읍,중상사고,0,1,0,0,차대차 - 기타,안전거리미확보,건조,맑음,단일로 - 기타,화물,남,41세,상해없음,승용,남,34세,중상
2020092500100338,2020년 9월 25일 14시,금요일,충청북도 옥천군 옥천읍,중상사고,0,1,0,0,차대사람 - 차도통행중,안전운전불이행,건조,맑음,단일로 - 기타,승용,남,68세,기타불명,보행자,여,59세,중상
2020092500100376,2020년 9월 25일 15시,금요일,충청북도 음성군 음성읍,중상사고,0,1,0,0,차량단독 - 공작물충돌,안전운전불이행,건조,맑음,교차로 - 교차로부근,승용,남,26세,기타불명,,,,
2020092500100377,2020년 9월 25일 15시,금요일,충청북도 청주시 서원구 분평동,경상사고,0,0,2,0,차대차 - 측면충돌,안전운전불이행,건조,맑음,교차로 - 교차로안,승용,남,57세,상해없음,승용,남,30세,경상
2020092500100421,2020년 9월 25일 16시,금요일,충청북도 청주시 청원구 내덕동,경상사고,0,0,1,0,차대차 - 기타,중앙선침범,건조,맑음,교차로 - 교차로부근,승용,남,67세,상해없음,승용,남,31세,경상
2020092500100422,2020년 9월 25일 16시,금요일,충청북도 보은군 장안면,중상사고,0,1,0,0,차대차 - 측면충돌,교차로운행방법위반,건조,맑음,교차로 - 교차로안,승용,여,51세,상해없음,이륜,남,79세,중상
2020092500100483,2020년 9월 25일 17시,금요일,충청북도 괴산군 청천면,중상사고,0,1,0,0,차대차 - 측면충돌,안전운전불이행,건조,맑음,단일로 - 기타,농기계,남,58세,중상,화물,남,68세,상해없음
2020092500100484,2020년 9월 25일 17시,금요일,충청북도 청주시 흥덕구 지동동,경상사고,0,0,1,0,차대차 - 기타,안전운전불이행,건조,맑음,교차로 - 교차로안,승용,여,44세,상해없음,이륜,남,17세,경상
2020092500100553,2020년 9월 25일 18시,금요일,충청북도 청주시 상당구 용암동,중상사고,0,1,0,0,차대차 - 기타,안전운전불이행,건조,맑음,교차로 - 교차로부근,승합,남,49세,상해없음,원동기,남,22세,중상
2020092500100618,2020년 9월 25일 19시,금요일,충청북도 청주시 상당구 금천동,중상사고,0,1,0,0,차대차 - 측면충돌,신호위반,건조,맑음,교차로 - 교차로안,승용,남,35세,상해없음,원동기,남,21세,중상
2020092500100666,2020년 9월 25일 20시,금요일,충청북도 청주시 청원구 북이면,경상사고,0,0,1,0,차대차 - 기타,과속,건조,맑음,단일로 - 기타,승용,남,28세,상해없음,승용,여,21세,경상
2020092500100757,2020년 9월 25일 23시,금요일,충청북도 음성군 금왕읍,중상사고,0,1,0,0,차량단독 - 공작물충돌,안전운전불이행,건조,맑음,단일로 - 기타,승용,남,30세,중상,,,,
2020092600100054,2020년 9월 26일 04시,토요일,충청북도 충주시 금릉동,중상사고,0,1,1,0,차대차 - 측면충돌,안전운전불이행,건조,흐림,교차로 - 교차로안,승용,여,50세,중상,화물,남,38세,경상