사고번호,사고일시,요일,시군구,사고내용,사망자수,중상자수,경상자수,부상신고자수,사고유형,법규위반,노면상태,기상상태,도로형태,가해운전자 차종,가해운전자 성별,가해운전자 연령,가해운전자 상해정도,피해운전자 차종,피해운전자 성별,피해운전자 연령,피해운전자 상해정도
2020102100100281,2020년 10월 21일 13시,수요일,충청북도 청주시 청원구 오창읍,경상사고,0,0,1,0,차대차 - 측면충돌,직진우회전진행방해,건조,맑음,단일로 - 기타,승용,여,30세,상해없음,승용,남,24세,경상
2020102100100282,2020년 10월 21일 13시,수요일,충청북도 청주시 흥덕구 봉명동,경상사고,0,0,1,0,차대차 - 추돌,안전운전불이행,건조,맑음,단일로 - 기타,승용,여,56세,상해없음,이륜,남,24세,경상
2020102100100385,2020년 10월 21일 16시,수요일,충청북도 충주시 중앙탑면,경상사고,0,0,2,0,차대차 - 추돌,안전운전불이행,건조,맑음,교차로 - 교차로안,화물,남,68세,상해없음,승용,여,62세,경상
2020102100100415,2020년 10월 21일 17시,수요일,충청북도 청주시 흥덕구 신성동,경상사고,0,0,2,0,차대차 - 기타,교차로운행방법위반,건조,맑음,교차로 - 교차로안,화물,남,33세,경상,화물,남,58세,경상
2020102100100480,2020년 10월 21일 18시,수요일,충청북도 충주시 칠금동,중상사고,0,1,1,0,차대차 - 측면충돌,안전운전불이행,건조,흐림,교차로 - 교차로안,승용,남,24세,상해없음,승용,여,52세,중상
2020102100100481,2020년 10월 21일 18시,수요일,충청북도 진천군 진천읍,경상사고,0,0,1,0,차대차 - 기타,차로위반,건조,맑음,단일로 - 기타,화물,남,62세,기타불명,승용,남,60세,경상
2020102100100482,2020년 10월 21일 18시,수요일,충청북도 청주시 흥덕구 비하동,경상사고,0,0,1,0,차대차 - 측면충돌,안전운전불이행,건조,맑음,단일로 - 기타,기타불명,기타불명,미분류,기타불명,승용,여,70세,경상
2020102100100483,2020년 10월 21일 18시,수요일,충청북도 청주시 흥덕구 강내면,경상사고,0,0,1,0,차대차 - 측면충돌,안전운전불이행,건조,맑음,단일로 - 기타,화물,남,48세,상해없음,승용,여,59세,경상
2020102100100484,2020년 10월 21일 18시,수요일,충청북도 청주시 서원구 수곡동,경상사고,0,0,2,0,차대차 - 측면충돌,직진우회전진행방해,건조,맑음,교차로 - 교차로안,이륜,남,34세,경상,승용,남,34세,경상
2020102100100547,2020년 10월 21일 19시,수요일,충청북도 청주시 상당구 방서동,경상사고,0,0,1,0,차대차 - 기타,안전거리미확보,건조,맑음,단일로 - 기타,승용,여,29세,기타불명,승용,남,21세,경상
2020102100100595,2020년 10월 21일 20시,수요일,충청북도 제천시 화산동,경상사고,0,0,1,0,차대차 - 측면충돌,신호위반,건조,맑음,교차로 - 교차로안,승용,여,40세,상해없음,승용,남,50세,경상
2020102100100596,2020년 10월 21일 20시,수요일,충청북도 음성군 대소면,경상사고,0,0,1,0,차대차 - 기타,안전운전불이행,건조,맑음,단일로 - 터널,기타불명,기타불명,미분류,기타불명,이륜,남,23세,경상
2020102100100648,2020년 10월 21일 21시,수요일,충청북도 청주시 서원구 죽림동,경상사고,0,0,1,0,차대차 - 측면충돌,신호위반,건조,맑음,교차로 - 교차로부근,승용,남,25세,상해없음,이륜,남,43세,경상
2020102100100649,2020년 10월 21일 21시,수요일,충청북도 청주시 서원구 수곡동,경상사고,0,0,2,0,차대차 - 측면충돌,안전운전불이행,건조,맑음,교차로 - 교차로안,이륜,남,21세,경상,승용,여,49세,경상
2020102100100686,2020년 10월 21일 22시,수요일,충청북도 제천시 화산동,경상사고,0,0,1,0,차대차 - 측면충돌,안전거리미확보,건조,맑음,교차로 - 교차로안,승용,남,61세,상해없음,이륜,남,21세,경상
2020102200100083,2020년 10월 22일 07시,목요일,충청북도 청주시 서원구 사직동,경상사고,0,0,1,0,차대차 - 기타,교차로운행방법위반,건조,맑음,교차로 - 교차로안,승용,여,56세,경상,승용,남,53세,상해없음
2020102200100084,2020년 10월 22일 07시,목요일,충청북도 청주시 서원구 장암동,경상사고,0,0,2,0,차대차 - 기타,안전운전불이행,건조,맑음,단일로 - 기타,승용,여,35세,상해없음,승용,여,44세,경상
2020102200100117,2020년 10월 22일 08시,목요일,충청북도 제천시 의림동,경상사고,0,0,1,0,차대차 - 측면충돌,직진우회전진행방해,건조,맑음,교차로 - 교차로안,승용,여,36세,상해없음,화물,여,59세,경상
2020102200100118,2020년 10월 22일 08시,목요일,충청북도 제천시 청전동,경상사고,0,0,1,0,차대차 - 측면충돌,교차로운행방법위반,건조,맑음,교차로 - 교차로안,승용,남,73세,상해없음,승용,여,49세,경상
2020102200100183,2020년 10월 22일 10시,목요일,충청북도 음성군 음성읍,경상사고,0,0,1,0,차대사람 - 길가장자리구역통행중,안전운전불이행,건조,맑음,단일로 - 기타,화물,남,70세,상해없음,보행자,남,63세,경상
2020102200100184,2020년 10월 22일 10시,목요일,충청북도 진천군 진천읍,경상사고,0,0,2,0,차대차 - 추돌,안전운전불이행,건조,맑음,단일로 - 기타,건설기계,남,53세,상해없음,승용,남,43세,경상
2020102200100212,2020년 10월 22일 11시,목요일,충청북도 청주시 흥덕구 지동동,중상사고,0,1,2,0,차대차 - 기타,신호위반,건조,맑음,교차로 - 교차로안,승용,남,50세,상해없음,승용,남,66세,경상
2020102200100243,2020년 10월 22일 12시,목요일,충청북도 충주시 호암동,경상사고,0,0,1,0,차대차 - 기타,신호위반,건조,맑음,교차로 - 교차로안,승용,여,50세,상해없음,이륜,남,31세,경상
2020102200100244,2020년 10월 22일 12시,목요일,충청북도 제천시 명동,부상신고사고,0,0,0,1,차대차 - 측면충돌,안전운전불이행,건조,맑음,교차로 - 교차로안,이륜,남,76세,부상신고,승용,남,43세,상해없음
2020102200100245,2020년 10월 22일 12시,목요일,충청북도 청주시 서원구 개신동,경상사고,0,0,1,0,차대차 - 추돌,안전운전불이행,건조,맑음,교차로 - 교차로부근,승용,남,68세,상해없음,화물,남,33세,경상
2020102200100314,2020년 10월 22일 14시,목요일,충청북도 충주시 성내동,중상사고,0,1,0,0,차대차 - 측면충돌,직진우회전진행방해,건조,맑음,교차로 - 교차로안,승용,남,60세,상해없음,자전거,여,79세,중상
2020102200100315,2020년 10월 22일 14시,목요일,충청북도 진천군 진천읍,경상사고,0,0,1,0,차대차 - 추돌,안전거리미확보,건조,맑음,단일로 - 기타,화물,남,53세,상해없음,화물,남,47세,경상
2020102200100341,2020년 10월 22일 15시,목요일,충청북도 청주시 청원구 우암동,중상사고,0,1,0,0,차대사람 - 횡단중,보행자보호의무위반,건조,맑음,교차로 - 교차로횡단보도내,원동기,남,18세,상해없음,보행자,여,18세,중상
2020102200100342,2020년 10월 22일 15시,목요일,충청북도 영동군 영동읍,중상사고,0,1,1,0,차대차 - 측면충돌,안전운전불이행,건조,맑음,단일로 - 기타,승용,여,62세,상해없음,승용,여,65세,경상
2020102200100343,2020년 10월 22일 15시,목요일,충청북도 청주시 흥덕구 송절동,경상사고,0,0,2,0,차대차 - 측면충돌,불법유턴,건조,맑음,단일로 - 기타,화물,남,74세,상해없음,승합,남,66세,경상
2020102200100344,2020년 10월 22일 15시,목요일,충청북도 청주시 서원구 수곡동,중상사고,0,1,0,0,차대사람 - 차도통행중,안전운전불이행,건조,맑음,단일로 - 지하차도(도로)내,화물,남,59세,상해없음,보행자,남,70세,중상
2020102200100427,2020년 10월 22일 17시,목요일,충청북도 청주시 상당구 금천동,경상사고,0,0,1,0,차대차 - 측면충돌,직진우회전진행방해,건조,맑음,교차로 - 교차로안,원동기,남,43세,경상,승용,남,65세,상해없음
2020102200100477,2020년 10월 22일 18시,목요일,충청북도 청주시 청원구 율량동,경상사고,0,0,2,0,차대차 - 측면충돌,교차로운행방법위반,건조,맑음,교차로 - 교차로안,승합,여,60세,경상,원동기,남,24세,경상
2020102200100478,2020년 10월 22일 18시,목요일,충청북도 청주시 청원구 외평동,경상사고,0,0,5,0,차대차 - 추돌,안전운전불이행,건조,맑음,단일로 - 기타,화물,남,59세,상해없음,승용,남,34세,경상
2020102200100479,2020년 10월 22일 18시,목요일,충청북도 진천군 덕산면,경상사고,0,0,1,0,차대차 - 추돌,안전운전불이행,건조,맑음,단일로 - 기타,승용,기타불명,미분류,기타불명,승용,여,31세,경상
2020102200100480,2020년 10월 22일 18시,목요일,충청북도 청주시 흥덕구 봉명동,중상사고,0,1,0,0,차대사람 - 횡단중,안전운전불이행,건조,맑음,단일로 - 기타,승용,남,60세,상해없음,보행자,여,65세,중상
2020102200100481,2020년 10월 22일 18시,목요일,충청북도 청주시 흥덕구 내곡동,사망사고,2,8,11,0,차대차 - 추돌,안전운전불이행,건조,맑음,단일로 - 기타,승용,남,24세,경상,승용,남,25세,경상
2020102200100571,2020년 10월 22일 20시,목요일,충청북도 청주시 상당구 석교동,부상신고사고,0,0,0,1,차량단독 - 기타,기타,건조,맑음,단일로 - 지하차도(도로)내,승합,남,58세,상해없음,,,,
2020102200100595,2020년 10월 22일 21시,목요일,충청북도 청주시 서원구 산남동,경상사고,0,0,4,0,차대차 - 측면충돌,신호위반,건조,맑음,교차로 - 교차로부근,승용,남,73세,경상,승용,남,48세,경상
2020102200100626,2020년 10월 22일 22시,목요일,충청북도 청주시 청원구 내덕동,경상사고,0,0,1,0,차대차 - 기타,안전거리미확보,건조,맑음,교차로 - 교차로안,승용,남,29세,상해없음,이륜,남,32세,경상
2020102200100627,2020년 10월 22일 22시,목요일,충청북도 충주시 칠금동,경상사고,0,0,1,0,차대차 - 측면충돌,안전거리미확보,건조,맑음,단일로 - 기타,승용,남,37세,상해없음,승용,남,35세,경상
2020102200100645,2020년 10월 22일 23시,목요일,충청북도 청주시 흥덕구 비하동,경상사고,0,0,1,0,차대차 - 기타,안전운전불이행,건조,맑음,단일로 - 기타,기타불명,기타불명,미분류,기타불명,기타불명,남,75세,경상
2020102300100035,2020년 10월 23일 03시,금요일,충청북도 청주시 흥덕구 송절동,중상사고,0,1,0,0,차대차 - 추돌,안전운전불이행,건조,맑음,단일로 - 기타,승용,여,39세,상해없음,특수,남,22세,중상
2020102300100038,2020년 10월 23일 04시,금요일,충청북도 청주시 청원구 우암동,중상사고,0,1,1,0,차대사람 - 횡단중,보행자보호의무위반,건조,맑음,교차로 - 교차로횡단보도내,승용,남,66세,상해없음,보행자,남,55세,중상
2020102300100088,2020년 10월 23일 07시,금요일,충청북도 진천군 덕산면,경상사고,0,0,1,0,차대차 - 측면충돌,신호위반,건조,맑음,교차로 - 교차로부근,승합,남,41세,상해없음,승용,남,25세,경상
2020102300100138,2020년 10월 23일 08시,금요일,충청북도 음성군 생극면,경상사고,0,0,2,0,차대차 - 후진중충돌,안전운전불이행,건조,맑음,단일로 - 기타,화물,남,53세,상해없음,승용,남,24세,경상
2020102300100178,2020년 10월 23일 09시,금요일,충청북도 괴산군 소수면,중상사고,0,1,1,0,차대차 - 정면충돌,중앙선침범,건조,맑음,단일로 - 기타,승용,남,42세,상해없음,화물,남,57세,중상
2020102300100215,2020년 10월 23일 10시,금요일,충청북도 청주시 청원구 오동동,경상사고,0,0,1,0,차대차 - 기타,안전거리미확보,건조,맑음,교차로 - 교차로부근,화물,남,58세,상해없음,승용,남,68세,경상
2020102300100216,2020년 10월 23일 10시,금요일,충청북도 청주시 상당구 영운동,경상사고,0,0,1,0,차대차 - 기타,안전운전불이행,건조,맑음,주차장 - 주차장,화물,남,70세,상해없음,승용,남,34세,경상
2020102300100252,2020년 10월 23일 11시,금요일,충청북도 제천시 화산동,경상사고,0,0,1,0,차대사람 - 차도통행중,안전운전불이행,건조,맑음,교차로 - 교차로부근,승용,남,68세,상해없음,보행자,남,57세,경상
2020102300100253,2020년 10월 23일 11시,금요일,충청북도 청주시 서원구 미평동,경상사고,0,0,2,0,차대차 - 기타,안전거리미확보,건조,맑음,교차로 - 교차로부근,승용,남,81세,경상,승용,남,25세,경상
2020102300100288,2020년 10월 23일 12시,금요일,충청북도 괴산군 장연면,중상사고,0,1,1,0,차대차 - 측면충돌,기타,건조,맑음,교차로 - 교차로부근,농기계,남,66세,상해없음,승용,남,68세,경상
2020102300100289,2020년 10월 23일 12시,금요일,충청북도 진천군 진천읍,경상사고,0,0,1,0,차대차 - 기타,안전운전불이행,건조,맑음,단일로 - 기타,승용,여,44세,상해없음,승용,남,61세,경상
2020102300100369,2020년 10월 23일 14시,금요일,충청북도 청주시 청원구 내덕동,중상사고,0,1,0,0,차대차 - 기타,안전운전불이행,건조,맑음,단일로 - 기타,이륜,남,27세,중상,승용,남,31세,상해없음
2020102300100370,2020년 10월 23일 14시,금요일,충청북도 단양군 단양읍,경상사고,0,0,3,0,차대차 - 정면충돌,중앙선침범,건조,맑음,기타 - 기타,화물,남,78세,경상,승용,여,31세,경상
2020102300100413,2020년 10월 23일 15시,금요일,충청북도 청주시 청원구 율량동,경상사고,0,0,1,0,차대사람 - 기타,안전운전불이행,건조,맑음,단일로 - 기타,자전거,여,70세,상해없음,보행자,남,30세,경상
2020102300100414,2020년 10월 23일 15시,금요일,충청북도 청주시 청원구 주중동,중상사고,0,1,0,0,차대차 - 기타,안전운전불이행,건조,맑음,교차로 - 교차로안,자전거,남,8세,상해없음,자전거,남,8세,중상
2020102300100415,2020년 10월 23일 15시,금요일,충청북도 진천군 이월면,중상사고,0,1,0,0,차대차 - 기타,중앙선침범,건조,맑음,단일로 - 기타,승용,남,55세,상해없음,원동기,남,25세,중상
2020102300100416,2020년 10월 23일 15시,금요일,충청북도 청주시 상당구 서문동,경상사고,0,0,1,2,차대차 - 측면충돌,교차로운행방법위반,건조,맑음,교차로 - 교차로안,승용,남,60세,경상,승용,여,45세,상해없음
2020102300100417,2020년 10월 23일 15시,금요일,충청북도 청주시 상당구 금천동,경상사고,0,0,1,0,차대차 - 기타,안전운전불이행,건조,맑음,교차로 - 교차로안,승용,남,44세,상해없음,승용,남,45세,경상
2020102300100470,2020년 10월 23일 16시,금요일,충청북도 청주시 서원구 수곡동,경상사고,0,0,2,0,차대차 - 측면충돌,교차로운행방법위반,건조,맑음,교차로 - 교차로안,승용,남,63세,경상,승용,여,33세,경상
2020102300100533,2020년 10월 23일 17시,금요일,충청북도 제천시 모산동,부상신고사고,0,0,0,1,차대차 - 측면충돌,안전운전불이행,건조,맑음,단일로 - 기타,이륜,남,21세,부상신고,승용,남,50세,상해없음
2020102300100612,2020년 10월 23일 18시,금요일,충청북도 청주시 청원구 주중동,경상사고,0,0,1,0,차대차 - 추돌,안전운전불이행,건조,맑음,교차로 - 교차로부근,승용,남,45세,상해없음,승용,남,57세,경상
2020102300100613,2020년 10월 23일 18시,금요일,충청북도 충주시 용산동,중상사고,0,1,0,0,차대차 - 추돌,안전운전불이행,건조,맑음,교차로 - 교차로부근,승용,여,36세,상해없음,이륜,남,47세,중상
2020102300100614,2020년 10월 23일 18시,금요일,충청북도 음성군 원남면,경상사고,0,0,5,0,차대차 - 측면충돌,안전거리미확보,건조,맑음,교차로 - 교차로부근,승용,남,53세,상해없음,승용,남,42세,경상
2020102300100615,2020년 10월 23일 18시,금요일,충청북도 단양군 단성면,사망사고,1,0,0,0,차대차 - 추돌,안전운전불이행,건조,맑음,단일로 - 기타,화물,남,68세,사망,농기계,남,70세,기타불명
2020102300100616,2020년 10월 23일 18시,금요일,충청북도 진천군 이월면,경상사고,0,0,1,0,차대차 - 측면충돌,안전운전불이행,건조,맑음,교차로 - 교차로안,화물,남,75세,상해없음,승용,남,72세,경상
2020102300100617,2020년 10월 23일 18시,금요일,충청북도 청주시 흥덕구 봉명동,경상사고,0,0,2,0,차대차 - 측면충돌,교차로운행방법위반,건조,맑음,교차로 - 교차로안,승용,남,28세,경상,승용,남,34세,경상
2020102300100700,2020년 10월 23일 19시,금요일,충청북도 제천시 청전동,경상사고,0,0,1,0,차대사람 - 길가장자리구역통행중,안전운전불이행,건조,맑음,단일로 - 기타,화물,남,66세,상해없음,보행자,남,37세,경상
2020102300100701,2020년 10월 23일 19시,금요일,충청북도 청주시 서원구 수곡동,경상사고,0,0,1,0,차대차 - 측면충돌,안전운전불이행,건조,맑음,교차로 - 교차로안,승용,남,73세,상해없음,자전거,남,26세,경상
2020102300100702,2020년 10월 23일 19시,금요일,충청북도 충주시 대소원면,경상사고,0,0,1,0,차대차 - 측면충돌,안전거리미확보,건조,맑음,단일로 - 기타,화물,남,70세,상해없음,승용,남,40세,경상
2020102300100781,2020년 10월 23일 21시,금요일,충청북도 청주시 흥덕구 오송읍,경상사고,0,0,2,0,차대차 - 추돌,안전운전불이행,건조,맑음,교차로 - 교차로부근,승용,남,38세,상해없음,승용,남,50세,경상
2020102300100782,2020년 10월 23일 21시,금요일,충청북도 충주시 앙성면,경상사고,0,0,5,0,차대차 - 추돌,안전거리미확보,건조,맑음,단일로 - 지하차도(도로)내,승용,남,60세,상해없음,승용,여,54세,경상
2020102300100809,2020년 10월 23일 22시,금요일,충청북도 괴산군 청천면,중상사고,0,1,1,0,차량단독 - 도로외이탈 - 기타,안전운전불이행,건조,맑음,교차로 - 교차로부근,화물,남,64세,경상,,,,
2020102300100810,2020년 10월 23일 22시,금요일,충청북도 청주시 흥덕구 강내면,경상사고,0,0,1,0,차대차 - 기타,신호위반,건조,맑음,교차로 - 교차로부근,승용,여,48세,상해없음,승용,남,29세,경상
2020102300100844,2020년 10월 23일 23시,금요일,충청북도 제천시 천남동,중상사고,0,1,2,0,차대차 - 추돌,안전운전불이행,건조,맑음,교차로 - 교차로부근,승용,남,45세,상해없음,승용,남,40세,중상
2020102300100845,2020년 10월 23일 23시,금요일,충청북도 음성군 대소면,경상사고,0,0,4,0,차대차 - 정면충돌,과속,건조,맑음,단일로 - 기타,승용,남,42세,상해없음,승합,남,34세,상해없음
2020102300100846,2020년 10월 23일 23시,금요일,충청북도 청주시 서원구 분평동,경상사고,0,0,1,0,차대차 - 기타,안전운전불이행,건조,맑음,교차로 - 교차로부근,이륜,남,16세,상해없음,승용,남,48세,상해없음
2020102400100019,2020년 10월 24일 00시,토요일,충청북도 청주시 서원구 현도면,경상사고,0,0,1,0,차량단독 - 공작물충돌,안전운전불이행,건조,맑음,단일로 - 기타,승용,남,26세,경상,,,,
2020102400100087,2020년 10월 24일 06시,토요일,충청북도 청주시 상당구 석교동,중상사고,0,1,0,0,차대사람 - 기타,안전운전불이행,건조,맑음,교차로 - 교차로안,화물,남,65세,상해없음,보행자,여,72세,중상
2020102400100103,2020년 10월 24일 07시,토요일,충청북도 청주시 청원구 오창읍,중상사고,0,1,0,0,차대차 - 측면충돌,교차로운행방법위반,건조,맑음,교차로 - 교차로안,승합,남,41세,상해없음,화물,남,62세,중상
2020102400100104,2020년 10월 24일 07시,토요일,충청북도 충주시 주덕읍,경상사고,0,0,3,0,차대차 - 기타,안전운전불이행,건조,맑음,단일로 - 기타,승용,여,34세,경상,승용,남,26세,경상
2020102400100149,2020년 10월 24일 09시,토요일,충청북도 청주시 청원구 내덕동,중상사고,0,1,0,0,차대차 - 기타,신호위반,건조,맑음,교차로 - 교차로안,승합,남,64세,상해없음,이륜,남,71세,중상
2020102400100150,2020년 10월 24일 09시,토요일,충청북도 청주시 청원구 내덕동,경상사고,0,0,1,0,차대차 - 기타,신호위반,건조,맑음,교차로 - 교차로안,자전거,여,33세,경상,자전거,여,58세,상해없음
2020102400100151,2020년 10월 24일 09시,토요일,충청북도 청주시 서원구 모충동,경상사고,0,0,1,0,차대차 - 측면충돌,안전운전불이행,건조,맑음,기타 - 기타,자전거,남,43세,경상,승용,남,50세,상해없음
2020102400100177,2020년 10월 24일 10시,토요일,충청북도 충주시 연수동,중상사고,0,2,0,0,차대차 - 측면충돌,신호위반,건조,맑음,교차로 - 교차로안,승용,여,51세,상해없음,사륜오토바이(ATV),남,66세,중상
2020102400100178,2020년 10월 24일 10시,토요일,충청북도 충주시 호암동,경상사고,0,0,2,1,차대차 - 기타,신호위반,건조,맑음,단일로 - 기타,승용,여,49세,부상신고,특수,남,52세,경상
2020102400100179,2020년 10월 24일 10시,토요일,충청북도 증평군 증평읍,경상사고,0,0,2,0,차대차 - 측면충돌,안전운전불이행,건조,맑음,교차로 - 교차로부근,건설기계,남,67세,상해없음,승용,남,71세,경상
2020102400100209,2020년 10월 24일 11시,토요일,충청북도 음성군 대소면,경상사고,0,0,2,0,차대차 - 측면충돌,중앙선침범,건조,맑음,단일로 - 기타,승용,남,45세,상해없음,승용,남,54세,경상
2020102400100262,2020년 10월 24일 12시,토요일,충청북도 청주시 상당구 서문동,경상사고,0,0,1,0,차대차 - 기타,안전운전불이행,건조,맑음,단일로 - 기타,승용,남,25세,상해없음,승합,남,58세,상해없음
2020102400100301,2020년 10월 24일 13시,토요일,충청북도 청주시 상당구 영동,경상사고,0,0,2,0,차대차 - 기타,교차로운행방법위반,건조,맑음,교차로 - 교차로안,승용,여,26세,경상,승용,남,26세,경상
2020102400100302,2020년 10월 24일 13시,토요일,충청북도 단양군 가곡면,중상사고,0,1,0,0,차대차 - 정면충돌,중앙선침범,건조,맑음,기타 - 기타,이륜,남,29세,중상,승용,남,46세,상해없음
2020102400100303,2020년 10월 24일 13시,토요일,충청북도 진천군 광혜원면,경상사고,0,0,2,0,차대차 - 추돌,과속,건조,맑음,단일로 - 기타,승용,남,25세,경상,승용,여,53세,경상
2020102400100304,2020년 10월 24일 13시,토요일,충청북도 청주시 흥덕구 오송읍,경상사고,0,0,1,0,차대차 - 추돌,안전운전불이행,건조,맑음,단일로 - 기타,승용,남,51세,상해없음,승용,남,41세,상해없음
2020102400100305,2020년 10월 24일 13시,토요일,충청북도 청주시 상당구 금천동,경상사고,0,0,1,0,차대차 - 측면충돌,안전거리미확보,건조,맑음,교차로 - 교차로부근,승용,여,49세,상해없음,이륜,남,33세,경상
2020102400100357,2020년 10월 24일 14시,토요일,충청북도 충주시 교현동,경상사고,0,0,3,0,차대차 - 기타,직진우회전진행방해,건조,맑음,교차로 - 교차로안,승용,남,40세,기타불명,승용,여,24세,경상
2020102400100358,2020년 10월 24일 14시,토요일,충청북도 제천시 중앙로2가,경상사고,0,0,1,1,차대차 - 추돌,안전운전불이행,건조,맑음,단일로 - 기타,농기계,남,76세,부상신고,승용,남,31세,경상
2020102400100359,2020년 10월 24일 14시,토요일,충청북도 보은군 보은읍,중상사고,0,1,0,0,차대차 - 측면충돌,신호위반,건조,맑음,교차로 - 교차로안,화물,남,74세,상해없음,이륜,여,75세,중상
2020102400100360,2020년 10월 24일 14시,토요일,충청북도 청주시 흥덕구 가경동,경상사고,0,0,9,0,차대차 - 기타,신호위반,건조,맑음,교차로 - 교차로안,승용,남,68세,기타불명,승용,남,42세,경상
2020102400100453,2020년 10월 24일 16시,토요일,충청북도 청주시 상당구 방서동,경상사고,0,0,1,0,차대차 - 측면충돌,안전운전불이행,건조,맑음,교차로 - 교차로안,승용,여,57세,상해없음,승용,여,44세,경상
2020102400100488,2020년 10월 24일 17시,토요일,충청북도 청주시 청원구 내덕동,경상사고,0,0,1,0,차대차 - 기타,안전거리미확보,건조,맑음,단일로 - 기타,승용,남,47세,기타불명,승용,남,40세,경상
2020102400100489,2020년 10월 24일 17시,토요일,충청북도 충주시 성남동,경상사고,0,0,1,0,차대차 - 기타,직진우회전진행방해,건조,맑음,교차로 - 교차로안,승용,남,22세,상해없음,승용,여,23세,경상
2020102400100490,2020년 10월 24일 17시,토요일,충청북도 제천시 강제동,경상사고,0,0,2,0,차대차 - 정면충돌,직진우회전진행방해,건조,맑음,교차로 - 교차로안,승용,여,48세,경상,화물,남,45세,경상
2020102400100491,2020년 10월 24일 17시,토요일,충청북도 진천군 이월면,중상사고,0,1,0,0,차대사람 - 횡단중,안전운전불이행,건조,맑음,단일로 - 기타,원동기,남,72세,상해없음,보행자,남,60세,중상
2020102400100492,2020년 10월 24일 17시,토요일,충청북도 청주시 흥덕구 복대동,중상사고,0,1,0,0,차대차 - 기타,안전운전불이행,건조,맑음,단일로 - 기타,승용,여,55세,상해없음,이륜,남,64세,중상
2020102400100531,2020년 10월 24일 18시,토요일,충청북도 충주시 성서동,중상사고,0,1,0,0,차대차 - 측면충돌,직진우회전진행방해,건조,맑음,교차로 - 교차로안,승용,여,58세,상해없음,원동기,남,49세,중상
2020102400100532,2020년 10월 24일 18시,토요일,충청북도 제천시 명지동,경상사고,0,0,1,1,차량단독 - 공작물충돌,안전운전불이행,건조,맑음,단일로 - 기타,승용,여,40세,부상신고,,,,
2020102400100570,2020년 10월 24일 19시,토요일,충청북도 충주시 칠금동,경상사고,0,0,1,0,차대차 - 측면충돌,안전운전불이행,건조,맑음,교차로 - 교차로부근,화물,남,20세,상해없음,이륜,남,25세,경상
2020102400100571,2020년 10월 24일 19시,토요일,충청북도 청주시 서원구 분평동,중상사고,0,1,0,0,차대차 - 측면충돌,안전운전불이행,건조,맑음,교차로 - 교차로횡단보도내,승용,남,61세,상해없음,자전거,남,11세,중상
2020102400100609,2020년 10월 24일 20시,토요일,충청북도 음성군 대소면,경상사고,0,0,1,0,차대사람 - 기타,안전운전불이행,건조,맑음,단일로 - 기타,승용,남,49세,상해없음,보행자,남,36세,경상
2020102400100610,2020년 10월 24일 20시,토요일,충청북도 청주시 흥덕구 가경동,부상신고사고,0,0,0,1,차대차 - 추돌,안전거리미확보,건조,기타,단일로 - 기타,이륜,남,18세,부상신고,승용,남,56세,상해없음
2020102400100634,2020년 10월 24일 21시,토요일,충청북도 청주시 청원구 율량동,중상사고,0,1,0,0,차대차 - 추돌,안전운전불이행,건조,맑음,교차로 - 교차로부근,승용,여,32세,중상,승용,남,52세,기타불명
2020102400100657,2020년 10월 24일 22시,토요일,충청북도 청주시 서원구 사창동,경상사고,0,0,1,0,차대사람 - 기타,안전운전불이행,건조,맑음,단일로 - 기타,승용,여,22세,상해없음,보행자,남,23세,경상
2020102400100658,2020년 10월 24일 22시,토요일,충청북도 음성군 금왕읍,경상사고,0,0,1,0,차대차 - 측면충돌,중앙선침범,건조,맑음,교차로 - 교차로부근,승용,여,64세,상해없음,승용,남,39세,경상
2020102400100659,2020년 10월 24일 22시,토요일,충청북도 청주시 흥덕구 송정동,중상사고,0,2,1,0,차대차 - 추돌,안전거리미확보,건조,맑음,교차로 - 교차로부근,화물,여,62세,상해없음,승용,남,50세,중상
2020102400100676,2020년 10월 24일 23시,토요일,충청북도 단양군 대강면,부상신고사고,0,0,0,1,차량단독 - 공작물충돌,안전운전불이행,건조,흐림,기타 - 기타,승용,여,61세,상해없음,,,,
2020102500100023,2020년 10월 25일 01시,일요일,충청북도 음성군 대소면,사망사고,1,0,0,0,차대사람 - 기타,안전운전불이행,건조,맑음,교차로 - 교차로횡단보도내,승용,남,20세,상해없음,보행자,남,26세,사망
2020102500100033,2020년 10월 25일 02시,일요일,충청북도 청주시 흥덕구 강내면,경상사고,0,0,1,0,차량단독 - 기타,안전운전불이행,건조,맑음,단일로 - 기타,이륜,남,48세,경상,,,,
2020102500100089,2020년 10월 25일 07시,일요일,충청북도 청주시 흥덕구 옥산면,중상사고,0,1,4,0,차대차 - 측면충돌,중앙선침범,건조,맑음,교차로 - 교차로부근,승용,여,34세,상해없음,화물,남,35세,경상
2020102500100090,2020년 10월 25일 07시,일요일,충청북도 청주시 상당구 남주동,경상사고,0,0,1,0,차대사람 - 기타,안전운전불이행,건조,맑음,단일로 - 기타,승용,남,62세,상해없음,보행자,여,85세,경상
2020102500100166,2020년 10월 25일 11시,일요일,충청북도 청주시 상당구 문화동,중상사고,0,1,0,0,차량단독 - 기타,기타,건조,맑음,단일로 - 지하차도(도로)내,승합,남,43세,상해없음,,,,