사고번호,사고일시,요일,시군구,사고내용,사망자수,중상자수,경상자수,부상신고자수,사고유형,법규위반,노면상태,기상상태,도로형태,가해운전자 차종,가해운전자 성별,가해운전자 연령,가해운전자 상해정도,피해운전자 차종,피해운전자 성별,피해운전자 연령,피해운전자 상해정도
2020102900100275,2020년 10월 29일 12시,목요일,충청북도 음성군 원남면,중상사고,0,1,4,0,차대차 - 추돌,안전운전불이행,건조,맑음,교차로 - 교차로부근,승용,여,38세,상해없음,승용,남,55세,경상
2020102900100311,2020년 10월 29일 13시,목요일,충청북도 청주시 청원구 내수읍,중상사고,0,1,0,0,차대차 - 추돌,안전운전불이행,건조,맑음,단일로 - 기타,승용,남,81세,상해없음,승합,남,63세,중상
2020102900100312,2020년 10월 29일 13시,목요일,충청북도 청주시 흥덕구 신전동,경상사고,0,0,1,0,차대차 - 기타,신호위반,건조,맑음,교차로 - 교차로안,화물,남,69세,상해없음,화물,남,45세,경상
2020102900100313,2020년 10월 29일 13시,목요일,충청북도 청주시 서원구 모충동,경상사고,0,0,2,0,차대차 - 정면충돌,교차로운행방법위반,건조,맑음,교차로 - 교차로안,화물,남,46세,경상,원동기,남,24세,경상
2020102900100351,2020년 10월 29일 14시,목요일,충청북도 청주시 상당구 영운동,중상사고,0,1,0,0,차대차 - 측면충돌,안전운전불이행,건조,맑음,단일로 - 기타,승용,여,26세,상해없음,승용,여,60세,중상
2020102900100435,2020년 10월 29일 16시,목요일,충청북도 청주시 서원구 남이면,경상사고,0,0,3,0,차대차 - 측면충돌,안전운전불이행,건조,맑음,교차로 - 교차로안,화물,남,48세,상해없음,승용,남,59세,경상
2020102900100481,2020년 10월 29일 17시,목요일,충청북도 청주시 청원구 내수읍,중상사고,0,1,0,0,차대차 - 기타,교차로운행방법위반,건조,맑음,교차로 - 교차로안,승용,여,45세,상해없음,이륜,남,71세,중상
2020102900100482,2020년 10월 29일 17시,목요일,충청북도 제천시 청전동,경상사고,0,0,3,0,차대차 - 측면충돌,직진우회전진행방해,건조,맑음,교차로 - 교차로안,승용,여,52세,경상,승용,남,26세,경상
2020102900100549,2020년 10월 29일 18시,목요일,충청북도 청주시 청원구 내덕동,경상사고,0,0,2,0,차대차 - 기타,안전거리미확보,건조,맑음,교차로 - 교차로부근,승용,여,19세,상해없음,승용,남,37세,경상
2020102900100550,2020년 10월 29일 18시,목요일,충청북도 충주시 풍동,중상사고,0,1,5,0,차대차 - 기타,중앙선침범,건조,맑음,교차로 - 교차로부근,화물,남,28세,중상,승용,남,26세,경상
2020102900100551,2020년 10월 29일 18시,목요일,충청북도 제천시 백운면,중상사고,0,1,0,0,차대사람 - 차도통행중,안전운전불이행,건조,맑음,기타 - 기타,승용,여,39세,상해없음,보행자,여,70세,중상
2020102900100552,2020년 10월 29일 18시,목요일,충청북도 청주시 서원구 성화동,중상사고,0,1,1,0,차대차 - 기타,안전운전불이행,건조,맑음,단일로 - 기타,승용,여,25세,상해없음,승용,여,40세,중상
2020102900100604,2020년 10월 29일 19시,목요일,충청북도 제천시 영천동,부상신고사고,0,0,0,1,차대차 - 기타,안전운전불이행,건조,맑음,교차로 - 교차로부근,원동기,남,19세,부상신고,승용,남,46세,상해없음
2020102900100605,2020년 10월 29일 19시,목요일,충청북도 청주시 흥덕구 복대동,경상사고,0,0,3,0,차대차 - 추돌,안전운전불이행,건조,맑음,교차로 - 교차로부근,승용,여,26세,상해없음,승용,남,51세,경상
2020102900100606,2020년 10월 29일 19시,목요일,충청북도 청주시 흥덕구 가경동,중상사고,0,1,0,0,차대차 - 기타,신호위반,건조,맑음,교차로 - 교차로부근,승용,남,38세,상해없음,이륜,남,39세,중상
2020102900100636,2020년 10월 29일 20시,목요일,충청북도 청주시 서원구 개신동,경상사고,0,0,1,0,차대차 - 기타,직진우회전진행방해,건조,맑음,교차로 - 교차로안,승용,여,38세,상해없음,이륜,남,22세,경상
2020102900100675,2020년 10월 29일 21시,목요일,충청북도 음성군 대소면,경상사고,0,0,1,0,차대차 - 측면충돌,중앙선침범,건조,맑음,단일로 - 기타,승용,남,27세,상해없음,이륜,남,40세,경상
2020102900100676,2020년 10월 29일 21시,목요일,충청북도 청주시 흥덕구 송정동,경상사고,0,0,2,0,차대차 - 측면충돌,안전거리미확보,건조,맑음,단일로 - 기타,승용,남,44세,경상,승용,남,30세,경상
2020102900100709,2020년 10월 29일 22시,목요일,충청북도 청주시 흥덕구 가경동,중상사고,0,1,1,0,차대차 - 기타,신호위반,건조,맑음,교차로 - 교차로안,승용,남,31세,경상,이륜,남,48세,중상
2020102900100726,2020년 10월 29일 23시,목요일,충청북도 청주시 흥덕구 복대동,경상사고,0,0,1,0,차대차 - 기타,신호위반,건조,맑음,교차로 - 교차로횡단보도내,이륜,남,43세,기타불명,자전거,남,23세,경상
2020103000100089,2020년 10월 30일 07시,금요일,충청북도 청주시 청원구 율량동,경상사고,0,0,1,0,차대사람 - 기타,안전운전불이행,건조,맑음,단일로 - 기타,승용,남,34세,상해없음,보행자,남,27세,경상
2020103000100090,2020년 10월 30일 07시,금요일,충청북도 증평군 증평읍,경상사고,0,0,1,0,차대차 - 기타,안전운전불이행,건조,맑음,교차로 - 교차로안,승용,여,25세,경상,승용,남,55세,기타불명
2020103000100122,2020년 10월 30일 08시,금요일,충청북도 충주시 살미면,중상사고,0,1,2,0,차대차 - 기타,안전운전불이행,건조,맑음,교차로 - 교차로안,승용,남,85세,경상,화물,남,62세,중상
2020103000100123,2020년 10월 30일 08시,금요일,충청북도 충주시 교현동,중상사고,0,1,2,0,차대차 - 기타,직진우회전진행방해,건조,맑음,교차로 - 교차로안,승용,여,50세,중상,승용,남,52세,경상
2020103000100124,2020년 10월 30일 08시,금요일,충청북도 제천시 의림동,경상사고,0,0,1,0,차대차 - 정면충돌,직진우회전진행방해,건조,맑음,교차로 - 교차로안,승용,남,44세,상해없음,승용,여,37세,경상
2020103000100125,2020년 10월 30일 08시,금요일,충청북도 청주시 상당구 용담동,중상사고,0,1,0,0,차대사람 - 기타,기타,건조,맑음,단일로 - 지하차도(도로)내,승합,남,54세,상해없음,보행자,여,67세,중상
2020103000100172,2020년 10월 30일 09시,금요일,충청북도 제천시 봉양읍,경상사고,0,0,1,0,차대차 - 측면충돌,안전운전불이행,건조,맑음,단일로 - 기타,승용,남,76세,상해없음,화물,남,41세,경상
2020103000100173,2020년 10월 30일 09시,금요일,충청북도 보은군 보은읍,중상사고,0,1,0,0,차대사람 - 차도통행중,보행자보호의무위반,건조,맑음,교차로 - 교차로안,승용,여,72세,상해없음,보행자,여,79세,중상
2020103000100206,2020년 10월 30일 10시,금요일,충청북도 청주시 상당구 용암동,중상사고,0,2,0,0,차대차 - 정면충돌,중앙선침범,건조,맑음,교차로 - 교차로부근,승용,남,61세,중상,승용,남,69세,중상
2020103000100207,2020년 10월 30일 10시,금요일,충청북도 충주시 노은면,경상사고,0,0,1,0,차대차 - 추돌,안전운전불이행,건조,맑음,단일로 - 터널,승용,남,60세,상해없음,화물,남,45세,경상
2020103000100242,2020년 10월 30일 11시,금요일,충청북도 제천시 신백동,경상사고,0,0,2,0,차대차 - 정면충돌,안전운전불이행,건조,맑음,단일로 - 지하차도(도로)내,승용,남,33세,상해없음,승용,여,58세,경상
2020103000100278,2020년 10월 30일 12시,금요일,충청북도 충주시 대소원면,중상사고,0,1,0,0,차대차 - 측면충돌,안전운전불이행,건조,맑음,교차로 - 교차로안,승용,여,55세,상해없음,승용,여,67세,중상
2020103000100279,2020년 10월 30일 12시,금요일,충청북도 옥천군 옥천읍,경상사고,0,0,1,0,차대차 - 추돌,안전운전불이행,건조,맑음,교차로 - 교차로부근,화물,남,28세,상해없음,화물,남,69세,경상
2020103000100324,2020년 10월 30일 13시,금요일,충청북도 음성군 맹동면,경상사고,0,0,2,0,차대차 - 측면충돌,차로위반,건조,맑음,단일로 - 기타,화물,남,55세,상해없음,승용,남,69세,경상
2020103000100325,2020년 10월 30일 13시,금요일,충청북도 진천군 덕산면,경상사고,0,0,1,0,차대차 - 측면충돌,안전운전불이행,건조,맑음,교차로 - 교차로부근,화물,남,46세,상해없음,승용,여,34세,경상
2020103000100365,2020년 10월 30일 14시,금요일,충청북도 충주시 주덕읍,경상사고,0,0,1,0,차대차 - 측면충돌,차로위반,건조,맑음,교차로 - 교차로부근,화물,남,59세,상해없음,건설기계,남,58세,경상
2020103000100366,2020년 10월 30일 14시,금요일,충청북도 음성군 대소면,경상사고,0,0,4,0,차대차 - 추돌,안전운전불이행,건조,맑음,교차로 - 교차로부근,승용,남,61세,경상,승용,남,73세,경상
2020103000100367,2020년 10월 30일 14시,금요일,충청북도 옥천군 옥천읍,경상사고,0,0,1,0,차대사람 - 횡단중,보행자보호의무위반,건조,맑음,교차로 - 교차로안,화물,남,64세,상해없음,보행자,여,47세,경상
2020103000100368,2020년 10월 30일 14시,금요일,충청북도 청주시 흥덕구 복대동,경상사고,0,0,2,0,차대차 - 측면충돌,중앙선침범,건조,맑음,교차로 - 교차로부근,승용,남,64세,상해없음,승용,여,34세,경상
2020103000100369,2020년 10월 30일 14시,금요일,충청북도 제천시 봉양읍,경상사고,0,0,1,0,차대차 - 기타,안전거리미확보,건조,맑음,단일로 - 지하차도(도로)내,승용,남,58세,상해없음,승용,남,39세,경상
2020103000100407,2020년 10월 30일 15시,금요일,충청북도 충주시 연수동,경상사고,0,0,3,0,차대차 - 기타,신호위반,건조,맑음,교차로 - 교차로안,승용,여,46세,상해없음,승용,남,53세,경상
2020103000100408,2020년 10월 30일 15시,금요일,충청북도 영동군 영동읍,사망사고,1,0,0,0,차량단독 - 기타,안전운전불이행,건조,맑음,단일로 - 기타,화물,남,60세,사망,,,,
2020103000100409,2020년 10월 30일 15시,금요일,충청북도 괴산군 괴산읍,경상사고,0,0,2,0,차대차 - 추돌,안전운전불이행,건조,맑음,단일로 - 기타,건설기계,남,47세,상해없음,승용,남,71세,경상
2020103000100456,2020년 10월 30일 16시,금요일,충청북도 음성군 금왕읍,중상사고,0,1,0,0,차대차 - 측면충돌,신호위반,건조,맑음,교차로 - 교차로안,이륜,남,36세,중상,승용,남,77세,상해없음
2020103000100457,2020년 10월 30일 16시,금요일,충청북도 진천군 진천읍,중상사고,0,2,6,0,차대차 - 측면충돌,차로위반,건조,맑음,단일로 - 기타,건설기계,남,57세,상해없음,승용,남,51세,중상
2020103000100458,2020년 10월 30일 16시,금요일,충청북도 청주시 상당구 남문로1가동,중상사고,0,1,0,0,차대사람 - 기타,안전운전불이행,건조,맑음,단일로 - 지하차도(도로)내,승용,남,53세,상해없음,보행자,남,72세,중상
2020103000100506,2020년 10월 30일 17시,금요일,충청북도 청주시 청원구 북이면,중상사고,0,1,0,0,차대차 - 정면충돌,중앙선침범,건조,맑음,교차로 - 교차로안,승용,남,66세,상해없음,이륜,남,61세,중상
2020103000100507,2020년 10월 30일 17시,금요일,충청북도 영동군 영동읍,경상사고,0,0,1,0,차대사람 - 기타,안전운전불이행,건조,맑음,교차로 - 교차로안,승용,여,41세,상해없음,보행자,여,78세,경상
2020103000100508,2020년 10월 30일 17시,금요일,충청북도 괴산군 칠성면,경상사고,0,0,1,0,차대차 - 추돌,안전운전불이행,건조,맑음,단일로 - 기타,화물,남,48세,상해없음,승용,남,59세,경상
2020103000100509,2020년 10월 30일 17시,금요일,충청북도 진천군 덕산면,경상사고,0,0,2,0,차대차 - 측면충돌,신호위반,건조,맑음,교차로 - 교차로안,이륜,남,56세,경상,승용,여,54세,경상
2020103000100574,2020년 10월 30일 18시,금요일,충청북도 청주시 서원구 사창동,경상사고,0,0,1,0,차대차 - 기타,안전운전불이행,건조,맑음,단일로 - 기타,승용,남,59세,상해없음,승용,남,34세,경상
2020103000100575,2020년 10월 30일 18시,금요일,충청북도 충주시 금가면,경상사고,0,0,1,0,차대차 - 측면충돌,안전거리미확보,건조,맑음,단일로 - 기타,승용,남,55세,경상,건설기계,남,51세,상해없음
2020103000100576,2020년 10월 30일 18시,금요일,충청북도 진천군 광혜원면,중상사고,0,1,0,0,차대사람 - 차도통행중,안전운전불이행,건조,맑음,단일로 - 기타,승용,남,68세,상해없음,보행자,여,61세,중상
2020103000100643,2020년 10월 30일 19시,금요일,충청북도 청주시 흥덕구 복대동,경상사고,0,0,2,0,차대차 - 추돌,중앙선침범,건조,맑음,교차로 - 교차로안,승용,여,55세,경상,승용,남,37세,경상
2020103000100685,2020년 10월 30일 20시,금요일,충청북도 진천군 진천읍,경상사고,0,0,1,0,차대차 - 측면충돌,안전거리미확보,건조,맑음,단일로 - 기타,승용,여,64세,상해없음,승용,남,25세,경상
2020103000100686,2020년 10월 30일 20시,금요일,충청북도 청주시 흥덕구 비하동,경상사고,0,0,1,0,차대차 - 측면충돌,신호위반,건조,맑음,교차로 - 교차로안,승용,여,56세,상해없음,이륜,남,39세,경상
2020103000100687,2020년 10월 30일 20시,금요일,충청북도 청주시 흥덕구 복대동,경상사고,0,0,1,0,차량단독 - 기타,안전운전불이행,건조,맑음,단일로 - 기타,원동기,남,26세,경상,,,,
2020103000100723,2020년 10월 30일 21시,금요일,충청북도 청주시 청원구 우암동,경상사고,0,0,1,0,차대사람 - 기타,안전운전불이행,건조,맑음,단일로 - 기타,승용,여,47세,상해없음,보행자,여,29세,경상
2020103000100767,2020년 10월 30일 22시,금요일,충청북도 청주시 서원구 사직동,경상사고,0,0,3,0,차대차 - 기타,기타,건조,맑음,교차로 - 교차로안,승용,남,62세,경상,승용,남,26세,경상
2020103100100011,2020년 10월 31일 00시,토요일,충청북도 청주시 청원구 오창읍,경상사고,0,0,2,0,차대차 - 기타,차로위반,건조,맑음,단일로 - 기타,승용,남,21세,상해없음,승용,여,39세,경상
2020103100100027,2020년 10월 31일 01시,토요일,충청북도 청주시 청원구 오창읍,경상사고,0,0,2,0,차대차 - 추돌,안전운전불이행,건조,맑음,교차로 - 교차로부근,승용,남,39세,상해없음,승용,남,37세,경상
2020103100100069,2020년 10월 31일 05시,토요일,충청북도 청주시 서원구 성화동,중상사고,0,1,0,0,차대사람 - 횡단중,신호위반,건조,맑음,교차로 - 교차로횡단보도내,승용,남,55세,상해없음,보행자,여,50세,중상
2020103100100077,2020년 10월 31일 06시,토요일,충청북도 청주시 상당구 남일면,중상사고,0,1,0,0,차량단독 - 공작물충돌,안전운전불이행,건조,맑음,단일로 - 지하차도(도로)내,승용,남,28세,중상,,,,
2020103100100110,2020년 10월 31일 08시,토요일,충청북도 청주시 흥덕구 옥산면,경상사고,0,0,2,0,차대차 - 기타,신호위반,건조,맑음,교차로 - 교차로안,이륜,남,33세,상해없음,승용,남,41세,경상
2020103100100174,2020년 10월 31일 10시,토요일,충청북도 충주시 문화동,경상사고,0,0,2,0,차대차 - 추돌,안전거리미확보,건조,맑음,교차로 - 교차로안,승용,남,66세,상해없음,승용,남,42세,경상
2020103100100175,2020년 10월 31일 10시,토요일,충청북도 청주시 흥덕구 복대동,경상사고,0,0,1,0,차대차 - 기타,신호위반,건조,맑음,교차로 - 교차로안,승용,여,58세,상해없음,승용,여,34세,경상
2020103100100176,2020년 10월 31일 10시,토요일,충청북도 청주시 상당구 석교동,중상사고,0,1,0,0,차대차 - 기타,안전운전불이행,건조,맑음,교차로 - 교차로안,승용,남,67세,상해없음,승합,남,46세,상해없음
2020103100100217,2020년 10월 31일 11시,토요일,충청북도 청주시 상당구 대성동,경상사고,0,0,1,0,차대차 - 추돌,안전거리미확보,건조,맑음,교차로 - 교차로부근,승용,남,56세,경상,승합,남,53세,상해없음
2020103100100267,2020년 10월 31일 12시,토요일,충청북도 충주시 중앙탑면,중상사고,0,1,0,0,차대차 - 기타,안전거리미확보,건조,맑음,교차로 - 교차로안,승용,남,52세,상해없음,승용,여,26세,중상
2020103100100268,2020년 10월 31일 12시,토요일,충청북도 보은군 속리산면,경상사고,0,0,4,0,차대차 - 추돌,안전운전불이행,건조,맑음,단일로 - 기타,승용,남,73세,상해없음,승용,남,42세,경상
2020103100100303,2020년 10월 31일 13시,토요일,충청북도 단양군 단양읍,중상사고,0,1,1,0,차대차 - 정면충돌,중앙선침범,건조,맑음,기타 - 기타,승용,남,24세,상해없음,승용,남,57세,중상
2020103100100354,2020년 10월 31일 14시,토요일,충청북도 충주시 문화동,경상사고,0,0,3,0,차대차 - 추돌,안전운전불이행,건조,맑음,단일로 - 기타,승용,남,41세,상해없음,승용,남,40세,경상
2020103100100355,2020년 10월 31일 14시,토요일,충청북도 영동군 영동읍,경상사고,0,0,3,0,차대차 - 기타,안전운전불이행,건조,맑음,교차로 - 교차로부근,승용,남,55세,상해없음,승용,여,64세,상해없음
2020103100100356,2020년 10월 31일 14시,토요일,충청북도 음성군 대소면,경상사고,0,0,1,0,차대차 - 측면충돌,교차로운행방법위반,건조,맑음,교차로 - 교차로안,승용,남,60세,상해없음,이륜,남,33세,경상
2020103100100357,2020년 10월 31일 14시,토요일,충청북도 청주시 상당구 문의면,중상사고,0,1,0,0,차대사람 - 길가장자리구역통행중,안전운전불이행,건조,맑음,교차로 - 교차로부근,승용,남,61세,상해없음,보행자,남,64세,중상
2020103100100459,2020년 10월 31일 17시,토요일,충청북도 충주시 교현동,중상사고,0,1,1,0,차대차 - 기타,안전운전불이행,건조,맑음,교차로 - 교차로안,승용,남,39세,상해없음,승용,남,72세,경상
2020103100100460,2020년 10월 31일 17시,토요일,충청북도 단양군 단양읍,경상사고,0,0,2,0,차대차 - 측면충돌,안전운전불이행,건조,맑음,교차로 - 교차로안,승용,여,69세,상해없음,승용,여,34세,경상
2020103100100461,2020년 10월 31일 17시,토요일,충청북도 청주시 흥덕구 강내면,경상사고,0,0,1,0,차대차 - 측면충돌,신호위반,건조,맑음,교차로 - 교차로부근,승용,여,55세,상해없음,화물,남,58세,경상
2020103100100462,2020년 10월 31일 17시,토요일,충청북도 청주시 상당구 미원면,중상사고,0,1,0,0,차대사람 - 기타,안전운전불이행,건조,맑음,교차로 - 교차로안,승용,남,56세,상해없음,보행자,여,74세,중상
2020103100100516,2020년 10월 31일 18시,토요일,충청북도 충주시 주덕읍,경상사고,0,0,1,0,차대사람 - 기타,안전운전불이행,건조,맑음,단일로 - 기타,승용,남,46세,상해없음,보행자,여,59세,경상
2020103100100637,2020년 10월 31일 21시,토요일,충청북도 청주시 서원구 사창동,중상사고,0,1,0,0,차대사람 - 기타,안전운전불이행,건조,맑음,단일로 - 기타,이륜,남,18세,상해없음,보행자,여,23세,중상
2020103100100638,2020년 10월 31일 21시,토요일,충청북도 청주시 청원구 오창읍,중상사고,0,1,0,0,차대차 - 측면충돌,신호위반,건조,맑음,교차로 - 교차로횡단보도내,승용,남,41세,상해없음,자전거,남,52세,중상
2020103100100639,2020년 10월 31일 21시,토요일,충청북도 증평군 증평읍,중상사고,0,1,0,0,차대사람 - 보도통행중,보행자보호의무위반,건조,맑음,교차로 - 교차로안,승용,남,43세,상해없음,보행자,남,46세,중상
2020103100100668,2020년 10월 31일 22시,토요일,충청북도 청주시 상당구 금천동,경상사고,0,0,1,0,차대차 - 기타,교차로운행방법위반,건조,맑음,교차로 - 교차로안,승용,남,58세,상해없음,이륜,남,24세,경상
2020110100100006,2020년 11월 1일 00시,일요일,충청북도 청주시 서원구 개신동,중상사고,0,2,0,0,차량단독 - 공작물충돌,신호위반,건조,맑음,교차로 - 교차로횡단보도내,승용,여,33세,중상,,,,
2020110100100019,2020년 11월 1일 01시,일요일,충청북도 청주시 청원구 율량동,경상사고,0,0,1,0,차대차 - 기타,안전운전불이행,건조,맑음,교차로 - 교차로부근,승용,남,52세,상해없음,승용,남,61세,경상
2020110100100076,2020년 11월 1일 06시,일요일,충청북도 음성군 대소면,경상사고,0,0,1,0,차량단독 - 공작물충돌,안전운전불이행,젖음/습기,흐림,단일로 - 기타,승용,남,26세,경상,,,,
2020110100100131,2020년 11월 1일 10시,일요일,충청북도 충주시 봉방동,경상사고,0,0,2,0,차대차 - 기타,직진우회전진행방해,건조,맑음,교차로 - 교차로안,승용,남,22세,상해없음,승용,남,30세,경상
2020110100100132,2020년 11월 1일 10시,일요일,충청북도 괴산군 문광면,경상사고,0,0,2,0,차대차 - 정면충돌,중앙선침범,젖음/습기,비,단일로 - 기타,승용,남,62세,상해없음,승용,남,58세,경상
2020110100100149,2020년 11월 1일 11시,일요일,충청북도 진천군 진천읍,중상사고,0,1,0,0,차대차 - 측면충돌,안전운전불이행,건조,맑음,교차로 - 교차로안,승용,남,49세,상해없음,승용,여,61세,중상
2020110100100207,2020년 11월 1일 13시,일요일,충청북도 청주시 서원구 사직동,경상사고,0,0,4,0,차대차 - 측면충돌,직진우회전진행방해,젖음/습기,비,교차로 - 교차로안,승용,남,31세,경상,승용,남,77세,경상
2020110100100209,2020년 11월 1일 13시,일요일,충청북도 청주시 상당구 영운동,경상사고,0,0,2,0,차대차 - 측면충돌,차로위반,젖음/습기,비,교차로 - 교차로부근,원동기,남,24세,경상,화물,남,58세,경상
2020110100100248,2020년 11월 1일 14시,일요일,충청북도 보은군 속리산면,중상사고,0,1,2,0,차대차 - 정면충돌,중앙선침범,젖음/습기,비,단일로 - 기타,승용,남,30세,경상,승용,남,59세,경상
2020110100100280,2020년 11월 1일 15시,일요일,충청북도 음성군 대소면,중상사고,0,1,0,0,차대차 - 기타,교차로운행방법위반,젖음/습기,흐림,교차로 - 교차로안,승용,남,39세,상해없음,이륜,남,40세,중상
2020110100100281,2020년 11월 1일 15시,일요일,충청북도 청주시 상당구 용암동,경상사고,0,0,1,0,차대차 - 정면충돌,교차로운행방법위반,젖음/습기,비,교차로 - 교차로안,이륜,남,57세,기타불명,이륜,남,18세,경상
2020110100100312,2020년 11월 1일 16시,일요일,충청북도 제천시 두학동,중상사고,0,5,0,0,차대차 - 정면충돌,중앙선침범,젖음/습기,비,단일로 - 기타,승용,남,47세,중상,승용,여,67세,중상
2020110100100349,2020년 11월 1일 17시,일요일,충청북도 제천시 청전동,중상사고,0,1,0,0,차대차 - 정면충돌,중앙선침범,젖음/습기,비,교차로 - 교차로부근,승용,남,79세,중상,승용,남,39세,상해없음
2020110100100350,2020년 11월 1일 17시,일요일,충청북도 청주시 상당구 용정동,중상사고,0,1,0,0,차대사람 - 횡단중,안전운전불이행,젖음/습기,비,교차로 - 교차로안,승용,남,28세,상해없음,보행자,여,83세,중상
2020110100100391,2020년 11월 1일 18시,일요일,충청북도 청주시 서원구 사직동,경상사고,0,0,1,0,차대차 - 측면충돌,신호위반,건조,맑음,교차로 - 교차로안,승용,남,59세,상해없음,이륜,남,54세,경상
2020110100100392,2020년 11월 1일 18시,일요일,충청북도 충주시 봉방동,경상사고,0,0,1,0,차대차 - 기타,직진우회전진행방해,건조,맑음,교차로 - 교차로안,승용,남,46세,상해없음,승용,남,19세,경상
2020110100100393,2020년 11월 1일 18시,일요일,충청북도 충주시 성서동,경상사고,0,0,1,0,차대차 - 추돌,안전운전불이행,건조,맑음,기타 - 기타,승용,남,37세,상해없음,승용,남,65세,경상
2020110100100394,2020년 11월 1일 18시,일요일,충청북도 청주시 상당구 용암동,경상사고,0,0,1,0,차대차 - 측면충돌,안전운전불이행,젖음/습기,비,교차로 - 교차로안,승용,남,47세,상해없음,이륜,남,26세,경상
2020110100100435,2020년 11월 1일 19시,일요일,충청북도 청주시 상당구 서운동,경상사고,0,0,1,0,차대사람 - 기타,안전운전불이행,젖음/습기,비,단일로 - 기타,승용,남,24세,상해없음,보행자,남,55세,경상
2020110100100436,2020년 11월 1일 19시,일요일,충청북도 청주시 서원구 모충동,경상사고,0,0,1,0,차대차 - 기타,교차로운행방법위반,젖음/습기,흐림,교차로 - 교차로부근,이륜,남,24세,상해없음,이륜,남,28세,경상
2020110100100460,2020년 11월 1일 20시,일요일,충청북도 청주시 서원구 개신동,경상사고,0,0,2,0,차대차 - 추돌,안전운전불이행,젖음/습기,비,교차로 - 교차로부근,화물,남,48세,상해없음,화물,남,50세,경상
2020110100100486,2020년 11월 1일 21시,일요일,충청북도 청주시 청원구 율량동,중상사고,0,1,0,0,차대차 - 기타,안전운전불이행,젖음/습기,비,교차로 - 교차로부근,승용,남,42세,기타불명,이륜,남,35세,중상
2020110100100524,2020년 11월 1일 23시,일요일,충청북도 청주시 흥덕구 복대동,경상사고,0,0,1,0,차대차 - 기타,안전거리미확보,젖음/습기,비,단일로 - 기타,승용,남,24세,상해없음,승용,남,57세,경상
2020110100100525,2020년 11월 1일 23시,일요일,충청북도 청주시 서원구 수곡동,경상사고,0,0,1,0,차대차 - 추돌,안전운전불이행,건조,맑음,단일로 - 지하차도(도로)내,승용,남,56세,상해없음,승용,남,52세,경상
2020110200100007,2020년 11월 2일 00시,월요일,충청북도 제천시 강제동,중상사고,0,1,0,0,차대차 - 측면충돌,안전운전불이행,건조,맑음,기타 - 기타,특수,남,47세,상해없음,승용,남,59세,중상
2020110200100014,2020년 11월 2일 01시,월요일,충청북도 청주시 흥덕구 복대동,경상사고,0,0,2,0,차대차 - 추돌,안전운전불이행,젖음/습기,흐림,교차로 - 교차로부근,승용,남,25세,상해없음,승용,남,59세,경상
2020110200100083,2020년 11월 2일 07시,월요일,충청북도 진천군 덕산면,중상사고,0,1,1,0,차대차 - 측면충돌,교차로운행방법위반,젖음/습기,안개,교차로 - 교차로안,화물,남,54세,경상,승용,남,45세,중상
2020110200100084,2020년 11월 2일 07시,월요일,충청북도 청주시 상당구 탑동,경상사고,0,0,1,0,차대차 - 기타,안전운전불이행,건조,맑음,단일로 - 지하차도(도로)내,승합,여,55세,상해없음,승합,남,66세,상해없음
2020110200100116,2020년 11월 2일 08시,월요일,충청북도 충주시 중앙탑면,경상사고,0,0,1,0,차대차 - 기타,안전거리미확보,건조,맑음,단일로 - 기타,승용,여,42세,상해없음,승용,남,24세,경상
2020110200100117,2020년 11월 2일 08시,월요일,충청북도 옥천군 청성면,경상사고,0,0,1,0,차대차 - 후진중충돌,안전운전불이행,건조,맑음,주차장 - 주차장,화물,남,82세,상해없음,승용,여,26세,경상
2020110200100150,2020년 11월 2일 09시,월요일,충청북도 청주시 서원구 모충동,경상사고,0,0,1,0,차대차 - 추돌,안전운전불이행,건조,맑음,교차로 - 교차로부근,승용,여,46세,상해없음,승용,여,31세,경상
2020110200100185,2020년 11월 2일 10시,월요일,충청북도 괴산군 불정면,경상사고,0,0,2,0,차대차 - 측면충돌,안전운전불이행,건조,맑음,단일로 - 기타,화물,남,76세,경상,승용,여,50세,경상
2020110200100227,2020년 11월 2일 11시,월요일,충청북도 청주시 청원구 오창읍,중상사고,0,3,4,1,차대차 - 추돌,안전거리미확보,건조,맑음,교차로 - 교차로부근,특수,남,51세,중상,승용,남,28세,경상
2020110200100228,2020년 11월 2일 11시,월요일,충청북도 청주시 흥덕구 오송읍,경상사고,0,0,5,0,차대차 - 측면충돌,교차로운행방법위반,건조,맑음,교차로 - 교차로안,승용,남,40세,상해없음,화물,남,39세,경상
2020110200100229,2020년 11월 2일 11시,월요일,충청북도 청주시 흥덕구 봉명동,중상사고,0,1,0,0,차대차 - 정면충돌,교차로운행방법위반,건조,맑음,교차로 - 교차로안,화물,남,33세,상해없음,자전거,남,74세,중상
2020110200100254,2020년 11월 2일 12시,월요일,충청북도 충주시 금가면,중상사고,0,1,0,0,차대차 - 기타,기타,건조,맑음,교차로 - 교차로안,화물,남,66세,상해없음,농기계,남,86세,중상
2020110200100255,2020년 11월 2일 12시,월요일,충청북도 충주시 연수동,경상사고,0,0,2,0,차대차 - 기타,중앙선침범,건조,맑음,단일로 - 기타,원동기,남,63세,경상,원동기,남,45세,경상