사고번호,사고일시,요일,시군구,사고내용,사망자수,중상자수,경상자수,부상신고자수,사고유형,법규위반,노면상태,기상상태,도로형태,가해운전자 차종,가해운전자 성별,가해운전자 연령,가해운전자 상해정도,피해운전자 차종,피해운전자 성별,피해운전자 연령,피해운전자 상해정도
2020110700100411,2020년 11월 7일 16시,토요일,충청북도 충주시 목행동,경상사고,0,0,1,0,차대차 - 기타,안전운전불이행,건조,맑음,단일로 - 기타,승용,남,24세,상해없음,자전거,남,78세,경상
2020110700100412,2020년 11월 7일 16시,토요일,충청북도 제천시 장락동,경상사고,0,0,4,0,차대차 - 측면충돌,직진우회전진행방해,건조,맑음,교차로 - 교차로안,승용,남,37세,경상,승용,여,48세,경상
2020110700100413,2020년 11월 7일 16시,토요일,충청북도 제천시 덕산면,경상사고,0,0,1,0,차대사람 - 기타,안전운전불이행,건조,맑음,단일로 - 기타,화물,남,62세,상해없음,보행자,남,81세,경상
2020110700100414,2020년 11월 7일 16시,토요일,충청북도 제천시 수산면,중상사고,0,1,2,0,차대차 - 측면충돌,직진우회전진행방해,건조,맑음,교차로 - 교차로안,승용,여,37세,경상,승용,남,65세,경상
2020110700100415,2020년 11월 7일 16시,토요일,충청북도 청주시 상당구 용암동,경상사고,0,0,2,0,차대차 - 측면충돌,안전운전불이행,건조,맑음,단일로 - 지하차도(도로)내,승용,남,35세,상해없음,승용,남,53세,상해없음
2020110700100455,2020년 11월 7일 17시,토요일,충청북도 청주시 청원구 율량동,경상사고,0,0,1,0,차대사람 - 기타,안전운전불이행,건조,맑음,교차로 - 교차로안,승용,남,32세,상해없음,보행자,여,19세,경상
2020110700100456,2020년 11월 7일 17시,토요일,충청북도 보은군 보은읍,경상사고,0,0,1,0,차대차 - 측면충돌,신호위반,건조,맑음,교차로 - 교차로안,건설기계,남,54세,상해없음,승용,남,63세,경상
2020110700100457,2020년 11월 7일 17시,토요일,충청북도 음성군 삼성면,경상사고,0,0,3,0,차대차 - 측면충돌,과속,건조,맑음,교차로 - 교차로안,승용,남,56세,경상,승용,남,32세,경상
2020110700100510,2020년 11월 7일 18시,토요일,충청북도 충주시 연수동,경상사고,0,0,1,0,차대차 - 추돌,안전운전불이행,건조,맑음,교차로 - 교차로부근,화물,남,52세,상해없음,승용,여,48세,경상
2020110700100511,2020년 11월 7일 18시,토요일,충청북도 제천시 봉양읍,중상사고,0,3,1,0,차대차 - 정면충돌,안전거리미확보,건조,흐림,단일로 - 지하차도(도로)내,승용,남,52세,상해없음,승용,여,31세,중상
2020110700100512,2020년 11월 7일 18시,토요일,충청북도 영동군 용산면,경상사고,0,0,6,0,차대차 - 측면충돌,안전운전불이행,건조,맑음,단일로 - 기타,승용,남,24세,경상,승용,남,71세,경상
2020110700100513,2020년 11월 7일 18시,토요일,충청북도 청주시 흥덕구 가경동,경상사고,0,0,1,0,차대차 - 측면충돌,신호위반,건조,맑음,교차로 - 교차로안,승용,남,46세,상해없음,이륜,남,22세,경상
2020110700100514,2020년 11월 7일 18시,토요일,충청북도 청주시 흥덕구 강서동,중상사고,0,1,0,0,차대차 - 측면충돌,안전운전불이행,건조,맑음,교차로 - 교차로안,승용,여,46세,상해없음,이륜,남,33세,중상
2020110700100515,2020년 11월 7일 18시,토요일,충청북도 청주시 서원구 남이면,경상사고,0,0,2,0,차대차 - 측면충돌,신호위반,건조,맑음,교차로 - 교차로안,승용,남,28세,경상,승용,여,62세,경상
2020110700100634,2020년 11월 7일 21시,토요일,충청북도 청주시 청원구 내덕동,경상사고,0,0,1,0,차대차 - 기타,안전운전불이행,건조,맑음,기타 - 기타,승용,남,68세,상해없음,이륜,남,39세,경상
2020110700100679,2020년 11월 7일 23시,토요일,충청북도 청주시 흥덕구 복대동,부상신고사고,0,0,0,1,차대차 - 측면충돌,안전운전불이행,건조,맑음,단일로 - 기타,사륜오토바이(ATV),남,22세,부상신고,승용,남,37세,기타불명
2020110800100014,2020년 11월 8일 00시,일요일,충청북도 청주시 서원구 수곡동,경상사고,0,0,1,0,차대차 - 후진중충돌,안전운전불이행,건조,맑음,단일로 - 기타,승용,남,51세,상해없음,화물,남,43세,경상
2020110800100061,2020년 11월 8일 04시,일요일,충청북도 청주시 흥덕구 복대동,경상사고,0,0,1,0,차대차 - 측면충돌,신호위반,건조,맑음,교차로 - 교차로안,승용,여,68세,상해없음,승용,남,26세,경상
2020110800100105,2020년 11월 8일 09시,일요일,충청북도 제천시 한수면,경상사고,0,0,2,0,차대차 - 정면충돌,안전운전불이행,건조,맑음,단일로 - 지하차도(도로)내,화물,남,65세,상해없음,승용,남,53세,경상
2020110800100126,2020년 11월 8일 10시,일요일,충청북도 충주시 성서동,경상사고,0,0,1,0,차대차 - 측면충돌,직진우회전진행방해,건조,맑음,교차로 - 교차로안,이륜,남,67세,경상,승용,남,62세,상해없음
2020110800100127,2020년 11월 8일 10시,일요일,충청북도 청주시 흥덕구 송정동,경상사고,0,0,1,0,차대차 - 추돌,안전운전불이행,건조,맑음,교차로 - 교차로부근,승용,여,32세,상해없음,승용,남,63세,경상
2020110800100183,2020년 11월 8일 12시,일요일,충청북도 청주시 청원구 사천동,중상사고,0,1,4,0,차대차 - 기타,신호위반,건조,맑음,교차로 - 교차로안,승합,남,60세,상해없음,승용,남,64세,중상
2020110800100184,2020년 11월 8일 12시,일요일,충청북도 충주시 문화동,경상사고,0,0,3,0,차대차 - 추돌,안전거리미확보,건조,맑음,교차로 - 교차로안,화물,남,56세,상해없음,승용,남,36세,경상
2020110800100217,2020년 11월 8일 13시,일요일,충청북도 제천시 중앙로1가,경상사고,0,0,1,0,차대차 - 측면충돌,안전거리미확보,건조,맑음,교차로 - 교차로부근,승용,여,69세,상해없음,승용,남,72세,경상
2020110800100218,2020년 11월 8일 13시,일요일,충청북도 옥천군 청성면,경상사고,0,0,5,0,차대차 - 추돌,안전운전불이행,건조,맑음,단일로 - 기타,화물,남,54세,상해없음,승용,여,67세,상해없음
2020110800100305,2020년 11월 8일 15시,일요일,충청북도 청주시 청원구 오창읍,경상사고,0,0,2,0,차대차 - 기타,교차로운행방법위반,건조,맑음,교차로 - 교차로안,이륜,남,37세,상해없음,승용,남,54세,경상
2020110800100306,2020년 11월 8일 15시,일요일,충청북도 제천시 한수면,경상사고,0,0,2,0,차대차 - 추돌,안전운전불이행,건조,맑음,단일로 - 기타,이륜,남,61세,상해없음,승용,남,51세,경상
2020110800100340,2020년 11월 8일 16시,일요일,충청북도 청주시 청원구 오창읍,경상사고,0,0,1,0,차대차 - 기타,안전거리미확보,건조,맑음,교차로 - 교차로부근,승용,남,21세,상해없음,승용,남,54세,경상
2020110800100341,2020년 11월 8일 16시,일요일,충청북도 증평군 증평읍,경상사고,0,0,6,0,차대차 - 추돌,안전운전불이행,건조,맑음,단일로 - 기타,화물,남,57세,상해없음,승용,남,24세,경상
2020110800100342,2020년 11월 8일 16시,일요일,충청북도 청주시 상당구 미원면,경상사고,0,0,1,0,차대차 - 기타,중앙선침범,건조,맑음,단일로 - 기타,화물,남,49세,상해없음,승용,남,30세,상해없음
2020110800100343,2020년 11월 8일 16시,일요일,충청북도 음성군 삼성면,경상사고,0,0,1,0,차대차 - 측면충돌,안전운전불이행,건조,맑음,단일로 - 기타,승용,남,52세,상해없음,승용,남,32세,경상
2020110800100380,2020년 11월 8일 17시,일요일,충청북도 청주시 청원구 내덕동,중상사고,0,1,0,0,차대사람 - 차도통행중,기타,건조,맑음,교차로 - 교차로안,화물,남,66세,상해없음,보행자,남,79세,중상
2020110800100381,2020년 11월 8일 17시,일요일,충청북도 청주시 청원구 우암동,중상사고,0,1,0,0,차대차 - 기타,안전운전불이행,건조,맑음,단일로 - 기타,사륜오토바이(ATV),남,59세,중상,승용,여,55세,상해없음
2020110800100382,2020년 11월 8일 17시,일요일,충청북도 청주시 청원구 율량동,경상사고,0,0,3,0,차대차 - 추돌,안전운전불이행,건조,맑음,교차로 - 교차로부근,승용,남,29세,상해없음,승용,여,39세,경상
2020110800100383,2020년 11월 8일 17시,일요일,충청북도 청주시 흥덕구 복대동,경상사고,0,0,7,0,차대차 - 기타,교차로운행방법위반,건조,맑음,교차로 - 교차로안,승용,여,44세,경상,승용,남,28세,경상
2020110800100384,2020년 11월 8일 17시,일요일,충청북도 청주시 서원구 개신동,경상사고,0,0,1,0,차대차 - 기타,안전운전불이행,건조,맑음,단일로 - 기타,승용,남,59세,상해없음,이륜,남,49세,경상
2020110800100431,2020년 11월 8일 18시,일요일,충청북도 청주시 흥덕구 복대동,경상사고,0,0,2,0,차대차 - 기타,안전운전불이행,건조,맑음,단일로 - 기타,승용,남,56세,상해없음,승용,남,22세,경상
2020110800100522,2020년 11월 8일 21시,일요일,충청북도 청주시 흥덕구 가경동,경상사고,0,0,1,0,차대차 - 기타,안전운전불이행,건조,맑음,교차로 - 교차로부근,승용,남,51세,상해없음,이륜,남,35세,경상
2020110800100545,2020년 11월 8일 22시,일요일,충청북도 청주시 청원구 내덕동,중상사고,0,1,1,0,차대차 - 측면충돌,신호위반,건조,맑음,교차로 - 교차로안,이륜,남,16세,중상,승용,남,24세,경상
2020110900100030,2020년 11월 9일 03시,월요일,충청북도 제천시 중앙로2가,경상사고,0,0,2,0,차대차 - 측면충돌,안전거리미확보,건조,맑음,교차로 - 교차로안,승용,남,21세,상해없음,승용,남,31세,경상
2020110900100034,2020년 11월 9일 04시,월요일,충청북도 청주시 청원구 내덕동,중상사고,0,1,0,0,차량단독 - 공작물충돌,안전운전불이행,건조,맑음,단일로 - 기타,이륜,남,12세,중상,,,,
2020110900100069,2020년 11월 9일 07시,월요일,충청북도 청주시 청원구 오동동,경상사고,0,0,2,0,차대차 - 기타,안전운전불이행,건조,맑음,교차로 - 교차로안,승용,여,28세,상해없음,승용,여,40세,경상
2020110900100070,2020년 11월 9일 07시,월요일,충청북도 음성군 금왕읍,경상사고,0,0,1,0,차대차 - 측면충돌,안전거리미확보,건조,맑음,교차로 - 교차로부근,승용,남,31세,상해없음,승용,남,62세,경상
2020110900100104,2020년 11월 9일 08시,월요일,충청북도 진천군 덕산면,경상사고,0,0,2,0,차대차 - 측면충돌,안전운전불이행,건조,맑음,단일로 - 기타,승용,남,58세,상해없음,승용,여,43세,경상
2020110900100105,2020년 11월 9일 08시,월요일,충청북도 청주시 흥덕구 송정동,경상사고,0,0,1,0,차대차 - 기타,안전운전불이행,건조,맑음,단일로 - 기타,승용,남,56세,상해없음,승용,여,63세,경상
2020110900100106,2020년 11월 9일 08시,월요일,충청북도 청주시 흥덕구 지동동,중상사고,0,1,0,0,차대차 - 측면충돌,신호위반,건조,맑음,교차로 - 교차로안,화물,남,73세,상해없음,승용,여,39세,중상
2020110900100155,2020년 11월 9일 09시,월요일,충청북도 제천시 하소동,경상사고,0,0,2,0,차대차 - 측면충돌,신호위반,건조,맑음,교차로 - 교차로안,승용,남,67세,상해없음,승합,남,62세,경상
2020110900100156,2020년 11월 9일 09시,월요일,충청북도 음성군 원남면,중상사고,0,1,0,0,차량단독 - 기타,안전운전불이행,건조,맑음,기타 - 기타,농기계,남,78세,중상,,,,
2020110900100157,2020년 11월 9일 09시,월요일,충청북도 청주시 흥덕구 가경동,경상사고,0,0,2,0,차대차 - 기타,교차로운행방법위반,건조,맑음,교차로 - 교차로안,승용,여,54세,경상,승용,여,51세,경상
2020110900100158,2020년 11월 9일 09시,월요일,충청북도 청주시 상당구 운동동,경상사고,0,0,2,0,차대차 - 측면충돌,안전운전불이행,건조,맑음,단일로 - 지하차도(도로)내,화물,남,58세,상해없음,승용,남,38세,경상
2020110900100197,2020년 11월 9일 10시,월요일,충청북도 제천시 백운면,경상사고,0,0,2,0,차대차 - 기타,기타,건조,맑음,단일로 - 기타,건설기계,남,35세,상해없음,특수,남,34세,경상
2020110900100198,2020년 11월 9일 10시,월요일,충청북도 영동군 황간면,중상사고,0,1,0,0,차대차 - 정면충돌,중앙선침범,건조,맑음,단일로 - 기타,승용,남,56세,상해없음,승용,남,77세,중상
2020110900100199,2020년 11월 9일 10시,월요일,충청북도 청주시 서원구 수곡동,경상사고,0,0,1,0,차대차 - 기타,교차로운행방법위반,건조,맑음,교차로 - 교차로안,승용,여,49세,상해없음,원동기,여,27세,경상
2020110900100267,2020년 11월 9일 12시,월요일,충청북도 청주시 청원구 오창읍,중상사고,0,1,0,0,차대차 - 기타,중앙선침범,건조,맑음,단일로 - 기타,승용,남,42세,상해없음,이륜,남,51세,중상
2020110900100269,2020년 11월 9일 12시,월요일,충청북도 괴산군 괴산읍,중상사고,0,1,0,0,차대차 - 추돌,신호위반,건조,맑음,교차로 - 교차로부근,승용,여,56세,상해없음,이륜,남,30세,중상
2020110900100270,2020년 11월 9일 12시,월요일,충청북도 청주시 상당구 영운동,중상사고,0,1,0,0,차대차 - 측면충돌,교차로운행방법위반,건조,맑음,교차로 - 교차로안,승용,여,59세,상해없음,이륜,남,18세,중상
2020110900100312,2020년 11월 9일 13시,월요일,충청북도 충주시 대소원면,경상사고,0,0,1,0,차대차 - 추돌,안전운전불이행,건조,맑음,교차로 - 교차로부근,승용,여,43세,상해없음,승용,여,41세,경상
2020110900100313,2020년 11월 9일 13시,월요일,충청북도 청주시 흥덕구 오송읍,경상사고,0,0,1,0,차대차 - 기타,안전운전불이행,건조,맑음,교차로 - 교차로부근,이륜,남,66세,상해없음,승용,남,52세,경상
2020110900100346,2020년 11월 9일 14시,월요일,충청북도 음성군 음성읍,중상사고,0,1,0,0,차대차 - 측면충돌,중앙선침범,건조,맑음,단일로 - 기타,화물,남,79세,상해없음,이륜,여,63세,중상
2020110900100395,2020년 11월 9일 15시,월요일,충청북도 청주시 청원구 내수읍,경상사고,0,0,1,0,차대차 - 기타,신호위반,건조,맑음,교차로 - 교차로안,승용,남,65세,경상,승용,남,73세,상해없음
2020110900100397,2020년 11월 9일 15시,월요일,충청북도 충주시 연수동,경상사고,0,0,1,0,차대차 - 추돌,안전운전불이행,건조,맑음,교차로 - 교차로안,승용,남,53세,상해없음,승용,남,78세,경상
2020110900100398,2020년 11월 9일 15시,월요일,충청북도 청주시 흥덕구 봉명동,경상사고,0,0,1,0,차대사람 - 기타,기타,젖음/습기,맑음,기타 - 기타,원동기,남,54세,상해없음,보행자,남,41세,경상
2020110900100400,2020년 11월 9일 15시,월요일,충청북도 청주시 흥덕구 수의동,경상사고,0,0,1,0,차대차 - 추돌,안전거리미확보,건조,맑음,단일로 - 기타,승용,남,64세,상해없음,승용,남,68세,경상
2020110900100441,2020년 11월 9일 16시,월요일,충청북도 청주시 청원구 오창읍,경상사고,0,0,1,0,차대차 - 추돌,안전운전불이행,건조,맑음,단일로 - 기타,승용,여,52세,상해없음,승용,여,34세,경상
2020110900100497,2020년 11월 9일 17시,월요일,충청북도 보은군 산외면,중상사고,0,1,1,0,차대차 - 추돌,안전운전불이행,건조,맑음,단일로 - 기타,화물,남,51세,중상,농기계,남,62세,경상
2020110900100498,2020년 11월 9일 17시,월요일,충청북도 음성군 대소면,중상사고,0,1,0,0,차대사람 - 차도통행중,안전운전불이행,건조,맑음,단일로 - 기타,화물,남,51세,상해없음,보행자,남,70세,중상
2020110900100546,2020년 11월 9일 18시,월요일,충청북도 충주시 중앙탑면,경상사고,0,0,1,0,차대차 - 추돌,안전운전불이행,건조,맑음,단일로 - 기타,승용,여,36세,경상,화물,남,33세,상해없음
2020110900100547,2020년 11월 9일 18시,월요일,충청북도 청주시 흥덕구 봉명동,경상사고,0,0,1,0,차대차 - 측면충돌,차로위반,건조,맑음,기타 - 기타,화물,남,48세,상해없음,승용,남,56세,경상
2020110900100670,2020년 11월 9일 22시,월요일,충청북도 청주시 서원구 분평동,경상사고,0,0,1,0,차대차 - 추돌,안전운전불이행,건조,맑음,교차로 - 교차로부근,화물,남,49세,상해없음,승용,여,28세,경상
2020111000100079,2020년 11월 10일 07시,화요일,충청북도 충주시 중앙탑면,중상사고,0,1,1,0,차대차 - 추돌,안전운전불이행,건조,맑음,단일로 - 기타,승용,남,26세,경상,승용,남,29세,상해없음
2020111000100080,2020년 11월 10일 07시,화요일,충청북도 괴산군 괴산읍,사망사고,1,0,0,0,차대차 - 추돌,안전운전불이행,건조,맑음,단일로 - 기타,화물,여,65세,상해없음,농기계,남,81세,사망
2020111000100120,2020년 11월 10일 08시,화요일,충청북도 괴산군 청안면,중상사고,0,1,0,0,차대차 - 측면충돌,안전운전불이행,건조,맑음,단일로 - 기타,건설기계,남,39세,상해없음,화물,남,58세,중상
2020111000100121,2020년 11월 10일 08시,화요일,충청북도 청주시 서원구 장암동,경상사고,0,0,1,0,차대차 - 측면충돌,안전거리미확보,건조,맑음,단일로 - 지하차도(도로)내,승용,여,55세,상해없음,승용,남,32세,경상
2020111000100164,2020년 11월 10일 09시,화요일,충청북도 청주시 청원구 율량동,중상사고,0,1,0,0,차대차 - 기타,차로위반,건조,맑음,단일로 - 기타,화물,남,50세,상해없음,승용,여,58세,중상
2020111000100203,2020년 11월 10일 10시,화요일,충청북도 제천시 명동,경상사고,0,0,1,0,차대차 - 추돌,안전거리미확보,건조,맑음,단일로 - 기타,이륜,남,65세,상해없음,승용,여,49세,경상
2020111000100204,2020년 11월 10일 10시,화요일,충청북도 보은군 보은읍,경상사고,0,0,1,0,차대차 - 측면충돌,교차로운행방법위반,건조,맑음,교차로 - 교차로안,승용,여,64세,상해없음,승용,남,60세,경상
2020111000100205,2020년 11월 10일 10시,화요일,충청북도 진천군 덕산면,중상사고,0,1,0,0,차대차 - 측면충돌,교차로운행방법위반,건조,맑음,교차로 - 교차로안,승용,여,60세,상해없음,원동기,남,80세,중상
2020111000100236,2020년 11월 10일 11시,화요일,충청북도 괴산군 괴산읍,경상사고,0,0,1,0,차대차 - 기타,기타,건조,맑음,단일로 - 기타,화물,남,71세,상해없음,승용,남,58세,경상
2020111000100237,2020년 11월 10일 11시,화요일,충청북도 진천군 문백면,경상사고,0,0,1,0,차대차 - 기타,중앙선침범,건조,맑음,단일로 - 기타,화물,남,54세,기타불명,화물,남,50세,경상
2020111000100276,2020년 11월 10일 12시,화요일,충청북도 충주시 문화동,경상사고,0,0,1,0,차대차 - 측면충돌,신호위반,건조,맑음,교차로 - 교차로안,승용,남,71세,상해없음,승용,여,71세,경상
2020111000100277,2020년 11월 10일 12시,화요일,충청북도 영동군 영동읍,중상사고,0,1,0,0,차대차 - 기타,교차로운행방법위반,건조,맑음,교차로 - 교차로안,승용,여,39세,상해없음,이륜,남,48세,중상
2020111000100308,2020년 11월 10일 13시,화요일,충청북도 청주시 청원구 내수읍,경상사고,0,0,1,0,차대사람 - 기타,안전운전불이행,건조,맑음,단일로 - 기타,승용,남,72세,상해없음,보행자,남,21세,경상
2020111000100309,2020년 11월 10일 13시,화요일,충청북도 청주시 흥덕구 송정동,경상사고,0,0,2,0,차대차 - 측면충돌,교차로운행방법위반,건조,맑음,교차로 - 교차로안,승합,남,55세,상해없음,승용,여,58세,경상
2020111000100350,2020년 11월 10일 14시,화요일,충청북도 진천군 덕산면,중상사고,0,1,0,0,차대차 - 추돌,안전운전불이행,건조,맑음,단일로 - 기타,화물,여,71세,상해없음,이륜,남,79세,중상
2020111000100387,2020년 11월 10일 15시,화요일,충청북도 청주시 청원구 내덕동,중상사고,0,1,0,0,차대차 - 측면충돌,중앙선침범,건조,맑음,교차로 - 교차로부근,자전거,남,74세,중상,승용,남,64세,상해없음
2020111000100388,2020년 11월 10일 15시,화요일,충청북도 괴산군 청천면,중상사고,0,1,2,0,차대차 - 측면충돌,안전운전불이행,건조,맑음,교차로 - 교차로안,이륜,남,53세,중상,승용,여,61세,경상
2020111000100389,2020년 11월 10일 15시,화요일,충청북도 진천군 덕산면,경상사고,0,0,2,0,차대사람 - 횡단중,안전운전불이행,건조,맑음,교차로 - 교차로횡단보도내,승용,남,42세,상해없음,보행자,남,8세,경상
2020111000100390,2020년 11월 10일 15시,화요일,충청북도 청주시 흥덕구 오송읍,중상사고,0,1,0,0,차대차 - 측면충돌,안전운전불이행,건조,맑음,교차로 - 교차로부근,건설기계,남,62세,상해없음,이륜,남,69세,중상
2020111000100391,2020년 11월 10일 15시,화요일,충청북도 청주시 서원구 장암동,중상사고,0,1,5,0,차대차 - 추돌,안전운전불이행,건조,맑음,교차로 - 교차로부근,승용,여,41세,경상,승용,여,49세,중상
2020111000100392,2020년 11월 10일 15시,화요일,충청북도 청주시 상당구 용암동,부상신고사고,0,0,0,1,차대차 - 정면충돌,안전운전불이행,건조,맑음,교차로 - 교차로안,자전거,여,35세,부상신고,승합,남,54세,상해없음
2020111000100436,2020년 11월 10일 16시,화요일,충청북도 증평군 도안면,중상사고,0,1,1,0,차대차 - 추돌,안전운전불이행,건조,맑음,교차로 - 교차로부근,승합,여,42세,상해없음,사륜오토바이(ATV),남,82세,중상
2020111000100437,2020년 11월 10일 16시,화요일,충청북도 진천군 덕산면,경상사고,0,0,1,0,차대차 - 추돌,안전운전불이행,건조,맑음,단일로 - 교량,승용,남,33세,상해없음,화물,남,43세,경상
2020111000100438,2020년 11월 10일 16시,화요일,충청북도 청주시 서원구 개신동,중상사고,0,1,0,0,차대사람 - 횡단중,안전운전불이행,건조,맑음,교차로 - 교차로안,승용,남,29세,상해없음,보행자,여,61세,중상
2020111000100491,2020년 11월 10일 17시,화요일,충청북도 충주시 칠금동,경상사고,0,0,2,0,차대차 - 추돌,안전운전불이행,건조,맑음,교차로 - 교차로안,승용,여,22세,상해없음,이륜,남,42세,경상
2020111000100492,2020년 11월 10일 17시,화요일,충청북도 제천시 고명동,부상신고사고,0,0,0,1,차대차 - 측면충돌,안전거리미확보,건조,맑음,단일로 - 기타,화물,남,48세,상해없음,승용,남,52세,부상신고
2020111000100493,2020년 11월 10일 17시,화요일,충청북도 청주시 흥덕구 오송읍,경상사고,0,0,1,0,차대차 - 측면충돌,안전운전불이행,건조,맑음,교차로 - 교차로안,승용,남,43세,상해없음,개인형이동수단(PM),남,29세,경상
2020111000100562,2020년 11월 10일 18시,화요일,충청북도 청주시 서원구 사직동,경상사고,0,0,1,0,차대사람 - 기타,보행자보호의무위반,건조,맑음,단일로 - 기타,승용,남,49세,상해없음,보행자,남,12세,경상
2020111000100563,2020년 11월 10일 18시,화요일,충청북도 충주시 호암동,경상사고,0,0,1,0,차대차 - 측면충돌,직진우회전진행방해,건조,흐림,교차로 - 교차로안,승용,남,45세,상해없음,승용,남,45세,경상
2020111000100616,2020년 11월 10일 19시,화요일,충청북도 청주시 청원구 오창읍,경상사고,0,0,1,0,차대차 - 기타,안전거리미확보,건조,맑음,단일로 - 기타,승합,남,21세,상해없음,승용,남,38세,경상
2020111000100617,2020년 11월 10일 19시,화요일,충청북도 청주시 서원구 개신동,경상사고,0,0,1,0,차대차 - 추돌,안전거리미확보,건조,맑음,교차로 - 교차로안,승용,남,76세,상해없음,승용,남,62세,경상
2020111000100618,2020년 11월 10일 19시,화요일,충청북도 청주시 청원구 내덕동,경상사고,0,0,1,0,차대차 - 기타,안전운전불이행,건조,맑음,단일로 - 기타,화물,남,53세,상해없음,승용,남,59세,경상
2020111000100619,2020년 11월 10일 19시,화요일,충청북도 충주시 단월동,경상사고,0,0,1,0,차대차 - 기타,신호위반,건조,맑음,교차로 - 교차로안,승용,남,71세,상해없음,승용,남,40세,경상
2020111000100620,2020년 11월 10일 19시,화요일,충청북도 청주시 서원구 성화동,중상사고,0,1,0,1,차대차 - 기타,안전거리미확보,건조,맑음,단일로 - 기타,승용,여,37세,상해없음,승합,남,54세,중상
2020111000100621,2020년 11월 10일 19시,화요일,충청북도 청주시 상당구 용담동,경상사고,0,0,3,0,차대차 - 측면충돌,교차로운행방법위반,건조,맑음,교차로 - 교차로안,화물,남,64세,경상,화물,여,56세,경상
2020111000100656,2020년 11월 10일 20시,화요일,충청북도 제천시 봉양읍,경상사고,0,0,4,0,차대차 - 측면충돌,안전운전불이행,건조,맑음,단일로 - 기타,승용,남,41세,경상,승용,남,55세,상해없음
2020111000100690,2020년 11월 10일 21시,화요일,충청북도 제천시 장락동,경상사고,0,0,1,0,차대차 - 정면충돌,안전운전불이행,건조,맑음,교차로 - 교차로안,승용,남,33세,상해없음,승용,남,30세,경상
2020111000100691,2020년 11월 10일 21시,화요일,충청북도 음성군 삼성면,중상사고,0,1,0,0,차대사람 - 차도통행중,안전운전불이행,건조,맑음,교차로 - 교차로부근,승용,남,61세,상해없음,보행자,남,59세,중상
2020111000100692,2020년 11월 10일 21시,화요일,충청북도 청주시 상당구 용암동,경상사고,0,0,1,0,차대차 - 정면충돌,신호위반,건조,맑음,교차로 - 교차로안,승용,남,28세,상해없음,원동기,남,33세,경상
2020111000100733,2020년 11월 10일 23시,화요일,충청북도 청주시 서원구 수곡동,경상사고,0,0,1,0,차대차 - 기타,안전운전불이행,건조,맑음,교차로 - 교차로부근,승용,여,37세,상해없음,승용,남,55세,경상
2020111000100734,2020년 11월 10일 23시,화요일,충청북도 청주시 상당구 금천동,경상사고,0,0,1,0,차대차 - 추돌,안전운전불이행,건조,맑음,교차로 - 교차로안,승용,남,55세,상해없음,승용,여,55세,경상
2020111100100016,2020년 11월 11일 01시,수요일,충청북도 청주시 청원구 오창읍,경상사고,0,0,2,0,차대차 - 측면충돌,신호위반,건조,맑음,교차로 - 교차로안,승용,남,56세,상해없음,승용,남,44세,경상
2020111100100019,2020년 11월 11일 02시,수요일,충청북도 진천군 진천읍,경상사고,0,0,1,0,차량단독 - 도로외이탈 - 기타,안전운전불이행,건조,맑음,단일로 - 기타,승용,남,21세,상해없음,,,,
2020111100100103,2020년 11월 11일 08시,수요일,충청북도 청주시 흥덕구 봉명동,사망사고,1,1,1,0,차대차 - 측면충돌,신호위반,건조,맑음,교차로 - 교차로안,승용,여,26세,중상,승용,남,55세,경상
2020111100100148,2020년 11월 11일 09시,수요일,충청북도 옥천군 옥천읍,경상사고,0,0,1,0,차대차 - 측면충돌,안전운전불이행,건조,맑음,교차로 - 교차로안,승용,남,21세,기타불명,화물,남,52세,경상
2020111100100149,2020년 11월 11일 09시,수요일,충청북도 청주시 상당구 용정동,경상사고,0,0,2,0,차대차 - 기타,안전운전불이행,건조,맑음,교차로 - 교차로안,화물,남,26세,상해없음,화물,남,46세,경상
2020111100100194,2020년 11월 11일 10시,수요일,충청북도 충주시 연수동,경상사고,0,0,1,0,차대차 - 기타,신호위반,건조,맑음,교차로 - 교차로안,승용,남,32세,상해없음,승용,남,51세,경상
2020111100100281,2020년 11월 11일 12시,수요일,충청북도 보은군 보은읍,경상사고,0,0,1,0,차대사람 - 길가장자리구역통행중,안전운전불이행,건조,맑음,단일로 - 기타,화물,남,80세,상해없음,보행자,여,61세,경상
2020111100100323,2020년 11월 11일 13시,수요일,충청북도 청주시 청원구 율량동,경상사고,0,0,2,0,차대차 - 기타,신호위반,건조,맑음,교차로 - 교차로안,승용,여,27세,경상,승용,여,40세,경상
2020111100100324,2020년 11월 11일 13시,수요일,충청북도 음성군 감곡면,중상사고,0,1,0,0,차대사람 - 기타,안전운전불이행,건조,맑음,단일로 - 기타,승용,남,38세,기타불명,보행자,남,19세,중상
2020111100100325,2020년 11월 11일 13시,수요일,충청북도 청주시 상당구 용암동,중상사고,0,1,0,0,차대차 - 추돌,안전운전불이행,건조,맑음,단일로 - 기타,화물,남,32세,상해없음,원동기,남,42세,중상
2020111100100370,2020년 11월 11일 14시,수요일,충청북도 진천군 초평면,사망사고,1,2,5,2,차대차 - 추돌,안전운전불이행,건조,맑음,단일로 - 기타,화물,남,51세,사망,화물,남,47세,경상
2020111100100453,2020년 11월 11일 16시,수요일,충청북도 충주시 달천동,중상사고,0,2,0,0,차대차 - 기타,신호위반,건조,맑음,단일로 - 교량,승용,남,67세,상해없음,승용,남,49세,중상