사고번호,사고일시,요일,시군구,사고내용,사망자수,중상자수,경상자수,부상신고자수,사고유형,법규위반,노면상태,기상상태,도로형태,가해운전자 차종,가해운전자 성별,가해운전자 연령,가해운전자 상해정도,피해운전자 차종,피해운전자 성별,피해운전자 연령,피해운전자 상해정도
2020111100100499,2020년 11월 11일 17시,수요일,충청북도 청주시 서원구 수곡동,경상사고,0,0,2,0,차대차 - 측면충돌,안전운전불이행,건조,맑음,교차로 - 교차로안,승용,남,71세,상해없음,승용,남,23세,경상
2020111100100553,2020년 11월 11일 18시,수요일,충청북도 영동군 양강면,경상사고,0,0,1,0,차대차 - 추돌,안전거리미확보,건조,맑음,단일로 - 기타,승용,여,56세,상해없음,승용,남,37세,경상
2020111100100554,2020년 11월 11일 18시,수요일,충청북도 청주시 상당구 용암동,중상사고,0,1,0,0,차대사람 - 횡단중,보행자보호의무위반,건조,맑음,교차로 - 교차로횡단보도내,승용,여,51세,상해없음,보행자,남,54세,중상
2020111100100555,2020년 11월 11일 18시,수요일,충청북도 청주시 서원구 모충동,중상사고,0,1,1,0,차대사람 - 기타,안전운전불이행,건조,맑음,교차로 - 교차로안,승용,남,21세,상해없음,보행자,남,20세,중상
2020111100100624,2020년 11월 11일 19시,수요일,충청북도 청주시 청원구 율량동,경상사고,0,0,1,0,차대차 - 기타,안전운전불이행,건조,맑음,단일로 - 기타,기타불명,기타불명,미분류,기타불명,승합,남,64세,상해없음
2020111100100625,2020년 11월 11일 19시,수요일,충청북도 증평군 증평읍,부상신고사고,0,0,0,1,차대차 - 기타,안전운전불이행,건조,맑음,기타 - 기타,기타불명,기타불명,미분류,기타불명,자전거,남,20세,부상신고
2020111100100626,2020년 11월 11일 19시,수요일,충청북도 진천군 진천읍,경상사고,0,0,1,0,차대차 - 측면충돌,직진우회전진행방해,건조,맑음,교차로 - 교차로안,승용,여,33세,상해없음,승용,여,55세,경상
2020111100100672,2020년 11월 11일 20시,수요일,충청북도 청주시 청원구 오창읍,중상사고,0,1,0,0,차대차 - 측면충돌,차로위반,건조,맑음,교차로 - 교차로부근,화물,남,54세,상해없음,승합,남,50세,중상
2020111100100700,2020년 11월 11일 21시,수요일,충청북도 충주시 호암동,경상사고,0,0,1,0,차대차 - 측면충돌,교차로운행방법위반,건조,맑음,교차로 - 교차로안,승용,남,50세,상해없음,자전거,남,13세,경상
2020111100100701,2020년 11월 11일 21시,수요일,충청북도 충주시 주덕읍,중상사고,0,2,2,0,차대차 - 기타,신호위반,건조,맑음,교차로 - 교차로안,승용,여,28세,중상,승합,남,53세,중상
2020111100100702,2020년 11월 11일 21시,수요일,충청북도 청주시 서원구 수곡동,경상사고,0,0,2,0,차대차 - 기타,안전운전불이행,건조,맑음,교차로 - 교차로횡단보도내,승합,남,70세,상해없음,승합,남,59세,경상
2020111100100729,2020년 11월 11일 22시,수요일,충청북도 청주시 흥덕구 가경동,중상사고,0,1,0,0,차대사람 - 기타,안전운전불이행,건조,맑음,기타 - 기타,기타불명,기타불명,미분류,기타불명,보행자,남,15세,중상
2020111200100093,2020년 11월 12일 07시,목요일,충청북도 충주시 교현동,경상사고,0,0,1,0,차대차 - 기타,안전운전불이행,건조,맑음,단일로 - 기타,승용,남,59세,상해없음,기타불명,여,70세,경상
2020111200100094,2020년 11월 12일 07시,목요일,충청북도 청주시 흥덕구 가경동,경상사고,0,0,1,0,차대차 - 기타,중앙선침범,건조,맑음,교차로 - 교차로부근,승용,여,45세,상해없음,화물,남,50세,경상
2020111200100125,2020년 11월 12일 08시,목요일,충청북도 충주시 목행동,경상사고,0,0,1,0,차대차 - 추돌,안전운전불이행,건조,맑음,단일로 - 기타,승용,남,33세,상해없음,승용,남,72세,경상
2020111200100257,2020년 11월 12일 12시,목요일,충청북도 제천시 화산동,경상사고,0,0,1,0,차대차 - 정면충돌,직진우회전진행방해,건조,맑음,교차로 - 교차로안,승용,남,47세,상해없음,승용,여,52세,경상
2020111200100258,2020년 11월 12일 12시,목요일,충청북도 청주시 흥덕구 강내면,경상사고,0,0,3,0,차대차 - 기타,교차로운행방법위반,건조,맑음,교차로 - 교차로안,승합,여,49세,상해없음,승용,남,31세,경상
2020111200100259,2020년 11월 12일 12시,목요일,충청북도 청주시 상당구 용담동,경상사고,0,0,1,0,차대차 - 측면충돌,안전운전불이행,건조,맑음,주차장 - 주차장,승용,여,45세,상해없음,승용,여,32세,경상
2020111200100293,2020년 11월 12일 13시,목요일,충청북도 충주시 중앙탑면,경상사고,0,0,1,0,차대차 - 기타,안전운전불이행,건조,맑음,단일로 - 기타,화물,남,35세,기타불명,승용,남,37세,경상
2020111200100294,2020년 11월 12일 13시,목요일,충청북도 청주시 상당구 용담동,경상사고,0,0,2,0,차대차 - 측면충돌,안전운전불이행,건조,맑음,교차로 - 교차로부근,특수,남,49세,경상,승용,남,30세,경상
2020111200100331,2020년 11월 12일 14시,목요일,충청북도 단양군 매포읍,경상사고,0,0,1,0,차대차 - 측면충돌,안전운전불이행,건조,맑음,교차로 - 교차로안,특수,남,61세,상해없음,승용,남,56세,경상
2020111200100332,2020년 11월 12일 14시,목요일,충청북도 청주시 서원구 성화동,경상사고,0,0,1,0,차대차 - 기타,교차로운행방법위반,건조,맑음,교차로 - 교차로안,승용,여,38세,상해없음,승용,남,27세,경상
2020111200100374,2020년 11월 12일 15시,목요일,충청북도 청주시 흥덕구 가경동,중상사고,0,1,0,0,차대차 - 측면충돌,교차로운행방법위반,건조,맑음,교차로 - 교차로부근,승용,여,48세,상해없음,자전거,남,14세,중상
2020111200100409,2020년 11월 12일 16시,목요일,충청북도 보은군 내북면,경상사고,0,0,1,0,차대차 - 기타,중앙선침범,건조,맑음,단일로 - 기타,기타불명,기타불명,미분류,기타불명,승용,남,65세,경상
2020111200100410,2020년 11월 12일 16시,목요일,충청북도 옥천군 옥천읍,경상사고,0,0,2,0,차대차 - 측면충돌,차로위반,건조,맑음,단일로 - 기타,특수,남,56세,상해없음,승용,여,51세,경상
2020111200100452,2020년 11월 12일 17시,목요일,충청북도 청주시 청원구 내덕동,경상사고,0,0,1,0,차대사람 - 보도통행중,보행자보호의무위반,건조,맑음,교차로 - 교차로횡단보도내,승합,여,56세,상해없음,보행자,남,17세,경상
2020111200100453,2020년 11월 12일 17시,목요일,충청북도 진천군 진천읍,경상사고,0,0,1,0,차대차 - 추돌,안전운전불이행,건조,맑음,단일로 - 기타,승용,남,32세,상해없음,승용,남,59세,경상
2020111200100454,2020년 11월 12일 17시,목요일,충청북도 청주시 흥덕구 오송읍,경상사고,0,0,1,0,차대차 - 측면충돌,교차로운행방법위반,건조,맑음,교차로 - 교차로안,승용,남,26세,상해없음,자전거,남,13세,경상
2020111200100516,2020년 11월 12일 18시,목요일,충청북도 제천시 청전동,경상사고,0,0,1,0,차대차 - 정면충돌,안전운전불이행,건조,맑음,교차로 - 교차로안,화물,남,50세,상해없음,이륜,남,25세,경상
2020111200100517,2020년 11월 12일 18시,목요일,충청북도 단양군 매포읍,경상사고,0,0,1,0,차대차 - 추돌,안전운전불이행,건조,맑음,교차로 - 교차로부근,승용,여,48세,상해없음,승용,여,50세,경상
2020111200100518,2020년 11월 12일 18시,목요일,충청북도 진천군 진천읍,경상사고,0,0,4,0,차대차 - 측면충돌,차로위반,건조,맑음,단일로 - 기타,승합,남,66세,상해없음,승용,남,38세,경상
2020111200100590,2020년 11월 12일 19시,목요일,충청북도 청주시 서원구 개신동,중상사고,0,1,0,0,차대차 - 기타,신호위반,건조,맑음,교차로 - 교차로안,승용,남,70세,상해없음,승용,여,47세,중상
2020111200100623,2020년 11월 12일 20시,목요일,충청북도 옥천군 옥천읍,중상사고,0,1,0,0,차대차 - 추돌,안전운전불이행,건조,맑음,단일로 - 기타,건설기계,남,22세,상해없음,이륜,남,63세,중상
2020111200100624,2020년 11월 12일 20시,목요일,충청북도 청주시 흥덕구 복대동,경상사고,0,0,6,0,차대차 - 측면충돌,안전운전불이행,건조,맑음,교차로 - 교차로안,승용,남,27세,상해없음,승용,여,37세,경상
2020111200100674,2020년 11월 12일 22시,목요일,충청북도 청주시 흥덕구 신촌동,중상사고,0,1,1,0,차대차 - 측면충돌,신호위반,건조,맑음,교차로 - 교차로안,승용,남,46세,상해없음,승용,남,53세,중상
2020111200100687,2020년 11월 12일 23시,목요일,충청북도 충주시 대소원면,경상사고,0,0,1,0,차대차 - 후진중충돌,안전운전불이행,건조,맑음,단일로 - 기타,승용,남,56세,상해없음,승용,여,37세,경상
2020111300100007,2020년 11월 13일 00시,금요일,충청북도 충주시 주덕읍,경상사고,0,0,1,0,차대차 - 추돌,안전운전불이행,건조,맑음,교차로 - 교차로부근,승용,남,32세,상해없음,승용,남,36세,경상
2020111300100015,2020년 11월 13일 01시,금요일,충청북도 청주시 흥덕구 가경동,경상사고,0,0,3,0,차대차 - 기타,안전운전불이행,건조,맑음,교차로 - 교차로부근,승용,남,24세,상해없음,승용,남,62세,경상
2020111300100033,2020년 11월 13일 03시,금요일,충청북도 충주시 대소원면,경상사고,0,0,1,0,차대차 - 기타,교차로운행방법위반,건조,맑음,교차로 - 교차로안,승용,남,39세,상해없음,승용,남,26세,경상
2020111300100078,2020년 11월 13일 07시,금요일,충청북도 옥천군 옥천읍,경상사고,0,0,1,0,차대차 - 측면충돌,안전운전불이행,건조,맑음,교차로 - 교차로안,승용,남,34세,상해없음,이륜,남,73세,경상
2020111300100079,2020년 11월 13일 07시,금요일,충청북도 청주시 상당구 영운동,중상사고,0,1,0,0,차대차 - 정면충돌,교차로운행방법위반,건조,맑음,교차로 - 교차로안,화물,남,47세,상해없음,자전거,여,57세,중상
2020111300100114,2020년 11월 13일 08시,금요일,충청북도 청주시 서원구 모충동,경상사고,0,0,1,0,차대차 - 측면충돌,안전운전불이행,건조,맑음,단일로 - 지하차도(도로)내,승용,여,47세,상해없음,승용,남,32세,경상
2020111300100155,2020년 11월 13일 09시,금요일,충청북도 청주시 청원구 우암동,경상사고,0,0,1,0,차대차 - 측면충돌,직진우회전진행방해,건조,맑음,교차로 - 교차로안,승용,남,66세,상해없음,자전거,여,55세,경상
2020111300100185,2020년 11월 13일 10시,금요일,충청북도 청주시 흥덕구 봉명동,중상사고,0,2,1,0,차대차 - 측면충돌,직진우회전진행방해,건조,맑음,교차로 - 교차로안,승용,여,49세,경상,승용,여,50세,중상
2020111300100219,2020년 11월 13일 11시,금요일,충청북도 진천군 진천읍,중상사고,0,1,0,0,차대차 - 추돌,안전거리미확보,건조,맑음,단일로 - 기타,화물,남,64세,상해없음,승용,남,74세,중상
2020111300100281,2020년 11월 13일 13시,금요일,충청북도 충주시 앙성면,중상사고,0,1,0,0,차대차 - 기타,기타,건조,맑음,교차로 - 교차로안,화물,남,32세,상해없음,승용,여,41세,중상
2020111300100282,2020년 11월 13일 13시,금요일,충청북도 증평군 증평읍,경상사고,0,0,1,0,차대차 - 기타,안전운전불이행,건조,맑음,교차로 - 교차로안,화물,남,66세,상해없음,승용,남,68세,경상
2020111300100283,2020년 11월 13일 13시,금요일,충청북도 보은군 마로면,중상사고,0,1,0,0,차대사람 - 길가장자리구역통행중,교차로운행방법위반,건조,맑음,교차로 - 교차로안,화물,남,60세,상해없음,보행자,여,86세,중상
2020111300100284,2020년 11월 13일 13시,금요일,충청북도 옥천군 옥천읍,경상사고,0,0,1,0,차대차 - 추돌,불법유턴,건조,맑음,교차로 - 교차로안,승합,남,68세,상해없음,승용,여,35세,경상
2020111300100306,2020년 11월 13일 14시,금요일,충청북도 충주시 용두동,경상사고,0,0,3,0,차대차 - 측면충돌,안전운전불이행,건조,맑음,교차로 - 교차로부근,승용,남,70세,경상,승용,여,20세,경상
2020111300100307,2020년 11월 13일 14시,금요일,충청북도 청주시 흥덕구 신봉동,경상사고,0,0,2,0,차대차 - 기타,안전거리미확보,건조,맑음,교차로 - 교차로부근,승용,여,44세,상해없음,승용,여,35세,경상
2020111300100339,2020년 11월 13일 15시,금요일,충청북도 충주시 연수동,경상사고,0,0,2,0,차대차 - 기타,안전운전불이행,건조,맑음,단일로 - 기타,승합,남,51세,기타불명,승용,여,43세,경상
2020111300100340,2020년 11월 13일 15시,금요일,충청북도 제천시 신월동,경상사고,0,0,1,0,차대차 - 추돌,안전거리미확보,건조,맑음,교차로 - 교차로안,건설기계,남,60세,상해없음,승용,남,51세,경상
2020111300100377,2020년 11월 13일 16시,금요일,충청북도 제천시 두학동,중상사고,0,2,0,0,차대차 - 정면충돌,중앙선침범,건조,맑음,교차로 - 교차로부근,승용,여,59세,중상,화물,남,50세,중상
2020111300100378,2020년 11월 13일 16시,금요일,충청북도 영동군 황간면,중상사고,0,1,0,0,차대차 - 기타,중앙선침범,건조,맑음,기타 - 기타,건설기계,남,26세,상해없음,이륜,남,23세,중상
2020111300100379,2020년 11월 13일 16시,금요일,충청북도 단양군 매포읍,부상신고사고,0,0,0,1,차대차 - 측면충돌,안전운전불이행,건조,맑음,기타 - 기타,자전거,남,미분류,부상신고,화물,남,32세,상해없음
2020111300100425,2020년 11월 13일 17시,금요일,충청북도 제천시 장락동,경상사고,0,0,2,0,차대차 - 후진중충돌,안전운전불이행,건조,맑음,단일로 - 기타,화물,남,62세,상해없음,승용,여,59세,경상
2020111300100426,2020년 11월 13일 17시,금요일,충청북도 괴산군 소수면,경상사고,0,0,1,0,차대차 - 추돌,안전운전불이행,건조,맑음,단일로 - 기타,화물,남,69세,경상,건설기계,남,62세,상해없음
2020111300100483,2020년 11월 13일 18시,금요일,충청북도 충주시 칠금동,경상사고,0,0,2,0,차대차 - 측면충돌,안전운전불이행,건조,맑음,교차로 - 교차로안,승용,남,24세,경상,승용,남,31세,경상
2020111300100484,2020년 11월 13일 18시,금요일,충청북도 제천시 신월동,경상사고,0,0,2,0,차대차 - 추돌,안전거리미확보,건조,맑음,단일로 - 기타,승용,남,78세,상해없음,승용,남,46세,경상
2020111300100485,2020년 11월 13일 18시,금요일,충청북도 괴산군 괴산읍,경상사고,0,0,1,0,차대차 - 측면충돌,직진우회전진행방해,건조,맑음,교차로 - 교차로안,승용,여,42세,경상,화물,남,57세,상해없음
2020111300100486,2020년 11월 13일 18시,금요일,충청북도 청주시 흥덕구 복대동,경상사고,0,0,1,0,차대사람 - 보도통행중,보행자보호의무위반,건조,맑음,교차로 - 교차로안,승용,남,56세,상해없음,보행자,여,69세,경상
2020111300100487,2020년 11월 13일 18시,금요일,충청북도 청주시 서원구 남이면,경상사고,0,0,5,0,차대차 - 기타,기타,건조,맑음,단일로 - 기타,화물,남,28세,상해없음,승용,남,22세,경상
2020111300100551,2020년 11월 13일 19시,금요일,충청북도 충주시 수안보면,중상사고,0,1,1,0,차대차 - 기타,안전운전불이행,건조,맑음,교차로 - 교차로부근,승용,남,48세,경상,승용,남,54세,중상
2020111300100552,2020년 11월 13일 19시,금요일,충청북도 청주시 상당구 용암동,경상사고,0,0,1,0,차대차 - 기타,기타,건조,맑음,단일로 - 지하차도(도로)내,화물,남,57세,상해없음,승용,남,22세,경상
2020111300100589,2020년 11월 13일 20시,금요일,충청북도 영동군 영동읍,중상사고,0,1,0,0,차대차 - 기타,안전운전불이행,건조,맑음,교차로 - 교차로안,승용,남,49세,상해없음,자전거,남,60세,중상
2020111300100590,2020년 11월 13일 20시,금요일,충청북도 청주시 상당구 용암동,중상사고,0,1,0,0,차대차 - 기타,안전운전불이행,건조,맑음,단일로 - 지하차도(도로)내,승합,남,43세,상해없음,원동기,남,40세,중상
2020111300100675,2020년 11월 13일 23시,금요일,충청북도 청주시 청원구 오창읍,중상사고,0,1,1,0,차대차 - 측면충돌,안전거리미확보,건조,맑음,단일로 - 지하차도(도로)내,특수,남,46세,경상,승용,여,38세,중상
2020111400100013,2020년 11월 14일 00시,토요일,충청북도 청주시 흥덕구 비하동,경상사고,0,0,2,0,차대차 - 추돌,안전운전불이행,건조,맑음,교차로 - 교차로부근,승용,남,33세,상해없음,승용,남,23세,경상
2020111400100044,2020년 11월 14일 02시,토요일,충청북도 청주시 청원구 내덕동,경상사고,0,0,2,0,차대차 - 기타,안전운전불이행,건조,맑음,교차로 - 교차로안,승용,남,76세,상해없음,승용,남,65세,상해없음
2020111400100095,2020년 11월 14일 06시,토요일,충청북도 청주시 청원구 오창읍,경상사고,0,0,1,0,차대차 - 추돌,안전운전불이행,기타,안개,교차로 - 교차로부근,승용,남,47세,상해없음,승용,남,24세,경상
2020111400100145,2020년 11월 14일 09시,토요일,충청북도 청주시 청원구 사천동,중상사고,0,1,0,0,차대차 - 기타,안전운전불이행,건조,흐림,교차로 - 교차로부근,승용,남,70세,상해없음,승용,여,38세,상해없음
2020111400100146,2020년 11월 14일 09시,토요일,충청북도 증평군 증평읍,경상사고,0,0,1,0,차대차 - 측면충돌,교차로운행방법위반,건조,맑음,교차로 - 교차로안,화물,남,59세,상해없음,이륜,남,68세,경상
2020111400100179,2020년 11월 14일 10시,토요일,충청북도 충주시 문화동,중상사고,0,1,0,0,차대차 - 추돌,안전거리미확보,건조,맑음,단일로 - 기타,이륜,남,84세,중상,승용,여,59세,상해없음
2020111400100180,2020년 11월 14일 10시,토요일,충청북도 청주시 상당구 낭성면,중상사고,0,1,1,0,차대차 - 측면충돌,교차로운행방법위반,건조,맑음,교차로 - 교차로안,승용,여,69세,경상,승용,남,65세,중상
2020111400100215,2020년 11월 14일 11시,토요일,충청북도 증평군 증평읍,경상사고,0,0,4,0,차대차 - 추돌,안전운전불이행,건조,맑음,교차로 - 교차로부근,승용,남,35세,상해없음,승용,남,39세,경상
2020111400100216,2020년 11월 14일 11시,토요일,충청북도 음성군 대소면,경상사고,0,0,1,0,차대차 - 측면충돌,교차로운행방법위반,건조,맑음,교차로 - 교차로안,승용,남,22세,상해없음,화물,남,53세,경상
2020111400100217,2020년 11월 14일 11시,토요일,충청북도 청주시 상당구 방서동,경상사고,0,0,1,0,차대차 - 측면충돌,안전운전불이행,건조,맑음,교차로 - 교차로안,승용,여,36세,상해없음,승용,남,54세,상해없음
2020111400100259,2020년 11월 14일 12시,토요일,충청북도 충주시 동량면,중상사고,0,1,2,0,차대차 - 추돌,안전거리미확보,건조,맑음,교차로 - 교차로부근,승용,남,30세,경상,승용,여,51세,중상
2020111400100260,2020년 11월 14일 12시,토요일,충청북도 괴산군 소수면,경상사고,0,0,2,0,차대차 - 측면충돌,안전운전불이행,건조,맑음,단일로 - 기타,화물,남,52세,상해없음,자전거,남,45세,경상
2020111400100330,2020년 11월 14일 14시,토요일,충청북도 음성군 음성읍,경상사고,0,0,1,0,차량단독 - 공작물충돌,안전운전불이행,건조,맑음,단일로 - 기타,화물,남,67세,경상,,,,
2020111400100331,2020년 11월 14일 14시,토요일,충청북도 진천군 광혜원면,경상사고,0,0,1,0,차대차 - 추돌,교차로운행방법위반,건조,맑음,교차로 - 교차로안,승용,여,53세,경상,화물,남,49세,상해없음
2020111400100415,2020년 11월 14일 16시,토요일,충청북도 청주시 서원구 사창동,경상사고,0,0,1,0,차대차 - 기타,안전운전불이행,건조,맑음,교차로 - 교차로횡단보도내,자전거,남,24세,경상,승용,여,68세,상해없음
2020111400100416,2020년 11월 14일 16시,토요일,충청북도 진천군 문백면,중상사고,0,1,1,0,차대차 - 측면충돌,교차로운행방법위반,건조,맑음,교차로 - 교차로안,승용,남,51세,경상,승용,남,46세,중상
2020111400100454,2020년 11월 14일 17시,토요일,충청북도 청주시 청원구 내수읍,중상사고,0,1,1,0,차대차 - 기타,안전운전불이행,건조,맑음,교차로 - 교차로안,승용,남,51세,상해없음,승용,남,33세,경상
2020111400100508,2020년 11월 14일 18시,토요일,충청북도 청주시 서원구 사창동,경상사고,0,0,5,0,차대차 - 측면충돌,안전운전불이행,건조,맑음,단일로 - 기타,승용,남,35세,상해없음,승용,남,42세,경상
2020111400100509,2020년 11월 14일 18시,토요일,충청북도 청주시 서원구 사창동,경상사고,0,0,3,0,차대차 - 기타,안전운전불이행,건조,맑음,단일로 - 기타,승용,남,56세,경상,승용,남,30세,경상
2020111400100637,2020년 11월 14일 23시,토요일,충청북도 청주시 상당구 북문로2가동,경상사고,0,0,4,0,차대차 - 정면충돌,신호위반,건조,맑음,교차로 - 교차로안,승합,남,54세,상해없음,승용,남,55세,경상
2020111400100638,2020년 11월 14일 23시,토요일,충청북도 옥천군 군북면,중상사고,0,1,0,0,차량단독 - 공작물충돌,안전운전불이행,건조,맑음,기타 - 기타,이륜,남,58세,중상,,,,
2020111500100021,2020년 11월 15일 03시,일요일,충청북도 음성군 감곡면,중상사고,0,1,0,0,차대차 - 정면충돌,교차로운행방법위반,건조,맑음,교차로 - 교차로안,승용,남,72세,기타불명,이륜,남,37세,중상
2020111500100050,2020년 11월 15일 07시,일요일,충청북도 청주시 상당구 미원면,경상사고,0,0,2,0,차대차 - 측면충돌,교차로운행방법위반,건조,맑음,교차로 - 교차로안,승용,여,50세,경상,승용,남,64세,경상
2020111500100094,2020년 11월 15일 10시,일요일,충청북도 제천시 장락동,경상사고,0,0,2,0,차대차 - 측면충돌,직진우회전진행방해,건조,맑음,교차로 - 교차로안,승합,남,62세,경상,승용,여,47세,경상
2020111500100095,2020년 11월 15일 10시,일요일,충청북도 청주시 상당구 영운동,경상사고,0,0,1,0,차대차 - 후진중충돌,안전운전불이행,건조,맑음,교차로 - 교차로안,승용,남,66세,상해없음,이륜,남,38세,경상
2020111500100096,2020년 11월 15일 10시,일요일,충청북도 청주시 상당구 영운동,경상사고,0,0,1,0,차대차 - 측면충돌,교차로운행방법위반,건조,맑음,교차로 - 교차로안,승용,여,68세,상해없음,원동기,남,33세,경상
2020111500100113,2020년 11월 15일 11시,일요일,충청북도 보은군 보은읍,경상사고,0,0,1,0,차대사람 - 차도통행중,교차로운행방법위반,건조,맑음,교차로 - 교차로안,승용,여,42세,상해없음,보행자,남,29세,경상
2020111500100114,2020년 11월 15일 11시,일요일,충청북도 음성군 맹동면,경상사고,0,0,2,0,차대차 - 측면충돌,교차로운행방법위반,건조,맑음,교차로 - 교차로안,승용,여,42세,경상,승용,남,29세,경상
2020111500100174,2020년 11월 15일 13시,일요일,충청북도 단양군 단성면,경상사고,0,0,5,0,차대차 - 기타,안전운전불이행,건조,맑음,단일로 - 기타,승용,여,68세,기타불명,승용,남,38세,경상
2020111500100204,2020년 11월 15일 14시,일요일,충청북도 청주시 청원구 사천동,중상사고,0,1,1,0,차대차 - 측면충돌,안전운전불이행,건조,맑음,교차로 - 교차로부근,승용,여,21세,상해없음,승용,남,47세,경상
2020111500100205,2020년 11월 15일 14시,일요일,충청북도 충주시 봉방동,중상사고,0,1,0,0,차대차 - 측면충돌,안전거리미확보,건조,맑음,단일로 - 기타,이륜,남,59세,중상,승합,남,63세,상해없음
2020111500100206,2020년 11월 15일 14시,일요일,충청북도 제천시 영천동,경상사고,0,0,2,0,차대차 - 추돌,안전운전불이행,건조,맑음,교차로 - 교차로부근,승용,남,43세,상해없음,승용,남,49세,경상
2020111500100240,2020년 11월 15일 15시,일요일,충청북도 충주시 연수동,경상사고,0,0,3,0,차대차 - 측면충돌,안전운전불이행,건조,맑음,교차로 - 교차로안,이륜,남,72세,상해없음,승용,여,37세,경상
2020111500100298,2020년 11월 15일 17시,일요일,충청북도 단양군 단성면,중상사고,0,1,1,0,차대차 - 추돌,안전거리미확보,건조,맑음,단일로 - 기타,승용,남,55세,중상,승용,남,30세,상해없음
2020111500100338,2020년 11월 15일 18시,일요일,충청북도 증평군 증평읍,경상사고,0,0,1,0,차대차 - 측면충돌,안전운전불이행,건조,맑음,교차로 - 교차로부근,승용,남,59세,상해없음,이륜,남,22세,경상
2020111500100393,2020년 11월 15일 19시,일요일,충청북도 충주시 칠금동,경상사고,0,0,2,0,차대차 - 추돌,안전운전불이행,건조,맑음,교차로 - 교차로부근,승용,남,27세,상해없음,승용,남,58세,경상
2020111500100394,2020년 11월 15일 19시,일요일,충청북도 진천군 진천읍,경상사고,0,0,1,0,차대사람 - 횡단중,안전운전불이행,건조,맑음,교차로 - 교차로횡단보도내,이륜,남,22세,상해없음,보행자,여,12세,경상
2020111500100395,2020년 11월 15일 19시,일요일,충청북도 청주시 흥덕구 오송읍,경상사고,0,0,3,0,차대차 - 측면충돌,차로위반,건조,맑음,단일로 - 기타,승용,남,58세,경상,승용,남,27세,경상
2020111500100396,2020년 11월 15일 19시,일요일,충청북도 청주시 흥덕구 비하동,경상사고,0,0,1,0,차대차 - 기타,교차로운행방법위반,건조,맑음,교차로 - 교차로안,승용,여,54세,상해없음,승용,남,53세,경상
2020111500100464,2020년 11월 15일 23시,일요일,충청북도 충주시 목행동,중상사고,0,2,0,0,차대차 - 기타,안전운전불이행,건조,맑음,단일로 - 기타,승용,남,40세,상해없음,승용,남,53세,중상
2020111600100004,2020년 11월 16일 00시,월요일,충청북도 진천군 진천읍,경상사고,0,0,1,0,차대차 - 측면충돌,직진우회전진행방해,건조,맑음,교차로 - 교차로안,승합,여,45세,상해없음,승용,여,33세,경상
2020111600100011,2020년 11월 16일 02시,월요일,충청북도 청주시 흥덕구 봉명동,중상사고,0,1,1,0,차대차 - 추돌,안전운전불이행,건조,맑음,교차로 - 교차로부근,승용,남,26세,상해없음,승용,남,42세,경상
2020111600100020,2020년 11월 16일 04시,월요일,충청북도 충주시 연수동,중상사고,0,1,1,0,차대차 - 추돌,안전운전불이행,건조,맑음,단일로 - 기타,원동기,남,17세,중상,승용,남,51세,기타불명
2020111600100028,2020년 11월 16일 05시,월요일,충청북도 영동군 추풍령면,중상사고,0,1,0,0,차대차 - 추돌,안전운전불이행,건조,맑음,단일로 - 기타,화물,남,55세,상해없음,승용,남,25세,중상
2020111600100049,2020년 11월 16일 06시,월요일,충청북도 청주시 흥덕구 운천동,경상사고,0,0,3,0,차대차 - 추돌,안전운전불이행,건조,맑음,단일로 - 고가도로위,승합,남,47세,상해없음,승용,남,53세,경상
2020111600100050,2020년 11월 16일 06시,월요일,충청북도 음성군 금왕읍,경상사고,0,0,1,1,차대차 - 추돌,안전운전불이행,건조,맑음,단일로 - 기타,승용,남,60세,부상신고,건설기계,남,24세,상해없음
2020111600100051,2020년 11월 16일 06시,월요일,충청북도 청주시 서원구 산남동,중상사고,0,1,0,0,차대차 - 정면충돌,신호위반,건조,맑음,교차로 - 교차로안,승용,남,42세,상해없음,이륜,남,27세,중상
2020111600100106,2020년 11월 16일 08시,월요일,충청북도 음성군 금왕읍,경상사고,0,0,1,0,차대차 - 측면충돌,안전운전불이행,건조,맑음,단일로 - 기타,건설기계,남,60세,상해없음,화물,여,68세,경상
2020111600100107,2020년 11월 16일 08시,월요일,충청북도 음성군 대소면,중상사고,0,1,0,0,차대차 - 측면충돌,교차로운행방법위반,젖음/습기,안개,교차로 - 교차로안,화물,여,40세,상해없음,이륜,남,34세,중상
2020111600100149,2020년 11월 16일 09시,월요일,충청북도 제천시 모산동,경상사고,0,0,2,0,차대차 - 정면충돌,중앙선침범,건조,맑음,단일로 - 기타,승용,남,19세,상해없음,승용,여,74세,경상
2020111600100150,2020년 11월 16일 09시,월요일,충청북도 청주시 흥덕구 강서동,경상사고,0,0,2,0,차대차 - 측면충돌,안전운전불이행,건조,맑음,단일로 - 기타,승용,남,61세,상해없음,승용,여,52세,경상
2020111600100151,2020년 11월 16일 09시,월요일,충청북도 청주시 흥덕구 강서동,경상사고,0,0,1,0,차대사람 - 기타,기타,건조,맑음,교차로 - 교차로부근,승용,남,70세,상해없음,보행자,여,22세,경상
2020111600100152,2020년 11월 16일 09시,월요일,충청북도 청주시 상당구 남문로2가동,경상사고,0,0,1,0,차대사람 - 길가장자리구역통행중,안전운전불이행,건조,맑음,단일로 - 기타,화물,남,71세,상해없음,보행자,남,38세,경상