사고번호,사고일시,요일,시군구,사고내용,사망자수,중상자수,경상자수,부상신고자수,사고유형,법규위반,노면상태,기상상태,도로형태,가해운전자 차종,가해운전자 성별,가해운전자 연령,가해운전자 상해정도,피해운전자 차종,피해운전자 성별,피해운전자 연령,피해운전자 상해정도
2020112000100445,2020년 11월 20일 17시,금요일,충청북도 청주시 흥덕구 복대동,경상사고,0,0,2,0,차대차 - 기타,안전운전불이행,건조,맑음,교차로 - 교차로안,승용,여,64세,상해없음,화물,여,29세,경상
2020112000100524,2020년 11월 20일 18시,금요일,충청북도 청주시 서원구 분평동,중상사고,0,1,0,0,차대차 - 측면충돌,안전운전불이행,건조,맑음,단일로 - 기타,승용,남,58세,상해없음,이륜,남,56세,중상
2020112000100584,2020년 11월 20일 19시,금요일,충청북도 청주시 서원구 사창동,경상사고,0,0,2,0,차대차 - 측면충돌,안전거리미확보,건조,맑음,단일로 - 기타,이륜,남,22세,상해없음,승용,남,64세,경상
2020112000100585,2020년 11월 20일 19시,금요일,충청북도 제천시 교동,경상사고,0,0,1,2,차대차 - 측면충돌,직진우회전진행방해,건조,맑음,교차로 - 교차로안,승용,여,46세,상해없음,승용,남,42세,경상
2020112000100586,2020년 11월 20일 19시,금요일,충청북도 청주시 흥덕구 외북동,경상사고,0,0,1,0,차대차 - 기타,과속,건조,맑음,단일로 - 기타,승용,남,33세,상해없음,승용,남,61세,경상
2020112000100630,2020년 11월 20일 20시,금요일,충청북도 청주시 청원구 오창읍,경상사고,0,0,3,0,차대차 - 추돌,안전운전불이행,건조,맑음,단일로 - 기타,승용,남,50세,상해없음,승용,여,34세,경상
2020112000100631,2020년 11월 20일 20시,금요일,충청북도 진천군 문백면,경상사고,0,0,1,0,차대차 - 측면충돌,안전운전불이행,건조,맑음,교차로 - 교차로안,승용,남,28세,상해없음,건설기계,남,50세,상해없음
2020112000100632,2020년 11월 20일 20시,금요일,충청북도 청주시 흥덕구 복대동,중상사고,0,1,0,0,차대차 - 기타,신호위반,건조,맑음,교차로 - 교차로부근,이륜,남,18세,중상,승용,남,39세,상해없음
2020112000100660,2020년 11월 20일 21시,금요일,충청북도 청주시 흥덕구 옥산면,경상사고,0,0,1,1,차대차 - 기타,안전운전불이행,건조,맑음,교차로 - 교차로안,승용,여,20세,상해없음,승용,여,29세,부상신고
2020112000100661,2020년 11월 20일 21시,금요일,충청북도 청주시 서원구 개신동,경상사고,0,0,1,0,차대사람 - 보도통행중,기타,건조,맑음,단일로 - 기타,승용,남,30세,상해없음,보행자,여,20세,경상
2020112000100688,2020년 11월 20일 22시,금요일,충청북도 충주시 봉방동,경상사고,0,0,1,0,차대차 - 기타,안전운전불이행,건조,맑음,교차로 - 교차로부근,승용,남,43세,상해없음,승용,남,28세,경상
2020112100100030,2020년 11월 21일 01시,토요일,충청북도 청주시 서원구 개신동,경상사고,0,0,1,0,차대차 - 추돌,안전운전불이행,건조,맑음,교차로 - 교차로부근,승용,여,40세,상해없음,승용,여,26세,경상
2020112100100031,2020년 11월 21일 01시,토요일,충청북도 청주시 서원구 사창동,경상사고,0,0,2,0,차대차 - 기타,신호위반,건조,맑음,교차로 - 교차로안,승용,남,58세,상해없음,승용,남,25세,경상
2020112100100042,2020년 11월 21일 02시,토요일,충청북도 음성군 원남면,경상사고,0,0,1,0,차량단독 - 공작물충돌,안전운전불이행,건조,맑음,단일로 - 기타,승용,남,29세,경상,,,,
2020112100100043,2020년 11월 21일 02시,토요일,충청북도 청주시 서원구 현도면,경상사고,0,0,1,0,차대차 - 기타,안전운전불이행,건조,맑음,교차로 - 교차로부근,승합,남,55세,상해없음,화물,남,54세,경상
2020112100100068,2020년 11월 21일 05시,토요일,충청북도 청주시 청원구 내덕동,중상사고,0,2,2,0,차대차 - 정면충돌,신호위반,건조,맑음,교차로 - 교차로안,승용,남,56세,상해없음,화물,남,70세,중상
2020112100100094,2020년 11월 21일 07시,토요일,충청북도 청주시 청원구 내덕동,중상사고,0,1,0,0,차대사람 - 횡단중,신호위반,건조,맑음,교차로 - 교차로안,승용,남,62세,상해없음,보행자,여,72세,중상
2020112100100095,2020년 11월 21일 07시,토요일,충청북도 음성군 대소면,중상사고,0,3,0,0,차대차 - 측면충돌,교차로운행방법위반,건조,맑음,교차로 - 교차로안,화물,남,63세,중상,승용,남,49세,중상
2020112100100096,2020년 11월 21일 07시,토요일,충청북도 음성군 삼성면,중상사고,0,1,1,0,차대차 - 측면충돌,안전운전불이행,건조,맑음,교차로 - 교차로안,승용,여,61세,중상,화물,남,56세,경상
2020112100100097,2020년 11월 21일 07시,토요일,충청북도 청주시 서원구 죽림동,경상사고,0,0,1,0,차대차 - 측면충돌,안전운전불이행,건조,맑음,단일로 - 기타,화물,남,78세,상해없음,승용,남,71세,경상
2020112100100113,2020년 11월 21일 08시,토요일,충청북도 영동군 영동읍,부상신고사고,0,0,0,1,차대사람 - 기타,안전운전불이행,건조,맑음,단일로 - 기타,화물,남,59세,상해없음,보행자,여,76세,부상신고
2020112100100127,2020년 11월 21일 09시,토요일,충청북도 청주시 청원구 내수읍,경상사고,0,0,1,0,차대차 - 기타,기타,건조,맑음,교차로 - 교차로안,이륜,남,61세,경상,승용,여,55세,상해없음
2020112100100128,2020년 11월 21일 09시,토요일,충청북도 청주시 서원구 미평동,경상사고,0,0,1,0,차대차 - 측면충돌,차로위반,건조,맑음,교차로 - 교차로안,승용,남,66세,상해없음,승용,여,25세,경상
2020112100100156,2020년 11월 21일 10시,토요일,충청북도 청주시 서원구 죽림동,경상사고,0,0,2,0,차대차 - 기타,중앙선침범,건조,맑음,교차로 - 교차로부근,승용,남,53세,상해없음,승용,여,42세,경상
2020112100100157,2020년 11월 21일 10시,토요일,충청북도 청주시 흥덕구 복대동,경상사고,0,0,1,0,차대차 - 추돌,신호위반,건조,맑음,단일로 - 지하차도(도로)내,승용,여,42세,경상,승용,남,40세,상해없음
2020112100100158,2020년 11월 21일 10시,토요일,충청북도 청주시 흥덕구 송정동,경상사고,0,0,1,0,차대차 - 기타,교차로운행방법위반,건조,맑음,교차로 - 교차로안,승용,여,62세,상해없음,승용,남,63세,경상
2020112100100182,2020년 11월 21일 11시,토요일,충청북도 청주시 청원구 내덕동,경상사고,0,0,1,0,차대차 - 추돌,안전운전불이행,건조,맑음,교차로 - 교차로안,승용,여,38세,상해없음,이륜,남,36세,경상
2020112100100183,2020년 11월 21일 11시,토요일,충청북도 충주시 칠금동,경상사고,0,0,1,0,차대차 - 기타,안전운전불이행,건조,맑음,교차로 - 교차로안,승용,남,45세,상해없음,승용,여,24세,경상
2020112100100184,2020년 11월 21일 11시,토요일,충청북도 괴산군 괴산읍,경상사고,0,0,1,0,차대차 - 측면충돌,직진우회전진행방해,건조,맑음,교차로 - 교차로안,이륜,남,65세,경상,승용,남,70세,상해없음
2020112100100185,2020년 11월 21일 11시,토요일,충청북도 음성군 생극면,중상사고,0,1,0,0,차대차 - 추돌,안전거리미확보,건조,맑음,교차로 - 교차로부근,화물,남,81세,중상,건설기계,남,44세,상해없음
2020112100100224,2020년 11월 21일 12시,토요일,충청북도 청주시 상당구 남일면,중상사고,0,1,1,0,차대차 - 기타,안전운전불이행,건조,맑음,단일로 - 기타,자전거,여,28세,경상,자전거,남,63세,중상
2020112100100308,2020년 11월 21일 14시,토요일,충청북도 청주시 청원구 북이면,경상사고,0,0,6,0,차대차 - 기타,안전운전불이행,건조,맑음,단일로 - 기타,승용,남,27세,경상,승용,여,28세,경상
2020112100100309,2020년 11월 21일 14시,토요일,충청북도 증평군 도안면,경상사고,0,0,3,0,차대차 - 추돌,안전운전불이행,젖음/습기,흐림,교차로 - 교차로부근,승용,남,64세,상해없음,승용,남,21세,경상
2020112100100310,2020년 11월 21일 14시,토요일,충청북도 청주시 서원구 현도면,중상사고,0,1,4,0,차대차 - 추돌,안전운전불이행,건조,맑음,교차로 - 교차로부근,건설기계,남,37세,기타불명,승용,남,62세,경상
2020112100100311,2020년 11월 21일 14시,토요일,충청북도 청주시 상당구 남주동,사망사고,1,0,0,0,차대차 - 추돌,안전운전불이행,건조,맑음,교차로 - 교차로안,승용,여,28세,상해없음,자전거,남,67세,사망
2020112100100348,2020년 11월 21일 15시,토요일,충청북도 충주시 산척면,경상사고,0,0,1,0,차대차 - 기타,안전거리미확보,건조,맑음,단일로 - 기타,승용,남,60세,상해없음,승용,남,44세,경상
2020112100100412,2020년 11월 21일 17시,토요일,충청북도 청주시 청원구 오창읍,경상사고,0,0,1,0,차대차 - 추돌,안전운전불이행,건조,맑음,교차로 - 교차로안,승용,남,63세,기타불명,승용,남,46세,경상
2020112100100413,2020년 11월 21일 17시,토요일,충청북도 청주시 흥덕구 가경동,중상사고,0,1,0,0,차대사람 - 횡단중,과속,건조,맑음,교차로 - 교차로횡단보도내,승용,남,22세,상해없음,보행자,여,22세,중상
2020112100100420,2020년 11월 21일 17시,토요일,충청북도 단양군 대강면,경상사고,0,0,3,0,차대차 - 추돌,안전운전불이행,건조,맑음,단일로 - 기타,화물,남,63세,경상,화물,남,59세,상해없음
2020112100100455,2020년 11월 21일 18시,토요일,충청북도 청주시 청원구 오창읍,경상사고,0,0,1,0,차대차 - 추돌,안전운전불이행,건조,맑음,단일로 - 기타,승용,남,34세,기타불명,건설기계,남,41세,경상
2020112100100494,2020년 11월 21일 19시,토요일,충청북도 청주시 청원구 우암동,중상사고,0,1,0,0,차대차 - 기타,안전운전불이행,건조,맑음,교차로 - 교차로부근,승용,남,20세,상해없음,이륜,남,40세,중상
2020112100100495,2020년 11월 21일 19시,토요일,충청북도 청주시 흥덕구 가경동,경상사고,0,0,1,0,차대사람 - 기타,안전운전불이행,건조,맑음,기타 - 기타,화물,남,47세,상해없음,보행자,남,60세,경상
2020112100100528,2020년 11월 21일 20시,토요일,충청북도 증평군 증평읍,경상사고,0,0,2,2,차대차 - 측면충돌,직진우회전진행방해,건조,흐림,교차로 - 교차로부근,승용,남,55세,상해없음,승용,여,32세,경상
2020112100100546,2020년 11월 21일 21시,토요일,충청북도 청주시 상당구 용암동,경상사고,0,0,1,0,차대차 - 측면충돌,교차로운행방법위반,건조,맑음,교차로 - 교차로부근,화물,남,74세,상해없음,승합,남,46세,경상
2020112100100589,2020년 11월 21일 23시,토요일,충청북도 충주시 연수동,경상사고,0,0,3,0,차대차 - 측면충돌,신호위반,건조,맑음,교차로 - 교차로부근,승용,남,28세,경상,승용,남,49세,경상
2020112200100026,2020년 11월 22일 01시,일요일,충청북도 청주시 상당구 용암동,중상사고,0,1,1,0,차대차 - 측면충돌,신호위반,젖음/습기,비,교차로 - 교차로부근,승용,여,29세,상해없음,승용,남,62세,중상
2020112200100042,2020년 11월 22일 02시,일요일,충청북도 청주시 상당구 지북동,사망사고,2,1,1,0,차대차 - 측면충돌,신호위반,건조,맑음,교차로 - 교차로안,승용,남,46세,경상,승용,남,42세,중상
2020112200100057,2020년 11월 22일 03시,일요일,충청북도 청주시 흥덕구 봉명동,경상사고,0,0,1,0,차대차 - 추돌,안전운전불이행,젖음/습기,비,단일로 - 기타,승용,남,27세,상해없음,승용,남,57세,상해없음
2020112200100139,2020년 11월 22일 11시,일요일,충청북도 청주시 흥덕구 오송읍,경상사고,0,0,3,0,차대차 - 측면충돌,교차로운행방법위반,건조,맑음,교차로 - 교차로안,승용,여,56세,경상,화물,남,68세,경상
2020112200100152,2020년 11월 22일 12시,일요일,충청북도 충주시 호암동,경상사고,0,0,1,0,차대사람 - 기타,안전운전불이행,건조,맑음,기타 - 기타,원동기,남,52세,상해없음,보행자,남,7세,경상
2020112200100176,2020년 11월 22일 13시,일요일,충청북도 음성군 감곡면,경상사고,0,0,1,0,차량단독 - 공작물충돌,안전운전불이행,건조,맑음,교차로 - 교차로안,승용,남,52세,경상,,,,
2020112200100177,2020년 11월 22일 13시,일요일,충청북도 청주시 흥덕구 신촌동,경상사고,0,0,2,0,차대차 - 추돌,안전운전불이행,건조,맑음,단일로 - 교량,승용,남,61세,상해없음,승용,남,37세,경상
2020112200100178,2020년 11월 22일 13시,일요일,충청북도 청주시 상당구 금천동,경상사고,0,0,1,0,차대차 - 측면충돌,안전운전불이행,건조,맑음,교차로 - 교차로횡단보도내,이륜,남,19세,상해없음,자전거,남,11세,경상
2020112200100201,2020년 11월 22일 14시,일요일,충청북도 청주시 흥덕구 서촌동,경상사고,0,0,1,0,차대차 - 측면충돌,신호위반,건조,맑음,교차로 - 교차로안,화물,남,55세,상해없음,화물,여,45세,경상
2020112200100234,2020년 11월 22일 15시,일요일,충청북도 제천시 봉양읍,중상사고,0,1,0,0,차대차 - 정면충돌,중앙선침범,건조,맑음,단일로 - 기타,승용,남,41세,상해없음,승합,여,51세,중상
2020112200100316,2020년 11월 22일 18시,일요일,충청북도 단양군 매포읍,경상사고,0,0,1,0,차량단독 - 공작물충돌,안전운전불이행,건조,맑음,기타 - 기타,승용,남,40세,경상,,,,
2020112200100371,2020년 11월 22일 20시,일요일,충청북도 청주시 서원구 수곡동,중상사고,0,1,0,0,차대사람 - 횡단중,안전운전불이행,건조,맑음,교차로 - 교차로부근,승용,남,57세,상해없음,보행자,여,81세,중상
2020112200100389,2020년 11월 22일 21시,일요일,충청북도 음성군 금왕읍,경상사고,0,0,1,0,차대차 - 추돌,안전운전불이행,건조,맑음,교차로 - 교차로부근,승용,남,41세,상해없음,승용,남,33세,경상
2020112200100411,2020년 11월 22일 22시,일요일,충청북도 청주시 흥덕구 가경동,경상사고,0,0,1,0,차대사람 - 횡단중,중앙선침범,건조,맑음,단일로 - 기타,승용,남,69세,상해없음,보행자,남,52세,경상
2020112300100007,2020년 11월 23일 00시,월요일,충청북도 청주시 흥덕구 송정동,경상사고,0,0,1,0,차대차 - 기타,안전운전불이행,건조,맑음,교차로 - 교차로부근,승용,남,24세,상해없음,승용,남,26세,경상
2020112300100041,2020년 11월 23일 06시,월요일,충청북도 청주시 서원구 사창동,경상사고,0,0,1,0,차대사람 - 횡단중,신호위반,건조,맑음,기타 - 기타,이륜,남,44세,상해없음,보행자,남,56세,경상
2020112300100042,2020년 11월 23일 06시,월요일,충청북도 청주시 청원구 율량동,중상사고,0,1,0,0,차대사람 - 기타,안전운전불이행,건조,맑음,교차로 - 교차로안,이륜,남,60세,상해없음,보행자,남,71세,중상
2020112300100043,2020년 11월 23일 06시,월요일,충청북도 청주시 청원구 우암동,경상사고,0,0,1,0,차대차 - 측면충돌,교차로운행방법위반,건조,맑음,교차로 - 교차로안,화물,남,66세,상해없음,승용,남,47세,경상
2020112300100044,2020년 11월 23일 06시,월요일,충청북도 증평군 증평읍,중상사고,0,1,0,0,차대차 - 측면충돌,안전운전불이행,건조,맑음,교차로 - 교차로부근,승용,여,52세,상해없음,자전거,남,58세,중상
2020112300100064,2020년 11월 23일 07시,월요일,충청북도 청주시 상당구 용담동,경상사고,0,0,1,0,차대사람 - 차도통행중,안전운전불이행,건조,맑음,교차로 - 교차로안,승용,남,78세,상해없음,보행자,남,26세,경상
2020112300100102,2020년 11월 23일 08시,월요일,충청북도 청주시 청원구 오창읍,중상사고,0,1,1,0,차대차 - 정면충돌,안전운전불이행,건조,맑음,교차로 - 교차로안,승용,남,67세,상해없음,승용,여,51세,중상
2020112300100103,2020년 11월 23일 08시,월요일,충청북도 제천시 명동,경상사고,0,0,2,0,차대차 - 추돌,안전운전불이행,건조,맑음,교차로 - 교차로부근,승용,여,74세,경상,화물,남,64세,경상
2020112300100104,2020년 11월 23일 08시,월요일,충청북도 제천시 청전동,중상사고,0,1,0,0,차대차 - 측면충돌,신호위반,건조,맑음,교차로 - 교차로안,승용,남,78세,상해없음,승용,남,36세,중상
2020112300100151,2020년 11월 23일 09시,월요일,충청북도 충주시 연수동,중상사고,0,1,1,0,차대차 - 측면충돌,신호위반,건조,맑음,교차로 - 교차로안,이륜,남,21세,중상,특수,남,52세,경상
2020112300100203,2020년 11월 23일 11시,월요일,충청북도 청주시 상당구 남일면,중상사고,0,1,0,0,차대사람 - 기타,안전운전불이행,건조,맑음,교차로 - 교차로안,승용,남,57세,상해없음,보행자,남,25세,중상
2020112300100246,2020년 11월 23일 12시,월요일,충청북도 제천시 봉양읍,중상사고,0,1,0,1,차대차 - 측면충돌,교차로운행방법위반,건조,맑음,교차로 - 교차로안,승용,남,40세,부상신고,승용,남,69세,중상
2020112300100247,2020년 11월 23일 12시,월요일,충청북도 진천군 덕산면,경상사고,0,0,1,0,차대사람 - 횡단중,안전운전불이행,건조,맑음,교차로 - 교차로부근,승용,여,49세,상해없음,보행자,남,9세,경상
2020112300100249,2020년 11월 23일 12시,월요일,충청북도 청주시 상당구 산성동,사망사고,1,0,0,0,차대차 - 추돌,안전운전불이행,건조,맑음,단일로 - 터널,화물,남,59세,사망,건설기계,남,49세,상해없음
2020112300100250,2020년 11월 23일 12시,월요일,충청북도 청주시 상당구 용담동,경상사고,0,0,1,0,차대차 - 후진중충돌,안전운전불이행,건조,맑음,교차로 - 교차로부근,승용,남,58세,상해없음,승용,여,45세,경상
2020112300100291,2020년 11월 23일 13시,월요일,충청북도 청주시 청원구 사천동,경상사고,0,0,1,0,차대사람 - 기타,기타,건조,맑음,기타 - 기타,기타불명,남,42세,기타불명,보행자,남,54세,경상
2020112300100292,2020년 11월 23일 13시,월요일,충청북도 충주시 달천동,경상사고,0,0,1,0,차대차 - 기타,안전운전불이행,건조,맑음,교차로 - 교차로부근,화물,남,74세,상해없음,화물,남,48세,경상
2020112300100356,2020년 11월 23일 15시,월요일,충청북도 제천시 신백동,중상사고,0,1,0,0,차대차 - 측면충돌,교차로운행방법위반,건조,맑음,교차로 - 교차로안,승용,여,31세,상해없음,이륜,남,59세,중상
2020112300100357,2020년 11월 23일 15시,월요일,충청북도 청주시 상당구 남일면,중상사고,0,1,1,0,차대차 - 추돌,안전거리미확보,건조,맑음,단일로 - 지하차도(도로)내,승용,남,54세,중상,승용,여,36세,상해없음
2020112300100441,2020년 11월 23일 17시,월요일,충청북도 충주시 주덕읍,경상사고,0,0,1,0,차대차 - 측면충돌,안전운전불이행,건조,맑음,단일로 - 기타,승용,남,48세,상해없음,승용,여,21세,경상
2020112300100495,2020년 11월 23일 18시,월요일,충청북도 청주시 상당구 가덕면,경상사고,0,0,1,0,차대차 - 측면충돌,안전운전불이행,건조,맑음,교차로 - 교차로안,승용,남,62세,상해없음,화물,남,51세,경상
2020112300100496,2020년 11월 23일 18시,월요일,충청북도 청주시 상당구 용암동,경상사고,0,0,1,0,차대차 - 후진중충돌,안전운전불이행,건조,맑음,단일로 - 기타,승용,남,67세,상해없음,이륜,남,47세,경상
2020112300100538,2020년 11월 23일 19시,월요일,충청북도 청주시 청원구 율량동,경상사고,0,0,1,0,차대차 - 기타,차로위반,건조,맑음,교차로 - 교차로부근,기타불명,기타불명,미분류,기타불명,승용,여,49세,경상
2020112300100570,2020년 11월 23일 20시,월요일,충청북도 청주시 서원구 사창동,경상사고,0,0,1,0,차대차 - 기타,안전운전불이행,건조,맑음,단일로 - 기타,승용,남,46세,상해없음,승합,남,54세,경상
2020112300100620,2020년 11월 23일 23시,월요일,충청북도 제천시 청전동,경상사고,0,0,3,0,차대차 - 측면충돌,직진우회전진행방해,건조,맑음,교차로 - 교차로안,승용,남,65세,경상,승용,남,58세,경상
2020112300100621,2020년 11월 23일 23시,월요일,충청북도 청주시 흥덕구 봉명동,경상사고,0,0,2,0,차대차 - 측면충돌,안전운전불이행,건조,맑음,단일로 - 기타,승용,남,31세,상해없음,승용,남,43세,경상
2020112400100048,2020년 11월 24일 06시,화요일,충청북도 청주시 청원구 오창읍,중상사고,0,1,0,0,차대차 - 측면충돌,신호위반,건조,흐림,교차로 - 교차로안,화물,남,50세,상해없음,승용,남,45세,중상
2020112400100067,2020년 11월 24일 07시,화요일,충청북도 충주시 금릉동,경상사고,0,0,2,0,차대차 - 기타,안전운전불이행,건조,맑음,단일로 - 기타,승용,남,69세,경상,승용,남,40세,경상
2020112400100097,2020년 11월 24일 08시,화요일,충청북도 영동군 영동읍,중상사고,0,1,0,0,차대차 - 측면충돌,중앙선침범,건조,맑음,교차로 - 교차로부근,화물,남,74세,상해없음,승용,남,43세,중상
2020112400100098,2020년 11월 24일 08시,화요일,충청북도 청주시 흥덕구 복대동,경상사고,0,0,1,0,차대차 - 기타,안전운전불이행,건조,맑음,교차로 - 교차로안,승합,남,49세,기타불명,승용,여,64세,경상
2020112400100148,2020년 11월 24일 10시,화요일,충청북도 청주시 흥덕구 신봉동,중상사고,0,1,0,0,차대차 - 기타,안전운전불이행,건조,맑음,단일로 - 기타,화물,남,70세,상해없음,자전거,남,79세,중상
2020112400100149,2020년 11월 24일 10시,화요일,충청북도 청주시 흥덕구 봉명동,경상사고,0,0,1,0,차대차 - 측면충돌,신호위반,건조,맑음,교차로 - 교차로안,이륜,남,32세,상해없음,승용,남,51세,경상
2020112400100184,2020년 11월 24일 11시,화요일,충청북도 진천군 진천읍,경상사고,0,0,1,0,차대차 - 추돌,안전거리미확보,건조,맑음,교차로 - 교차로안,승용,남,52세,상해없음,화물,남,44세,경상
2020112400100185,2020년 11월 24일 11시,화요일,충청북도 청주시 서원구 남이면,중상사고,0,1,0,0,차량단독 - 공작물충돌,안전운전불이행,건조,맑음,교차로 - 교차로부근,이륜,남,72세,중상,,,,
2020112400100276,2020년 11월 24일 14시,화요일,충청북도 청주시 상당구 북문로2가동,경상사고,0,0,1,0,차대차 - 추돌,안전운전불이행,건조,맑음,단일로 - 기타,승용,남,37세,상해없음,승용,여,48세,경상
2020112400100277,2020년 11월 24일 14시,화요일,충청북도 음성군 맹동면,경상사고,0,0,3,0,차대차 - 측면충돌,신호위반,건조,맑음,교차로 - 교차로안,승용,여,76세,경상,승용,여,29세,경상
2020112400100278,2020년 11월 24일 14시,화요일,충청북도 청주시 상당구 서문동,경상사고,0,0,1,0,차대차 - 추돌,기타,건조,맑음,단일로 - 기타,화물,남,56세,상해없음,승용,여,36세,경상
2020112400100323,2020년 11월 24일 15시,화요일,충청북도 청주시 청원구 율량동,경상사고,0,0,1,0,차대사람 - 기타,안전운전불이행,건조,맑음,단일로 - 기타,화물,남,64세,기타불명,보행자,남,8세,경상
2020112400100324,2020년 11월 24일 15시,화요일,충청북도 옥천군 옥천읍,경상사고,0,0,3,0,차대차 - 측면충돌,중앙선침범,건조,맑음,단일로 - 기타,승용,여,37세,상해없음,이륜,여,67세,경상
2020112400100325,2020년 11월 24일 15시,화요일,충청북도 청주시 상당구 남일면,경상사고,0,0,1,0,차대차 - 측면충돌,차로위반,건조,맑음,단일로 - 지하차도(도로)내,건설기계,남,48세,상해없음,승용,남,50세,경상
2020112400100368,2020년 11월 24일 16시,화요일,충청북도 진천군 진천읍,경상사고,0,0,1,0,차대사람 - 횡단중,안전운전불이행,건조,맑음,단일로 - 기타,승용,남,43세,상해없음,보행자,남,43세,경상
2020112400100421,2020년 11월 24일 17시,화요일,충청북도 청주시 흥덕구 복대동,경상사고,0,0,2,0,차대차 - 기타,안전운전불이행,건조,맑음,단일로 - 기타,화물,남,66세,상해없음,승용,남,48세,경상
2020112400100469,2020년 11월 24일 18시,화요일,충청북도 청주시 상당구 서문동,경상사고,0,0,1,0,차대차 - 측면충돌,교차로운행방법위반,건조,맑음,교차로 - 교차로부근,승용,남,46세,상해없음,이륜,남,52세,경상
2020112400100562,2020년 11월 24일 20시,화요일,충청북도 청주시 흥덕구 강서동,경상사고,0,0,1,0,차대차 - 기타,안전운전불이행,건조,맑음,단일로 - 기타,승용,남,25세,상해없음,승용,남,50세,기타불명
2020112400100587,2020년 11월 24일 21시,화요일,충청북도 충주시 문화동,경상사고,0,0,1,0,차대사람 - 기타,안전운전불이행,건조,맑음,교차로 - 교차로안,승용,남,55세,상해없음,보행자,여,66세,경상
2020112400100588,2020년 11월 24일 21시,화요일,충청북도 청주시 상당구 용암동,경상사고,0,0,1,0,차대차 - 기타,안전운전불이행,건조,맑음,단일로 - 지하차도(도로)내,화물,남,52세,상해없음,승용,여,22세,경상
2020112400100609,2020년 11월 24일 22시,화요일,충청북도 청주시 흥덕구 옥산면,경상사고,0,0,2,0,차대차 - 측면충돌,안전거리미확보,건조,맑음,단일로 - 기타,승용,남,61세,상해없음,승용,남,57세,경상
2020112500100011,2020년 11월 25일 01시,수요일,충청북도 청주시 청원구 율량동,경상사고,0,0,1,0,차대차 - 측면충돌,안전운전불이행,건조,맑음,단일로 - 기타,화물,남,19세,상해없음,승용,남,55세,경상
2020112500100017,2020년 11월 25일 03시,수요일,충청북도 청주시 상당구 남주동,경상사고,0,0,1,0,차대차 - 측면충돌,교차로운행방법위반,건조,맑음,교차로 - 교차로안,이륜,남,24세,경상,승용,남,54세,상해없음
2020112500100036,2020년 11월 25일 06시,수요일,충청북도 청주시 청원구 내덕동,중상사고,0,2,1,0,차대차 - 정면충돌,중앙선침범,건조,맑음,교차로 - 교차로부근,이륜,남,17세,중상,승용,남,24세,경상
2020112500100037,2020년 11월 25일 06시,수요일,충청북도 충주시 목행동,중상사고,0,1,0,0,차대차 - 측면충돌,직진우회전진행방해,건조,맑음,교차로 - 교차로안,승용,남,60세,상해없음,자전거,남,67세,중상
2020112500100087,2020년 11월 25일 08시,수요일,충청북도 충주시 봉방동,중상사고,0,1,0,0,차대사람 - 횡단중,안전운전불이행,건조,맑음,교차로 - 교차로안,승용,남,40세,상해없음,보행자,여,80세,중상
2020112500100118,2020년 11월 25일 09시,수요일,충청북도 청주시 청원구 오창읍,경상사고,0,0,2,0,차대차 - 측면충돌,교차로운행방법위반,건조,맑음,교차로 - 교차로안,화물,남,42세,상해없음,승용,여,31세,경상
2020112500100154,2020년 11월 25일 10시,수요일,충청북도 제천시 고암동,경상사고,0,0,1,0,차대차 - 측면충돌,교차로운행방법위반,건조,맑음,교차로 - 교차로부근,건설기계,남,55세,상해없음,승용,남,28세,경상
2020112500100191,2020년 11월 25일 11시,수요일,충청북도 충주시 연수동,경상사고,0,0,1,0,차대차 - 기타,신호위반,건조,맑음,교차로 - 교차로부근,승합,남,51세,상해없음,승용,여,63세,경상
2020112500100192,2020년 11월 25일 11시,수요일,충청북도 영동군 영동읍,경상사고,0,0,1,0,차대차 - 측면충돌,안전운전불이행,건조,맑음,교차로 - 교차로부근,승용,여,64세,상해없음,이륜,남,18세,경상
2020112500100193,2020년 11월 25일 11시,수요일,충청북도 진천군 광혜원면,경상사고,0,0,1,0,차량단독 - 공작물충돌,안전운전불이행,건조,맑음,단일로 - 기타,승용,여,20세,상해없음,,,,
2020112500100227,2020년 11월 25일 12시,수요일,충청북도 청주시 서원구 사직동,중상사고,0,1,0,0,차대차 - 측면충돌,불법유턴,건조,맑음,교차로 - 교차로횡단보도내,자전거,남,59세,상해없음,이륜,남,33세,중상
2020112500100228,2020년 11월 25일 12시,수요일,충청북도 음성군 맹동면,경상사고,0,0,1,0,차대차 - 측면충돌,신호위반,건조,맑음,교차로 - 교차로안,승용,남,35세,상해없음,화물,남,65세,경상
2020112500100229,2020년 11월 25일 12시,수요일,충청북도 진천군 진천읍,중상사고,0,1,0,0,차대차 - 측면충돌,안전운전불이행,건조,맑음,교차로 - 교차로안,승용,남,72세,상해없음,승용,여,40세,중상
2020112500100230,2020년 11월 25일 12시,수요일,충청북도 청주시 흥덕구 향정동,경상사고,0,0,1,0,차대차 - 기타,안전거리미확보,건조,맑음,교차로 - 교차로부근,승용,여,72세,상해없음,화물,남,39세,경상
2020112500100289,2020년 11월 25일 14시,수요일,충청북도 청주시 청원구 율량동,경상사고,0,0,1,0,차대차 - 측면충돌,안전거리미확보,건조,맑음,단일로 - 기타,승용,여,55세,상해없음,화물,남,66세,경상