사고번호,사고일시,요일,시군구,사고내용,사망자수,중상자수,경상자수,부상신고자수,사고유형,법규위반,노면상태,기상상태,도로형태,가해운전자 차종,가해운전자 성별,가해운전자 연령,가해운전자 상해정도,피해운전자 차종,피해운전자 성별,피해운전자 연령,피해운전자 상해정도
2020112500100331,2020년 11월 25일 15시,수요일,충청북도 충주시 교현동,경상사고,0,0,2,0,차대차 - 추돌,교차로운행방법위반,건조,맑음,교차로 - 교차로안,화물,남,73세,상해없음,화물,남,58세,경상
2020112500100332,2020년 11월 25일 15시,수요일,충청북도 단양군 가곡면,경상사고,0,0,1,0,차대차 - 기타,안전운전불이행,건조,맑음,단일로 - 기타,승용,여,63세,상해없음,승용,남,66세,경상
2020112500100374,2020년 11월 25일 16시,수요일,충청북도 청주시 청원구 오창읍,경상사고,0,0,1,0,차대차 - 기타,신호위반,건조,맑음,교차로 - 교차로안,승용,여,44세,상해없음,이륜,남,38세,경상
2020112500100419,2020년 11월 25일 17시,수요일,충청북도 제천시 봉양읍,경상사고,0,0,1,0,차대차 - 측면충돌,중앙선침범,건조,맑음,단일로 - 기타,승용,남,55세,상해없음,승용,여,55세,경상
2020112500100420,2020년 11월 25일 17시,수요일,충청북도 음성군 음성읍,경상사고,0,0,1,0,차대차 - 측면충돌,안전운전불이행,건조,맑음,교차로 - 교차로부근,이륜,남,53세,경상,화물,남,60세,상해없음
2020112500100473,2020년 11월 25일 18시,수요일,충청북도 충주시 연수동,경상사고,0,0,2,0,차대차 - 측면충돌,직진우회전진행방해,건조,맑음,교차로 - 교차로안,승용,여,27세,경상,승용,남,47세,경상
2020112500100474,2020년 11월 25일 18시,수요일,충청북도 단양군 매포읍,경상사고,0,0,1,0,차대차 - 측면충돌,신호위반,건조,맑음,단일로 - 터널,화물,남,53세,상해없음,승용,남,37세,경상
2020112500100528,2020년 11월 25일 19시,수요일,충청북도 청주시 서원구 사직동,경상사고,0,0,1,0,차대차 - 기타,안전운전불이행,건조,맑음,교차로 - 교차로부근,기타불명,기타불명,미분류,기타불명,승합,남,44세,상해없음
2020112500100529,2020년 11월 25일 19시,수요일,충청북도 청주시 흥덕구 강서동,경상사고,0,0,1,0,차대차 - 기타,안전운전불이행,건조,맑음,단일로 - 기타,승용,남,44세,상해없음,이륜,남,29세,경상
2020112500100530,2020년 11월 25일 19시,수요일,충청북도 청주시 흥덕구 오송읍,경상사고,0,0,1,0,차대차 - 측면충돌,신호위반,건조,맑음,교차로 - 교차로안,승합,남,74세,상해없음,승용,여,29세,경상
2020112500100531,2020년 11월 25일 19시,수요일,충청북도 청주시 흥덕구 비하동,경상사고,0,0,1,0,차량단독 - 공작물충돌,안전운전불이행,건조,맑음,교차로 - 교차로부근,이륜,남,41세,경상,,,,
2020112500100555,2020년 11월 25일 20시,수요일,충청북도 제천시 장락동,경상사고,0,0,2,0,차대차 - 측면충돌,안전운전불이행,건조,흐림,교차로 - 교차로안,이륜,남,18세,경상,승용,여,47세,경상
2020112500100556,2020년 11월 25일 20시,수요일,충청북도 청주시 서원구 남이면,경상사고,0,0,2,0,차대차 - 측면충돌,차로위반,건조,맑음,단일로 - 기타,승용,남,66세,상해없음,화물,남,52세,경상
2020112500100577,2020년 11월 25일 21시,수요일,충청북도 청주시 서원구 사창동,경상사고,0,0,2,0,차대차 - 기타,보행자보호의무위반,건조,맑음,교차로 - 교차로안,승용,여,23세,기타불명,개인형이동수단(PM),남,18세,경상
2020112500100578,2020년 11월 25일 21시,수요일,충청북도 청주시 흥덕구 복대동,경상사고,0,0,1,0,차대차 - 후진중충돌,안전운전불이행,건조,맑음,단일로 - 기타,승용,남,45세,상해없음,승용,남,61세,상해없음
2020112500100606,2020년 11월 25일 22시,수요일,충청북도 음성군 맹동면,경상사고,0,0,1,0,차대차 - 후진중충돌,안전운전불이행,건조,맑음,교차로 - 교차로부근,승합,남,46세,상해없음,승용,여,38세,경상
2020112500100620,2020년 11월 25일 23시,수요일,충청북도 청주시 상당구 탑동,경상사고,0,0,1,0,차대차 - 기타,교차로운행방법위반,건조,맑음,교차로 - 교차로안,승용,남,23세,상해없음,승용,남,43세,상해없음
2020112600100006,2020년 11월 26일 00시,목요일,충청북도 괴산군 칠성면,사망사고,1,0,0,0,차량단독 - 기타,안전운전불이행,건조,맑음,단일로 - 기타,승용,여,54세,사망,,,,
2020112600100055,2020년 11월 26일 06시,목요일,충청북도 청주시 흥덕구 신봉동,중상사고,0,1,0,0,차대차 - 측면충돌,신호위반,건조,맑음,교차로 - 교차로부근,승용,여,60세,상해없음,자전거,남,69세,중상
2020112600100083,2020년 11월 26일 07시,목요일,충청북도 진천군 초평면,중상사고,0,1,3,0,차대차 - 추돌,안전운전불이행,건조,맑음,단일로 - 기타,화물,남,28세,상해없음,승용,여,49세,경상
2020112600100099,2020년 11월 26일 08시,목요일,충청북도 제천시 백운면,중상사고,0,1,0,0,차대차 - 측면충돌,안전거리미확보,건조,맑음,단일로 - 기타,화물,남,71세,상해없음,승용,여,54세,중상
2020112600100100,2020년 11월 26일 08시,목요일,충청북도 청주시 서원구 분평동,경상사고,0,0,1,0,차대사람 - 횡단중,안전운전불이행,건조,맑음,단일로 - 지하차도(도로)내,승용,여,43세,상해없음,보행자,남,10세,경상
2020112600100136,2020년 11월 26일 09시,목요일,충청북도 보은군 보은읍,경상사고,0,0,1,0,차대사람 - 횡단중,안전운전불이행,건조,맑음,단일로 - 기타,승용,여,56세,상해없음,보행자,여,83세,경상
2020112600100160,2020년 11월 26일 10시,목요일,충청북도 청주시 서원구 사창동,경상사고,0,0,1,0,차대차 - 기타,안전운전불이행,건조,맑음,교차로 - 교차로부근,승용,남,25세,상해없음,승용,여,53세,경상
2020112600100192,2020년 11월 26일 11시,목요일,충청북도 청주시 청원구 우암동,경상사고,0,0,1,0,차대차 - 측면충돌,안전운전불이행,건조,맑음,교차로 - 교차로부근,자전거,여,57세,경상,승용,남,25세,상해없음
2020112600100193,2020년 11월 26일 11시,목요일,충청북도 충주시 산척면,경상사고,0,0,1,0,차대차 - 추돌,안전운전불이행,건조,맑음,단일로 - 기타,특수,남,63세,상해없음,승용,남,76세,경상
2020112600100217,2020년 11월 26일 12시,목요일,충청북도 청주시 서원구 산남동,경상사고,0,0,1,0,차대차 - 측면충돌,안전운전불이행,건조,맑음,교차로 - 교차로안,승용,남,57세,상해없음,이륜,남,38세,경상
2020112600100250,2020년 11월 26일 13시,목요일,충청북도 음성군 음성읍,경상사고,0,0,1,0,차대차 - 측면충돌,교차로운행방법위반,건조,맑음,교차로 - 교차로안,승합,남,82세,상해없음,화물,남,67세,경상
2020112600100276,2020년 11월 26일 14시,목요일,충청북도 청주시 서원구 사창동,경상사고,0,0,1,0,차대차 - 기타,안전운전불이행,건조,맑음,교차로 - 교차로부근,승용,여,46세,상해없음,원동기,남,30세,경상
2020112600100277,2020년 11월 26일 14시,목요일,충청북도 청주시 서원구 수곡동,중상사고,0,1,0,0,차대차 - 측면충돌,중앙선침범,건조,맑음,단일로 - 지하차도(도로)내,원동기,남,80세,중상,화물,남,62세,상해없음
2020112600100354,2020년 11월 26일 16시,목요일,충청북도 청주시 상당구 용담동,경상사고,0,0,1,0,차대차 - 측면충돌,안전운전불이행,건조,맑음,교차로 - 교차로안,승용,여,58세,상해없음,자전거,남,68세,경상
2020112600100389,2020년 11월 26일 17시,목요일,충청북도 충주시 주덕읍,사망사고,1,0,0,0,차대차 - 기타,안전운전불이행,건조,맑음,단일로 - 기타,승용,남,39세,상해없음,승용,남,53세,상해없음
2020112600100390,2020년 11월 26일 17시,목요일,충청북도 진천군 진천읍,경상사고,0,0,2,1,차대차 - 측면충돌,안전운전불이행,건조,맑음,교차로 - 교차로안,승용,남,44세,기타불명,승용,여,35세,경상
2020112600100443,2020년 11월 26일 18시,목요일,충청북도 청주시 서원구 사직동,경상사고,0,0,1,0,차대차 - 기타,안전거리미확보,건조,맑음,단일로 - 기타,승용,남,63세,상해없음,승합,남,46세,경상
2020112600100444,2020년 11월 26일 18시,목요일,충청북도 청주시 흥덕구 가경동,중상사고,0,1,0,0,차대차 - 기타,교차로운행방법위반,건조,맑음,교차로 - 교차로안,승용,남,42세,상해없음,이륜,남,52세,중상
2020112600100445,2020년 11월 26일 18시,목요일,충청북도 청주시 흥덕구 향정동,중상사고,0,1,0,0,차대차 - 기타,교차로운행방법위반,건조,맑음,교차로 - 교차로안,승용,남,28세,상해없음,승용,남,36세,중상
2020112600100446,2020년 11월 26일 18시,목요일,충청북도 청주시 흥덕구 복대동,경상사고,0,0,1,0,차대사람 - 기타,안전운전불이행,건조,맑음,단일로 - 기타,기타불명,기타불명,미분류,기타불명,보행자,남,36세,경상
2020112600100504,2020년 11월 26일 19시,목요일,충청북도 청주시 서원구 개신동,경상사고,0,0,1,0,차대차 - 측면충돌,안전거리미확보,건조,맑음,단일로 - 기타,승용,여,25세,상해없음,이륜,남,34세,경상
2020112600100505,2020년 11월 26일 19시,목요일,충청북도 증평군 증평읍,부상신고사고,0,0,0,1,차대차 - 정면충돌,신호위반,건조,맑음,교차로 - 교차로안,승용,남,42세,상해없음,이륜,남,19세,부상신고
2020112600100577,2020년 11월 26일 21시,목요일,충청북도 증평군 증평읍,경상사고,0,0,1,0,차대차 - 측면충돌,신호위반,건조,맑음,교차로 - 교차로안,승용,남,22세,상해없음,승용,여,26세,경상
2020112700100067,2020년 11월 27일 07시,금요일,충청북도 청주시 흥덕구 송정동,경상사고,0,0,2,0,차대차 - 측면충돌,안전운전불이행,건조,맑음,단일로 - 기타,승용,여,19세,경상,승용,남,47세,경상
2020112700100131,2020년 11월 27일 10시,금요일,충청북도 충주시 대소원면,경상사고,0,0,1,0,차대차 - 추돌,안전거리미확보,건조,맑음,단일로 - 기타,승용,남,22세,상해없음,승용,남,26세,경상
2020112700100132,2020년 11월 27일 10시,금요일,충청북도 청주시 흥덕구 강내면,중상사고,0,1,1,0,차대차 - 측면충돌,과속,건조,맑음,단일로 - 기타,승용,여,65세,경상,화물,남,55세,중상
2020112700100133,2020년 11월 27일 10시,금요일,충청북도 청주시 서원구 분평동,경상사고,0,0,1,0,차량단독 - 기타,안전운전불이행,건조,맑음,단일로 - 기타,승합,남,58세,상해없음,,,,
2020112700100290,2020년 11월 27일 15시,금요일,충청북도 옥천군 이원면,중상사고,0,1,0,0,차대차 - 측면충돌,교차로운행방법위반,건조,맑음,교차로 - 교차로안,화물,남,18세,상해없음,승용,여,45세,중상
2020112700100291,2020년 11월 27일 15시,금요일,충청북도 청주시 상당구 남일면,경상사고,0,0,2,0,차대차 - 측면충돌,안전운전불이행,건조,맑음,교차로 - 교차로안,승용,남,28세,상해없음,승용,여,43세,경상
2020112700100292,2020년 11월 27일 15시,금요일,충청북도 청주시 상당구 대성동,경상사고,0,0,1,0,차대차 - 기타,신호위반,건조,맑음,교차로 - 교차로안,승용,여,60세,상해없음,승용,남,54세,경상
2020112700100336,2020년 11월 27일 16시,금요일,충청북도 청주시 청원구 우암동,경상사고,0,0,3,0,차대차 - 기타,안전운전불이행,건조,맑음,교차로 - 교차로안,승용,여,22세,경상,승용,남,76세,경상
2020112700100337,2020년 11월 27일 16시,금요일,충청북도 충주시 연수동,경상사고,0,0,3,0,차대차 - 측면충돌,기타,건조,맑음,기타 - 기타,승용,여,55세,경상,승합,여,55세,경상
2020112700100338,2020년 11월 27일 16시,금요일,충청북도 청주시 서원구 수곡동,경상사고,0,0,1,0,차대차 - 측면충돌,안전운전불이행,건조,맑음,단일로 - 지하차도(도로)내,승용,여,59세,상해없음,원동기,남,37세,경상
2020112700100393,2020년 11월 27일 17시,금요일,충청북도 진천군 이월면,사망사고,1,2,9,3,차대차 - 추돌,안전운전불이행,건조,맑음,단일로 - 기타,승합,남,49세,상해없음,승용,남,40세,사망
2020112700100456,2020년 11월 27일 18시,금요일,충청북도 청주시 청원구 오창읍,중상사고,0,1,0,0,차대차 - 추돌,안전운전불이행,건조,맑음,단일로 - 기타,승용,남,50세,상해없음,이륜,남,40세,중상
2020112700100457,2020년 11월 27일 18시,금요일,충청북도 충주시 살미면,중상사고,0,2,1,0,차대차 - 추돌,안전운전불이행,건조,맑음,단일로 - 기타,승용,남,44세,상해없음,화물,남,71세,중상
2020112700100458,2020년 11월 27일 18시,금요일,충청북도 청주시 흥덕구 옥산면,경상사고,0,0,1,0,차대사람 - 길가장자리구역통행중,안전운전불이행,건조,맑음,단일로 - 기타,승용,남,58세,상해없음,보행자,여,83세,경상
2020112700100459,2020년 11월 27일 18시,금요일,충청북도 청주시 상당구 방서동,경상사고,0,0,1,0,차대차 - 기타,안전운전불이행,건조,맑음,단일로 - 기타,건설기계,남,55세,상해없음,승용,여,55세,경상
2020112700100529,2020년 11월 27일 19시,금요일,충청북도 제천시 강제동,중상사고,0,1,0,0,차대차 - 측면충돌,신호위반,건조,맑음,교차로 - 교차로안,화물,남,42세,상해없음,이륜,남,20세,중상
2020112700100530,2020년 11월 27일 19시,금요일,충청북도 청주시 흥덕구 송절동,경상사고,0,0,1,0,차대사람 - 횡단중,보행자보호의무위반,건조,맑음,교차로 - 교차로횡단보도내,승용,남,48세,상해없음,보행자,여,58세,경상
2020112700100531,2020년 11월 27일 19시,금요일,충청북도 청주시 흥덕구 비하동,경상사고,0,0,1,0,차대차 - 추돌,안전운전불이행,건조,맑음,단일로 - 기타,화물,남,53세,상해없음,승용,남,42세,경상
2020112700100532,2020년 11월 27일 19시,금요일,충청북도 청주시 서원구 분평동,중상사고,0,1,0,0,차대차 - 기타,안전운전불이행,건조,맑음,교차로 - 교차로안,승합,남,53세,상해없음,이륜,남,30세,중상
2020112700100572,2020년 11월 27일 20시,금요일,충청북도 충주시 연수동,경상사고,0,0,3,0,차대차 - 기타,안전운전불이행,건조,맑음,단일로 - 기타,화물,남,49세,상해없음,승용,남,54세,경상
2020112700100573,2020년 11월 27일 20시,금요일,충청북도 제천시 하소동,경상사고,0,0,2,0,차대차 - 측면충돌,기타,건조,맑음,교차로 - 교차로안,이륜,남,18세,상해없음,승용,남,51세,경상
2020112700100574,2020년 11월 27일 20시,금요일,충청북도 진천군 광혜원면,경상사고,0,0,1,0,차대차 - 측면충돌,안전운전불이행,건조,맑음,교차로 - 교차로안,화물,남,37세,상해없음,승용,남,54세,경상
2020112700100575,2020년 11월 27일 20시,금요일,충청북도 청주시 흥덕구 강서동,경상사고,0,0,1,0,차대차 - 측면충돌,기타,건조,맑음,단일로 - 기타,화물,남,45세,상해없음,이륜,남,34세,경상
2020112700100638,2020년 11월 27일 22시,금요일,충청북도 청주시 흥덕구 향정동,경상사고,0,0,1,0,차대차 - 측면충돌,안전운전불이행,건조,맑음,교차로 - 교차로안,승용,남,68세,상해없음,승용,남,30세,경상
2020112800100007,2020년 11월 28일 00시,토요일,충청북도 청주시 상당구 용정동,경상사고,0,0,1,0,차대차 - 기타,안전운전불이행,건조,맑음,교차로 - 교차로안,이륜,남,53세,경상,승용,여,60세,상해없음
2020112800100017,2020년 11월 28일 01시,토요일,충청북도 청주시 청원구 내덕동,경상사고,0,0,2,0,차대차 - 측면충돌,신호위반,건조,맑음,교차로 - 교차로안,승용,남,21세,상해없음,승용,남,50세,기타불명
2020112800100036,2020년 11월 28일 05시,토요일,충청북도 음성군 금왕읍,경상사고,0,0,2,0,차대차 - 측면충돌,신호위반,건조,맑음,교차로 - 교차로안,승용,남,68세,경상,특수,남,53세,경상
2020112800100116,2020년 11월 28일 10시,토요일,충청북도 청주시 청원구 율량동,경상사고,0,0,1,0,차대차 - 측면충돌,신호위반,건조,맑음,교차로 - 교차로부근,승용,여,62세,상해없음,화물,남,42세,경상
2020112800100148,2020년 11월 28일 11시,토요일,충청북도 청주시 상당구 수동,경상사고,0,0,1,0,차대차 - 기타,교차로운행방법위반,건조,맑음,교차로 - 교차로안,자전거,남,74세,경상,승용,남,57세,상해없음
2020112800100186,2020년 11월 28일 12시,토요일,충청북도 충주시 금릉동,경상사고,0,0,1,0,차대차 - 기타,안전운전불이행,건조,맑음,단일로 - 기타,화물,남,46세,상해없음,승용,남,47세,경상
2020112800100229,2020년 11월 28일 13시,토요일,충청북도 보은군 보은읍,경상사고,0,0,2,0,차대차 - 기타,안전거리미확보,건조,맑음,교차로 - 교차로부근,화물,남,68세,상해없음,승용,남,29세,경상
2020112800100230,2020년 11월 28일 13시,토요일,충청북도 음성군 음성읍,중상사고,0,1,3,0,차대차 - 측면충돌,교차로운행방법위반,건조,맑음,교차로 - 교차로안,승용,남,58세,경상,승용,남,39세,경상
2020112800100283,2020년 11월 28일 14시,토요일,충청북도 제천시 영천동,경상사고,0,0,2,0,차대차 - 측면충돌,교차로운행방법위반,건조,맑음,교차로 - 교차로부근,승용,남,58세,상해없음,승용,여,36세,경상
2020112800100284,2020년 11월 28일 14시,토요일,충청북도 음성군 감곡면,경상사고,0,0,1,0,차대차 - 측면충돌,안전거리미확보,건조,맑음,단일로 - 기타,승용,여,35세,상해없음,승용,남,44세,경상
2020112800100325,2020년 11월 28일 15시,토요일,충청북도 청주시 흥덕구 지동동,경상사고,0,0,1,0,차대차 - 기타,중앙선침범,건조,맑음,교차로 - 교차로안,특수,남,27세,상해없음,승용,남,39세,상해없음
2020112800100360,2020년 11월 28일 16시,토요일,충청북도 청주시 흥덕구 옥산면,중상사고,0,1,0,0,차대차 - 기타,교차로운행방법위반,건조,맑음,교차로 - 교차로안,승용,남,47세,상해없음,이륜,남,39세,중상
2020112800100393,2020년 11월 28일 17시,토요일,충청북도 충주시 용산동,경상사고,0,0,4,0,차대차 - 측면충돌,직진우회전진행방해,건조,맑음,교차로 - 교차로안,승용,남,64세,경상,승용,남,61세,경상
2020112800100437,2020년 11월 28일 18시,토요일,충청북도 청주시 청원구 사천동,중상사고,0,1,0,0,차대차 - 기타,안전운전불이행,건조,맑음,교차로 - 교차로안,이륜,남,39세,중상,승용,여,63세,상해없음
2020112800100438,2020년 11월 28일 18시,토요일,충청북도 청주시 흥덕구 신봉동,경상사고,0,0,1,0,차대차 - 기타,신호위반,건조,맑음,교차로 - 교차로안,승용,남,55세,상해없음,승용,남,31세,상해없음
2020112800100439,2020년 11월 28일 18시,토요일,충청북도 청주시 상당구 방서동,중상사고,0,1,0,0,차대차 - 측면충돌,안전운전불이행,건조,맑음,단일로 - 지하차도(도로)내,승용,남,64세,상해없음,원동기,남,24세,중상
2020112800100440,2020년 11월 28일 18시,토요일,충청북도 청주시 상당구 용암동,경상사고,0,0,1,0,차대차 - 측면충돌,차로위반,건조,맑음,교차로 - 교차로부근,승용,남,52세,상해없음,승용,남,46세,경상
2020112800100470,2020년 11월 28일 19시,토요일,충청북도 청주시 청원구 내덕동,경상사고,0,0,1,0,차대사람 - 기타,안전운전불이행,건조,맑음,단일로 - 기타,승합,남,57세,상해없음,보행자,남,49세,경상
2020112800100471,2020년 11월 28일 19시,토요일,충청북도 음성군 대소면,경상사고,0,0,1,0,차대차 - 측면충돌,안전운전불이행,건조,맑음,교차로 - 교차로안,승용,남,41세,상해없음,승용,남,33세,경상
2020112800100472,2020년 11월 28일 19시,토요일,충청북도 청주시 서원구 성화동,중상사고,0,1,1,0,차대차 - 측면충돌,신호위반,건조,맑음,교차로 - 교차로부근,이륜,남,56세,중상,승용,여,43세,경상
2020112800100495,2020년 11월 28일 20시,토요일,충청북도 청주시 흥덕구 강서동,경상사고,0,0,2,0,차대차 - 측면충돌,안전운전불이행,건조,맑음,단일로 - 기타,승용,남,70세,상해없음,승용,남,24세,경상
2020112800100531,2020년 11월 28일 21시,토요일,충청북도 청주시 청원구 오창읍,경상사고,0,0,1,0,차대차 - 측면충돌,교차로운행방법위반,건조,맑음,교차로 - 교차로안,승용,여,63세,상해없음,승용,남,27세,경상
2020112800100577,2020년 11월 28일 23시,토요일,충청북도 청주시 흥덕구 복대동,경상사고,0,0,1,0,차대차 - 추돌,안전운전불이행,건조,맑음,교차로 - 교차로안,화물,남,54세,상해없음,승용,남,53세,경상
2020112900100007,2020년 11월 29일 00시,일요일,충청북도 청주시 청원구 율량동,중상사고,0,1,0,0,차대차 - 기타,안전운전불이행,건조,맑음,교차로 - 교차로안,승용,남,22세,상해없음,이륜,남,42세,중상
2020112900100008,2020년 11월 29일 00시,일요일,충청북도 충주시 연수동,경상사고,0,0,1,0,차대사람 - 기타,안전운전불이행,건조,맑음,단일로 - 기타,승용,여,55세,상해없음,보행자,남,40세,경상
2020112900100018,2020년 11월 29일 01시,일요일,충청북도 영동군 영동읍,경상사고,0,0,2,0,차대차 - 측면충돌,안전운전불이행,건조,맑음,교차로 - 교차로부근,승용,여,58세,상해없음,승용,남,32세,경상
2020112900100112,2020년 11월 29일 11시,일요일,충청북도 충주시 문화동,중상사고,0,1,1,0,차대차 - 추돌,안전운전불이행,건조,맑음,교차로 - 교차로부근,승용,남,26세,상해없음,승용,남,58세,경상
2020112900100129,2020년 11월 29일 12시,일요일,충청북도 청주시 청원구 율량동,경상사고,0,0,2,0,차대차 - 측면충돌,신호위반,건조,맑음,교차로 - 교차로안,승용,여,22세,경상,승용,남,59세,경상
2020112900100130,2020년 11월 29일 12시,일요일,충청북도 영동군 영동읍,중상사고,0,1,0,0,차대차 - 정면충돌,중앙선침범,건조,맑음,단일로 - 기타,승용,남,49세,상해없음,이륜,남,28세,중상
2020112900100153,2020년 11월 29일 13시,일요일,충청북도 단양군 적성면,중상사고,0,2,2,0,차대차 - 측면충돌,안전운전불이행,건조,맑음,교차로 - 교차로부근,승합,남,62세,상해없음,승용,남,29세,경상
2020112900100267,2020년 11월 29일 17시,일요일,충청북도 충주시 금릉동,경상사고,0,0,1,0,차대차 - 추돌,안전운전불이행,건조,흐림,교차로 - 교차로안,화물,남,47세,상해없음,이륜,남,32세,경상
2020112900100268,2020년 11월 29일 17시,일요일,충청북도 영동군 용산면,중상사고,0,1,0,0,차대차 - 추돌,안전운전불이행,건조,맑음,기타 - 기타,화물,남,31세,중상,승용,여,54세,상해없음
2020112900100269,2020년 11월 29일 17시,일요일,충청북도 괴산군 괴산읍,경상사고,0,0,2,0,차대사람 - 횡단중,안전운전불이행,건조,맑음,교차로 - 교차로횡단보도내,화물,남,30세,상해없음,보행자,남,57세,경상
2020112900100295,2020년 11월 29일 18시,일요일,충청북도 청주시 서원구 산남동,경상사고,0,0,1,0,차대차 - 정면충돌,교차로운행방법위반,건조,맑음,교차로 - 교차로안,승용,남,75세,상해없음,이륜,남,34세,경상
2020112900100296,2020년 11월 29일 18시,일요일,충청북도 청주시 흥덕구 옥산면,사망사고,1,1,15,0,차대차 - 측면충돌,안전운전불이행,건조,맑음,단일로 - 지하차도(도로)내,승용,남,65세,사망,승합,남,43세,경상
2020112900100325,2020년 11월 29일 19시,일요일,충청북도 청주시 청원구 내덕동,경상사고,0,0,1,0,차대차 - 측면충돌,안전운전불이행,건조,맑음,단일로 - 기타,승용,남,29세,상해없음,자전거,남,26세,경상
2020112900100351,2020년 11월 29일 20시,일요일,충청북도 청주시 상당구 금천동,경상사고,0,0,2,0,차대차 - 측면충돌,차로위반,건조,맑음,단일로 - 기타,이륜,남,18세,경상,이륜,남,39세,경상
2020112900100373,2020년 11월 29일 21시,일요일,충청북도 청주시 흥덕구 봉명동,경상사고,0,0,1,0,차대차 - 기타,교차로운행방법위반,건조,맑음,교차로 - 교차로안,이륜,남,43세,경상,화물,남,22세,상해없음
2020112900100407,2020년 11월 29일 23시,일요일,충청북도 청주시 상당구 용암동,경상사고,0,0,2,0,차대차 - 기타,신호위반,건조,맑음,교차로 - 교차로안,승용,여,24세,상해없음,승용,남,61세,경상
2020113000100004,2020년 11월 30일 00시,월요일,충청북도 청주시 서원구 수곡동,중상사고,0,1,0,0,차대사람 - 횡단중,보행자보호의무위반,건조,맑음,교차로 - 교차로횡단보도내,승용,남,73세,상해없음,보행자,남,45세,중상
2020113000100017,2020년 11월 30일 02시,월요일,충청북도 제천시 고명동,경상사고,0,0,1,0,차량단독 - 공작물충돌,안전운전불이행,건조,맑음,기타 - 기타,승용,여,58세,경상,,,,
2020113000100068,2020년 11월 30일 07시,월요일,충청북도 청주시 청원구 내덕동,중상사고,0,1,0,0,차대사람 - 횡단중,안전운전불이행,건조,맑음,교차로 - 교차로횡단보도내,승용,여,41세,상해없음,보행자,남,76세,중상
2020113000100069,2020년 11월 30일 07시,월요일,충청북도 음성군 소이면,경상사고,0,0,3,0,차대차 - 측면충돌,신호위반,건조,맑음,교차로 - 교차로안,승용,남,34세,경상,승용,남,53세,경상
2020113000100070,2020년 11월 30일 07시,월요일,충청북도 청주시 흥덕구 비하동,경상사고,0,0,1,0,차대차 - 추돌,안전거리미확보,건조,맑음,교차로 - 교차로부근,승용,남,45세,상해없음,승용,여,44세,경상
2020113000100071,2020년 11월 30일 07시,월요일,충청북도 청주시 상당구 방서동,경상사고,0,0,1,0,차대차 - 측면충돌,신호위반,건조,맑음,교차로 - 교차로안,승용,남,29세,상해없음,승용,남,40세,경상
2020113000100101,2020년 11월 30일 08시,월요일,충청북도 괴산군 칠성면,경상사고,0,0,1,0,차대차 - 측면충돌,안전운전불이행,건조,맑음,교차로 - 교차로안,승용,남,67세,상해없음,승용,여,49세,경상
2020113000100141,2020년 11월 30일 09시,월요일,충청북도 청주시 청원구 내덕동,경상사고,0,0,1,0,차대차 - 후진중충돌,안전운전불이행,건조,맑음,교차로 - 교차로부근,승용,여,31세,상해없음,승용,여,43세,경상
2020113000100142,2020년 11월 30일 09시,월요일,충청북도 청주시 서원구 남이면,경상사고,0,0,1,0,차대차 - 기타,안전운전불이행,건조,맑음,단일로 - 기타,승용,여,53세,상해없음,승용,남,32세,경상
2020113000100171,2020년 11월 30일 10시,월요일,충청북도 충주시 금릉동,경상사고,0,0,1,0,차대차 - 측면충돌,안전운전불이행,건조,맑음,단일로 - 기타,승용,남,41세,상해없음,승용,여,62세,경상
2020113000100208,2020년 11월 30일 11시,월요일,충청북도 청주시 상당구 문의면,사망사고,1,0,0,0,차대사람 - 차도통행중,안전운전불이행,건조,맑음,단일로 - 기타,승용,남,48세,상해없음,보행자,여,65세,사망
2020113000100306,2020년 11월 30일 14시,월요일,충청북도 청주시 흥덕구 오송읍,중상사고,0,1,1,0,차대차 - 기타,신호위반,건조,맑음,교차로 - 교차로안,승용,여,29세,상해없음,승합,남,58세,상해없음
2020113000100343,2020년 11월 30일 15시,월요일,충청북도 음성군 대소면,경상사고,0,0,1,0,차대차 - 측면충돌,교차로운행방법위반,건조,맑음,교차로 - 교차로안,승용,여,40세,상해없음,승용,남,59세,경상
2020113000100344,2020년 11월 30일 15시,월요일,충청북도 청주시 흥덕구 문암동,경상사고,0,0,1,0,차대차 - 기타,안전운전불이행,건조,맑음,단일로 - 기타,승용,여,23세,상해없음,승용,남,36세,경상
2020113000100436,2020년 11월 30일 17시,월요일,충청북도 청주시 흥덕구 복대동,경상사고,0,0,1,0,차대사람 - 기타,안전운전불이행,건조,맑음,교차로 - 교차로안,승용,여,39세,상해없음,보행자,여,11세,경상
2020113000100437,2020년 11월 30일 17시,월요일,충청북도 청주시 상당구 금천동,경상사고,0,0,1,0,차대차 - 측면충돌,안전운전불이행,건조,맑음,교차로 - 교차로안,승용,남,53세,상해없음,이륜,남,41세,경상
2020113000100492,2020년 11월 30일 18시,월요일,충청북도 청주시 흥덕구 송절동,경상사고,0,0,1,0,차대사람 - 기타,안전운전불이행,건조,맑음,교차로 - 교차로안,화물,남,37세,상해없음,보행자,남,21세,경상