사고번호,사고일시,요일,시군구,사고내용,사망자수,중상자수,경상자수,부상신고자수,사고유형,법규위반,노면상태,기상상태,도로형태,가해운전자 차종,가해운전자 성별,가해운전자 연령,가해운전자 상해정도,피해운전자 차종,피해운전자 성별,피해운전자 연령,피해운전자 상해정도
2020121800100307,2020년 12월 18일 15시,금요일,충청북도 진천군 문백면,경상사고,0,0,1,0,차대차 - 추돌,안전운전불이행,건조,맑음,단일로 - 기타,승용,남,27세,기타불명,화물,남,49세,경상
2020121800100347,2020년 12월 18일 16시,금요일,충청북도 청주시 청원구 내덕동,경상사고,0,0,1,0,차대차 - 기타,안전운전불이행,건조,맑음,단일로 - 기타,승용,여,56세,상해없음,승합,남,60세,경상
2020121800100348,2020년 12월 18일 16시,금요일,충청북도 진천군 덕산면,경상사고,0,0,1,0,차대차 - 추돌,안전운전불이행,건조,맑음,단일로 - 기타,승용,여,51세,상해없음,승용,여,24세,경상
2020121800100583,2020년 12월 18일 20시,금요일,충청북도 청주시 흥덕구 오송읍,사망사고,1,0,0,0,차대사람 - 횡단중,안전운전불이행,건조,맑음,단일로 - 기타,승용,남,64세,상해없음,보행자,남,75세,사망
2020121800100671,2020년 12월 18일 22시,금요일,충청북도 진천군 덕산면,경상사고,0,0,1,0,차대차 - 측면충돌,신호위반,건조,맑음,교차로 - 교차로안,승용,남,46세,상해없음,승용,남,35세,경상
2020121800100690,2020년 12월 18일 23시,금요일,충청북도 청주시 청원구 내수읍,경상사고,0,0,1,0,차대차 - 기타,안전운전불이행,건조,맑음,단일로 - 기타,승용,남,42세,상해없음,승용,남,28세,경상
2020121900100004,2020년 12월 19일 00시,토요일,충청북도 옥천군 옥천읍,중상사고,0,1,0,0,차대차 - 기타,기타,건조,맑음,단일로 - 교량,승용,남,36세,상해없음,승용,남,43세,중상
2020121900100013,2020년 12월 19일 01시,토요일,충청북도 청주시 서원구 모충동,경상사고,0,0,1,0,차대차 - 기타,안전운전불이행,건조,맑음,단일로 - 기타,이륜,남,23세,경상,승합,남,63세,상해없음
2020121900100060,2020년 12월 19일 08시,토요일,충청북도 충주시 주덕읍,경상사고,0,0,1,0,차대차 - 기타,중앙선침범,건조,맑음,교차로 - 교차로안,자전거,여,62세,경상,화물,남,62세,상해없음
2020121900100061,2020년 12월 19일 08시,토요일,충청북도 충주시 대소원면,경상사고,0,0,2,0,차대차 - 기타,교차로운행방법위반,건조,맑음,교차로 - 교차로안,승용,남,70세,경상,승용,여,40세,경상
2020121900100101,2020년 12월 19일 10시,토요일,충청북도 제천시 고암동,경상사고,0,0,1,0,차대차 - 기타,안전거리미확보,적설,맑음,교차로 - 교차로안,승용,남,61세,상해없음,승용,남,65세,경상
2020121900100132,2020년 12월 19일 11시,토요일,충청북도 청주시 청원구 주중동,경상사고,0,0,2,0,차대차 - 기타,안전운전불이행,건조,맑음,단일로 - 기타,승용,여,34세,경상,이륜,남,18세,경상
2020121900100161,2020년 12월 19일 12시,토요일,충청북도 제천시 하소동,경상사고,0,0,3,0,차대차 - 측면충돌,직진우회전진행방해,젖음/습기,맑음,교차로 - 교차로안,승용,여,51세,경상,승용,남,37세,경상
2020121900100162,2020년 12월 19일 12시,토요일,충청북도 음성군 대소면,사망사고,1,0,0,0,차대차 - 측면충돌,신호위반,건조,맑음,교차로 - 교차로안,이륜,남,67세,사망,화물,남,41세,상해없음
2020121900100163,2020년 12월 19일 12시,토요일,충청북도 청주시 흥덕구 봉명동,경상사고,0,0,2,0,차대차 - 측면충돌,교차로운행방법위반,건조,맑음,교차로 - 교차로안,승용,남,30세,경상,승용,남,51세,경상
2020121900100200,2020년 12월 19일 13시,토요일,충청북도 청주시 서원구 사직동,중상사고,0,1,0,0,차대사람 - 횡단중,신호위반,건조,맑음,교차로 - 교차로횡단보도내,승용,여,49세,상해없음,보행자,남,8세,중상
2020121900100201,2020년 12월 19일 13시,토요일,충청북도 청주시 상당구 금천동,경상사고,0,0,2,0,차대차 - 측면충돌,직진우회전진행방해,건조,맑음,교차로 - 교차로안,승용,남,39세,상해없음,화물,남,45세,경상
2020121900100230,2020년 12월 19일 14시,토요일,충청북도 제천시 신백동,사망사고,1,0,0,0,차대사람 - 횡단중,안전운전불이행,건조,맑음,교차로 - 교차로안,승용,남,77세,상해없음,보행자,남,78세,사망
2020121900100268,2020년 12월 19일 15시,토요일,충청북도 청주시 서원구 수곡동,경상사고,0,0,2,0,차대차 - 측면충돌,신호위반,건조,맑음,교차로 - 교차로안,이륜,여,20세,경상,이륜,남,28세,경상
2020121900100339,2020년 12월 19일 17시,토요일,충청북도 충주시 호암동,경상사고,0,0,1,0,차대차 - 측면충돌,교차로운행방법위반,건조,맑음,교차로 - 교차로안,승용,남,62세,상해없음,이륜,남,63세,경상
2020121900100340,2020년 12월 19일 17시,토요일,충청북도 진천군 덕산면,경상사고,0,0,2,0,차대차 - 추돌,안전운전불이행,건조,맑음,단일로 - 기타,승용,남,25세,상해없음,승용,남,33세,경상
2020121900100341,2020년 12월 19일 17시,토요일,충청북도 청주시 서원구 개신동,경상사고,0,0,3,0,차대차 - 추돌,안전운전불이행,건조,맑음,교차로 - 교차로부근,이륜,남,36세,상해없음,승용,여,35세,경상
2020121900100387,2020년 12월 19일 18시,토요일,충청북도 청주시 청원구 우암동,경상사고,0,0,1,0,차대사람 - 기타,안전운전불이행,건조,맑음,교차로 - 교차로부근,화물,남,52세,상해없음,보행자,여,81세,경상
2020121900100388,2020년 12월 19일 18시,토요일,충청북도 청주시 청원구 내덕동,경상사고,0,0,1,0,차대차 - 기타,교차로운행방법위반,건조,맑음,교차로 - 교차로안,화물,남,64세,상해없음,승용,여,51세,경상
2020121900100389,2020년 12월 19일 18시,토요일,충청북도 충주시 문화동,경상사고,0,0,1,0,차대차 - 기타,신호위반,건조,맑음,교차로 - 교차로안,승용,남,26세,상해없음,원동기,남,63세,경상
2020121900100490,2020년 12월 19일 20시,토요일,충청북도 증평군 증평읍,사망사고,1,0,0,0,차대사람 - 횡단중,안전운전불이행,건조,맑음,교차로 - 교차로안,승용,여,21세,상해없음,보행자,남,54세,사망
2020121900100491,2020년 12월 19일 20시,토요일,충청북도 청주시 상당구 탑동,경상사고,0,0,1,0,차대차 - 측면충돌,안전운전불이행,건조,맑음,단일로 - 지하차도(도로)내,승용,남,44세,상해없음,이륜,남,21세,경상
2020122000100013,2020년 12월 20일 01시,일요일,충청북도 음성군 맹동면,경상사고,0,0,2,0,차대차 - 추돌,안전운전불이행,건조,맑음,교차로 - 교차로부근,이륜,여,39세,경상,승용,여,60세,경상
2020122000100017,2020년 12월 20일 02시,일요일,충청북도 청주시 상당구 용암동,경상사고,0,0,1,0,차량단독 - 도로외이탈 - 추락,안전운전불이행,건조,맑음,단일로 - 지하차도(도로)내,승용,남,35세,경상,,,,
2020122000100022,2020년 12월 20일 03시,일요일,충청북도 청주시 흥덕구 강서동,경상사고,0,0,1,0,차대사람 - 보도통행중,기타,건조,맑음,단일로 - 기타,이륜,남,19세,상해없음,보행자,남,24세,경상
2020122000100033,2020년 12월 20일 07시,일요일,충청북도 청주시 흥덕구 봉명동,경상사고,0,0,1,0,차대차 - 기타,직진우회전진행방해,건조,맑음,교차로 - 교차로안,승용,남,34세,상해없음,승용,여,50세,경상
2020122000100115,2020년 12월 20일 13시,일요일,충청북도 증평군 증평읍,중상사고,0,1,0,0,차대차 - 측면충돌,안전운전불이행,건조,맑음,교차로 - 교차로안,승용,남,49세,상해없음,이륜,남,51세,중상
2020122000100144,2020년 12월 20일 14시,일요일,충청북도 충주시 금가면,경상사고,0,0,2,0,차대차 - 측면충돌,과속,건조,맑음,단일로 - 기타,승용,남,63세,경상,화물,남,50세,경상
2020122000100189,2020년 12월 20일 16시,일요일,충청북도 충주시 문화동,경상사고,0,0,1,0,차대차 - 추돌,안전운전불이행,건조,맑음,단일로 - 기타,화물,남,41세,기타불명,승용,여,40세,경상
2020122000100206,2020년 12월 20일 17시,일요일,충청북도 청주시 청원구 율량동,경상사고,0,0,1,0,차대차 - 측면충돌,교차로운행방법위반,건조,맑음,교차로 - 교차로안,승용,남,37세,상해없음,승용,남,34세,경상
2020122000100207,2020년 12월 20일 17시,일요일,충청북도 청주시 서원구 모충동,경상사고,0,0,4,0,차대차 - 추돌,안전운전불이행,건조,맑음,단일로 - 기타,승용,남,54세,상해없음,승용,여,50세,경상
2020122000100237,2020년 12월 20일 18시,일요일,충청북도 청주시 청원구 주중동,경상사고,0,0,2,0,차대차 - 기타,신호위반,건조,기타,교차로 - 교차로부근,승용,여,32세,상해없음,승용,남,59세,경상
2020122000100238,2020년 12월 20일 18시,일요일,충청북도 청주시 흥덕구 복대동,경상사고,0,0,2,0,차대차 - 기타,과속,건조,맑음,교차로 - 교차로안,이륜,남,20세,경상,승용,남,34세,경상
2020122000100239,2020년 12월 20일 18시,일요일,충청북도 청주시 상당구 남일면,경상사고,0,0,2,0,차대차 - 추돌,안전운전불이행,건조,맑음,단일로 - 지하차도(도로)내,승용,남,60세,상해없음,승용,남,37세,경상
2020122000100323,2020년 12월 20일 21시,일요일,충청북도 청주시 서원구 사창동,중상사고,0,1,1,0,차대차 - 기타,신호위반,건조,맑음,교차로 - 교차로안,이륜,남,47세,중상,이륜,남,16세,경상
2020122000100341,2020년 12월 20일 22시,일요일,충청북도 충주시 연수동,경상사고,0,0,1,0,차대차 - 측면충돌,안전운전불이행,건조,맑음,교차로 - 교차로안,승용,남,23세,상해없음,승용,남,50세,경상
2020122100100058,2020년 12월 21일 07시,월요일,충청북도 청주시 서원구 분평동,경상사고,0,0,1,0,차대차 - 기타,안전운전불이행,건조,맑음,단일로 - 기타,이륜,남,44세,경상,승용,남,68세,상해없음
2020122100100126,2020년 12월 21일 09시,월요일,충청북도 청주시 흥덕구 오송읍,중상사고,0,1,0,0,차대차 - 측면충돌,안전운전불이행,건조,맑음,교차로 - 교차로안,건설기계,남,55세,상해없음,화물,남,59세,중상
2020122100100199,2020년 12월 21일 11시,월요일,충청북도 충주시 연수동,경상사고,0,0,1,0,차대차 - 후진중충돌,안전운전불이행,건조,맑음,단일로 - 기타,승용,남,68세,상해없음,승용,여,60세,경상
2020122100100237,2020년 12월 21일 12시,월요일,충청북도 청주시 서원구 성화동,경상사고,0,0,1,0,차대차 - 측면충돌,교차로운행방법위반,건조,맑음,교차로 - 교차로안,승용,남,59세,상해없음,승용,남,70세,경상
2020122100100297,2020년 12월 21일 14시,월요일,충청북도 청주시 상당구 용정동,경상사고,0,0,2,0,차대차 - 추돌,안전거리미확보,건조,맑음,단일로 - 지하차도(도로)내,화물,남,28세,경상,승용,남,26세,경상
2020122100100371,2020년 12월 21일 16시,월요일,충청북도 청주시 서원구 사창동,경상사고,0,0,1,0,차대차 - 기타,안전운전불이행,건조,맑음,단일로 - 기타,승용,여,61세,상해없음,승용,여,45세,경상
2020122100100414,2020년 12월 21일 17시,월요일,충청북도 청주시 청원구 오창읍,경상사고,0,0,1,0,차대차 - 기타,교차로운행방법위반,건조,맑음,교차로 - 교차로안,승용,여,58세,상해없음,승용,남,31세,경상
2020122100100415,2020년 12월 21일 17시,월요일,충청북도 음성군 삼성면,경상사고,0,0,2,0,차대차 - 측면충돌,교차로운행방법위반,건조,맑음,교차로 - 교차로안,화물,남,63세,경상,화물,남,46세,경상
2020122100100417,2020년 12월 21일 17시,월요일,충청북도 청주시 상당구 금천동,경상사고,0,0,1,0,차대차 - 후진중충돌,안전운전불이행,건조,맑음,단일로 - 기타,승용,여,55세,상해없음,화물,남,28세,경상
2020122100100466,2020년 12월 21일 18시,월요일,충청북도 영동군 영동읍,경상사고,0,0,1,0,차대차 - 측면충돌,안전운전불이행,건조,맑음,교차로 - 교차로안,승용,여,41세,상해없음,승용,여,69세,경상
2020122100100467,2020년 12월 21일 18시,월요일,충청북도 증평군 증평읍,경상사고,0,0,1,0,차대차 - 측면충돌,신호위반,건조,맑음,교차로 - 교차로안,승용,남,42세,상해없음,승용,남,33세,경상
2020122100100468,2020년 12월 21일 18시,월요일,충청북도 옥천군 옥천읍,사망사고,1,0,0,0,차대사람 - 횡단중,안전운전불이행,건조,맑음,교차로 - 교차로부근,승용,남,21세,상해없음,보행자,여,57세,사망
2020122100100469,2020년 12월 21일 18시,월요일,충청북도 진천군 덕산면,경상사고,0,0,1,0,차대차 - 측면충돌,직진우회전진행방해,건조,맑음,교차로 - 교차로안,승용,남,46세,상해없음,승용,여,28세,경상
2020122100100523,2020년 12월 21일 19시,월요일,충청북도 청주시 청원구 내덕동,중상사고,0,1,0,0,차대차 - 측면충돌,교차로운행방법위반,건조,맑음,교차로 - 교차로안,승용,남,56세,상해없음,이륜,남,46세,중상
2020122100100600,2020년 12월 21일 21시,월요일,충청북도 음성군 맹동면,경상사고,0,0,1,0,차대차 - 측면충돌,신호위반,건조,맑음,교차로 - 교차로안,승용,남,35세,상해없음,승용,남,32세,경상
2020122200100058,2020년 12월 22일 07시,화요일,충청북도 음성군 대소면,경상사고,0,0,1,0,차대차 - 추돌,안전운전불이행,건조,맑음,단일로 - 기타,승용,여,27세,상해없음,승용,남,56세,경상
2020122200100087,2020년 12월 22일 08시,화요일,충청북도 음성군 금왕읍,경상사고,0,0,1,0,차대차 - 추돌,안전운전불이행,건조,맑음,단일로 - 기타,승용,여,30세,경상,승용,여,39세,상해없음
2020122200100088,2020년 12월 22일 08시,화요일,충청북도 청주시 흥덕구 복대동,경상사고,0,0,1,0,차대사람 - 횡단중,기타,건조,맑음,단일로 - 기타,승용,여,26세,상해없음,보행자,여,8세,경상
2020122200100168,2020년 12월 22일 11시,화요일,충청북도 제천시 화산동,경상사고,0,0,1,0,차대차 - 측면충돌,직진우회전진행방해,건조,맑음,교차로 - 교차로안,승용,여,43세,경상,화물,남,53세,상해없음
2020122200100169,2020년 12월 22일 11시,화요일,충청북도 청주시 서원구 수곡동,경상사고,0,0,1,0,차대사람 - 기타,안전운전불이행,건조,맑음,주차장 - 주차장,승용,남,47세,상해없음,보행자,여,47세,경상
2020122200100202,2020년 12월 22일 12시,화요일,충청북도 청주시 흥덕구 옥산면,중상사고,0,1,1,0,차대차 - 기타,차로위반,건조,기타,단일로 - 기타,화물,남,49세,경상,화물,남,28세,중상
2020122200100233,2020년 12월 22일 13시,화요일,충청북도 청주시 서원구 남이면,중상사고,0,1,1,0,차대차 - 기타,안전거리미확보,건조,맑음,단일로 - 기타,승용,여,57세,경상,승용,여,62세,중상
2020122200100234,2020년 12월 22일 13시,화요일,충청북도 청주시 상당구 영운동,중상사고,0,1,0,0,차대사람 - 길가장자리구역통행중,안전운전불이행,건조,맑음,단일로 - 지하차도(도로)내,화물,남,65세,상해없음,보행자,여,67세,중상
2020122200100254,2020년 12월 22일 14시,화요일,충청북도 제천시 청전동,경상사고,0,0,1,0,차대차 - 측면충돌,안전운전불이행,건조,맑음,교차로 - 교차로안,승용,남,66세,상해없음,승용,남,69세,경상
2020122200100255,2020년 12월 22일 14시,화요일,충청북도 청주시 서원구 현도면,중상사고,0,1,0,1,차량단독 - 공작물충돌,안전운전불이행,건조,맑음,교차로 - 교차로부근,승용,남,87세,부상신고,,,,
2020122200100334,2020년 12월 22일 16시,화요일,충청북도 청주시 상당구 용암동,경상사고,0,0,1,0,차대차 - 기타,교차로운행방법위반,건조,맑음,교차로 - 교차로안,화물,남,50세,상해없음,원동기,남,39세,경상
2020122200100364,2020년 12월 22일 17시,화요일,충청북도 진천군 덕산면,사망사고,1,0,0,0,차대사람 - 차도통행중,안전운전불이행,건조,맑음,단일로 - 기타,화물,남,54세,상해없음,보행자,여,78세,사망
2020122200100401,2020년 12월 22일 18시,화요일,충청북도 청주시 흥덕구 봉명동,경상사고,0,0,1,0,차대차 - 측면충돌,중앙선침범,건조,맑음,단일로 - 기타,승용,남,51세,상해없음,이륜,남,51세,경상
2020122200100472,2020년 12월 22일 19시,화요일,충청북도 청주시 서원구 사창동,경상사고,0,0,1,0,차대사람 - 보도통행중,기타,건조,맑음,단일로 - 기타,기타불명,기타불명,미분류,기타불명,보행자,여,26세,경상
2020122200100473,2020년 12월 22일 19시,화요일,충청북도 충주시 연수동,경상사고,0,0,1,0,차대차 - 기타,안전거리미확보,건조,맑음,단일로 - 기타,승용,남,25세,상해없음,승용,여,38세,경상
2020122200100474,2020년 12월 22일 19시,화요일,충청북도 충주시 교현동,경상사고,0,0,1,0,차대사람 - 기타,안전운전불이행,건조,맑음,단일로 - 기타,승용,여,31세,상해없음,보행자,남,62세,경상
2020122200100475,2020년 12월 22일 19시,화요일,충청북도 청주시 흥덕구 신촌동,중상사고,0,1,2,0,차대차 - 기타,안전운전불이행,건조,맑음,단일로 - 기타,승용,남,35세,상해없음,승용,여,39세,중상
2020122200100513,2020년 12월 22일 20시,화요일,충청북도 청주시 흥덕구 봉명동,중상사고,0,1,1,0,차대차 - 측면충돌,직진우회전진행방해,건조,맑음,교차로 - 교차로안,승용,남,54세,경상,승용,여,39세,중상
2020122200100548,2020년 12월 22일 21시,화요일,충청북도 음성군 맹동면,경상사고,0,0,3,0,차대차 - 측면충돌,안전운전불이행,건조,맑음,단일로 - 기타,승용,남,46세,경상,승용,남,32세,경상
2020122200100549,2020년 12월 22일 21시,화요일,충청북도 청주시 흥덕구 비하동,경상사고,0,0,2,0,차대차 - 측면충돌,안전운전불이행,건조,맑음,교차로 - 교차로안,승용,남,33세,상해없음,승용,남,27세,경상
2020122200100582,2020년 12월 22일 23시,화요일,충청북도 청주시 서원구 남이면,경상사고,0,0,2,0,차대차 - 추돌,안전거리미확보,건조,맑음,단일로 - 기타,승용,남,47세,상해없음,승용,남,22세,경상
2020122300100005,2020년 12월 23일 00시,수요일,충청북도 청주시 서원구 미평동,경상사고,0,0,4,0,차대차 - 측면충돌,신호위반,건조,맑음,교차로 - 교차로안,승용,남,35세,상해없음,승용,남,20세,경상
2020122300100107,2020년 12월 23일 08시,수요일,충청북도 음성군 금왕읍,경상사고,0,0,2,0,차대차 - 추돌,안전운전불이행,건조,맑음,교차로 - 교차로부근,승용,남,27세,상해없음,승용,여,33세,경상
2020122300100181,2020년 12월 23일 11시,수요일,충청북도 제천시 화산동,중상사고,0,1,0,0,차대사람 - 차도통행중,안전운전불이행,젖음/습기,흐림,단일로 - 기타,화물,남,29세,상해없음,보행자,여,79세,중상
2020122300100182,2020년 12월 23일 11시,수요일,충청북도 청주시 흥덕구 강내면,경상사고,0,0,1,0,차대차 - 기타,안전운전불이행,건조,맑음,단일로 - 기타,화물,남,44세,기타불명,승용,남,25세,경상
2020122300100240,2020년 12월 23일 13시,수요일,충청북도 충주시 대소원면,경상사고,0,0,1,0,차대차 - 기타,안전운전불이행,건조,맑음,교차로 - 교차로부근,화물,남,71세,상해없음,승합,남,51세,경상
2020122300100241,2020년 12월 23일 13시,수요일,충청북도 음성군 대소면,중상사고,0,1,0,0,차대차 - 측면충돌,교차로운행방법위반,건조,흐림,교차로 - 교차로안,승용,여,50세,상해없음,이륜,남,76세,중상
2020122300100266,2020년 12월 23일 14시,수요일,충청북도 청주시 청원구 내덕동,경상사고,0,0,2,1,차대차 - 추돌,안전거리미확보,건조,맑음,교차로 - 교차로부근,승합,남,71세,상해없음,승합,남,57세,상해없음
2020122300100267,2020년 12월 23일 14시,수요일,충청북도 청주시 흥덕구 가경동,경상사고,0,0,1,0,차대차 - 측면충돌,직진우회전진행방해,건조,맑음,교차로 - 교차로안,승용,여,51세,상해없음,기타불명,여,68세,경상
2020122300100268,2020년 12월 23일 14시,수요일,충청북도 청주시 서원구 산남동,중상사고,0,1,1,0,차대차 - 기타,교차로운행방법위반,건조,맑음,교차로 - 교차로안,승용,남,71세,상해없음,승용,여,27세,경상
2020122300100370,2020년 12월 23일 17시,수요일,충청북도 제천시 장락동,중상사고,0,1,0,0,차대사람 - 횡단중,안전운전불이행,건조,맑음,교차로 - 교차로안,승용,여,39세,상해없음,보행자,여,64세,중상
2020122300100442,2020년 12월 23일 18시,수요일,충청북도 청주시 청원구 내수읍,경상사고,0,0,3,0,차대차 - 기타,직진우회전진행방해,건조,맑음,교차로 - 교차로안,승용,여,40세,경상,화물,남,62세,경상
2020122300100443,2020년 12월 23일 18시,수요일,충청북도 충주시 안림동,경상사고,0,0,1,0,차대차 - 측면충돌,차로위반,젖음/습기,맑음,교차로 - 교차로부근,승용,남,65세,상해없음,원동기,남,40세,경상
2020122300100444,2020년 12월 23일 18시,수요일,충청북도 제천시 동현동,경상사고,0,0,1,0,차대사람 - 횡단중,보행자보호의무위반,건조,맑음,교차로 - 교차로안,화물,남,59세,상해없음,보행자,여,59세,경상
2020122300100503,2020년 12월 23일 19시,수요일,충청북도 진천군 진천읍,경상사고,0,0,1,0,차대차 - 기타,교차로운행방법위반,건조,맑음,교차로 - 교차로안,승용,남,24세,상해없음,승용,남,51세,경상
2020122300100541,2020년 12월 23일 20시,수요일,충청북도 청주시 흥덕구 오송읍,경상사고,0,0,1,0,차대차 - 기타,교차로운행방법위반,건조,맑음,교차로 - 교차로안,개인형이동수단(PM),남,37세,상해없음,이륜,남,27세,경상
2020122300100578,2020년 12월 23일 21시,수요일,충청북도 충주시 교현동,경상사고,0,0,1,0,차대차 - 기타,직진우회전진행방해,건조,맑음,교차로 - 교차로안,승용,남,62세,상해없음,화물,남,31세,상해없음
2020122300100579,2020년 12월 23일 21시,수요일,충청북도 충주시 연수동,경상사고,0,0,2,0,차대차 - 기타,직진우회전진행방해,건조,흐림,교차로 - 교차로안,승용,남,43세,상해없음,승용,남,45세,경상
2020122300100580,2020년 12월 23일 21시,수요일,충청북도 청주시 서원구 분평동,경상사고,0,0,1,0,차대사람 - 기타,안전운전불이행,건조,맑음,단일로 - 기타,승용,여,53세,상해없음,보행자,남,68세,경상
2020122400100002,2020년 12월 24일 00시,목요일,충청북도 청주시 상당구 방서동,경상사고,0,0,1,0,차대차 - 측면충돌,안전운전불이행,건조,맑음,단일로 - 기타,승용,남,42세,상해없음,승합,남,51세,경상
2020122400100010,2020년 12월 24일 01시,목요일,충청북도 청주시 흥덕구 봉명동,부상신고사고,0,0,0,1,차량단독 - 전도전복 - 전도,기타,건조,맑음,단일로 - 기타,이륜,남,34세,부상신고,,,,
2020122400100023,2020년 12월 24일 05시,목요일,충청북도 청주시 상당구 용암동,경상사고,0,0,2,0,차대차 - 측면충돌,안전거리미확보,젖음/습기,맑음,교차로 - 교차로안,승용,남,64세,상해없음,승용,남,64세,경상
2020122400100057,2020년 12월 24일 07시,목요일,충청북도 진천군 진천읍,경상사고,0,0,3,1,차대차 - 추돌,안전운전불이행,젖음/습기,눈,단일로 - 터널,승합,남,68세,상해없음,승용,남,48세,경상
2020122400100085,2020년 12월 24일 08시,목요일,충청북도 충주시 호암동,중상사고,0,2,0,0,차대차 - 측면충돌,신호위반,건조,맑음,교차로 - 교차로안,승용,남,29세,상해없음,승용,여,35세,중상
2020122400100086,2020년 12월 24일 08시,목요일,충청북도 음성군 대소면,경상사고,0,0,1,0,차대차 - 추돌,안전거리미확보,건조,맑음,교차로 - 교차로안,화물,남,57세,상해없음,승용,남,33세,경상
2020122400100087,2020년 12월 24일 08시,목요일,충청북도 진천군 덕산면,경상사고,0,0,1,0,차대차 - 정면충돌,신호위반,건조,맑음,교차로 - 교차로안,이륜,남,58세,상해없음,승용,남,33세,경상
2020122400100170,2020년 12월 24일 11시,목요일,충청북도 영동군 영동읍,경상사고,0,0,2,0,차대차 - 기타,안전운전불이행,건조,맑음,단일로 - 기타,승용,남,51세,상해없음,건설기계,남,38세,경상
2020122400100200,2020년 12월 24일 12시,목요일,충청북도 청주시 흥덕구 오송읍,경상사고,0,0,1,0,차량단독 - 기타,안전운전불이행,건조,맑음,단일로 - 기타,원동기,남,50세,경상,,,,
2020122400100201,2020년 12월 24일 12시,목요일,충청북도 청주시 흥덕구 봉명동,경상사고,0,0,1,0,차대차 - 기타,안전운전불이행,건조,맑음,단일로 - 기타,승용,남,30세,상해없음,승용,남,42세,경상
2020122400100272,2020년 12월 24일 14시,목요일,충청북도 충주시 교현동,경상사고,0,0,2,0,차대차 - 정면충돌,중앙선침범,건조,맑음,교차로 - 교차로부근,원동기,남,20세,경상,승용,여,53세,경상
2020122400100273,2020년 12월 24일 14시,목요일,충청북도 제천시 신동,경상사고,0,0,1,0,차대차 - 기타,안전거리미확보,건조,맑음,기타 - 기타,승용,여,66세,상해없음,화물,남,65세,경상
2020122400100274,2020년 12월 24일 14시,목요일,충청북도 보은군 회인면,중상사고,0,1,0,0,차대차 - 측면충돌,기타,건조,맑음,단일로 - 기타,승합,남,41세,상해없음,승용,남,54세,상해없음
2020122400100275,2020년 12월 24일 14시,목요일,충청북도 음성군 원남면,경상사고,0,0,1,0,차대차 - 측면충돌,차로위반,건조,맑음,교차로 - 교차로부근,농기계,남,65세,경상,화물,남,39세,상해없음
2020122400100349,2020년 12월 24일 16시,목요일,충청북도 충주시 연수동,경상사고,0,0,1,0,차대사람 - 횡단중,안전운전불이행,건조,맑음,교차로 - 교차로안,승용,남,55세,상해없음,보행자,남,60세,경상
2020122400100350,2020년 12월 24일 16시,목요일,충청북도 제천시 청전동,경상사고,0,0,4,0,차대차 - 정면충돌,교차로운행방법위반,건조,맑음,교차로 - 교차로안,승용,남,52세,경상,승용,여,58세,경상
2020122400100351,2020년 12월 24일 16시,목요일,충청북도 청주시 흥덕구 복대동,경상사고,0,0,1,0,차대사람 - 기타,보행자보호의무위반,건조,맑음,교차로 - 교차로안,승용,여,53세,상해없음,보행자,여,8세,경상
2020122400100402,2020년 12월 24일 17시,목요일,충청북도 옥천군 옥천읍,경상사고,0,0,1,0,차대차 - 측면충돌,교차로운행방법위반,건조,맑음,교차로 - 교차로안,승용,남,71세,상해없음,승용,여,69세,경상
2020122400100403,2020년 12월 24일 17시,목요일,충청북도 청주시 흥덕구 복대동,경상사고,0,0,1,0,차대사람 - 횡단중,기타,건조,맑음,교차로 - 교차로횡단보도내,승용,여,34세,상해없음,보행자,여,7세,경상
2020122400100467,2020년 12월 24일 18시,목요일,충청북도 청주시 청원구 율량동,경상사고,0,0,1,0,차대차 - 후진중충돌,안전운전불이행,건조,맑음,교차로 - 교차로부근,승용,남,72세,상해없음,이륜,남,19세,경상
2020122400100468,2020년 12월 24일 18시,목요일,충청북도 청주시 서원구 남이면,경상사고,0,0,1,0,차대차 - 기타,안전운전불이행,건조,맑음,단일로 - 기타,승용,여,54세,상해없음,화물,남,42세,경상
2020122400100469,2020년 12월 24일 18시,목요일,충청북도 청주시 흥덕구 봉명동,경상사고,0,0,1,0,차대차 - 기타,안전운전불이행,건조,맑음,단일로 - 기타,화물,남,71세,상해없음,이륜,남,27세,경상
2020122400100470,2020년 12월 24일 18시,목요일,충청북도 청주시 흥덕구 가경동,경상사고,0,0,1,0,차대차 - 기타,안전거리미확보,건조,맑음,단일로 - 기타,승용,남,52세,상해없음,이륜,남,24세,경상
2020122400100471,2020년 12월 24일 18시,목요일,충청북도 청주시 흥덕구 복대동,경상사고,0,0,1,0,차대차 - 추돌,안전운전불이행,건조,맑음,교차로 - 교차로부근,승용,여,22세,상해없음,승용,여,28세,경상
2020122400100533,2020년 12월 24일 19시,목요일,충청북도 청주시 청원구 사천동,경상사고,0,0,1,0,차대차 - 측면충돌,중앙선침범,건조,맑음,교차로 - 교차로부근,승용,남,23세,상해없음,이륜,남,24세,경상
2020122400100534,2020년 12월 24일 19시,목요일,충청북도 제천시 하소동,경상사고,0,0,2,0,차대차 - 측면충돌,직진우회전진행방해,건조,맑음,교차로 - 교차로안,승용,남,49세,상해없음,승용,남,20세,경상