사고번호,사고일시,요일,시군구,사고내용,사망자수,중상자수,경상자수,부상신고자수,사고유형,법규위반,노면상태,기상상태,도로형태,가해운전자 차종,가해운전자 성별,가해운전자 연령,가해운전자 상해정도,피해운전자 차종,피해운전자 성별,피해운전자 연령,피해운전자 상해정도
2020122400100535,2020년 12월 24일 19시,목요일,충청북도 청주시 흥덕구 복대동,경상사고,0,0,1,0,차대차 - 기타,안전운전불이행,서리/결빙,맑음,교차로 - 교차로부근,승용,남,58세,상해없음,이륜,남,30세,경상
2020122400100612,2020년 12월 24일 21시,목요일,충청북도 청주시 청원구 오창읍,경상사고,0,0,1,0,차대차 - 기타,교차로운행방법위반,건조,맑음,교차로 - 교차로안,화물,남,38세,상해없음,승용,남,44세,경상
2020122400100613,2020년 12월 24일 21시,목요일,충청북도 충주시 연수동,중상사고,0,1,0,0,차대사람 - 기타,안전운전불이행,건조,맑음,교차로 - 교차로부근,승용,남,23세,상해없음,보행자,남,68세,중상
2020122400100614,2020년 12월 24일 21시,목요일,충청북도 충주시 봉방동,경상사고,0,0,2,0,차대차 - 추돌,안전운전불이행,건조,흐림,단일로 - 기타,승합,여,42세,상해없음,화물,남,31세,경상
2020122400100615,2020년 12월 24일 21시,목요일,충청북도 청주시 흥덕구 봉명동,경상사고,0,0,1,0,차대차 - 측면충돌,안전운전불이행,건조,맑음,단일로 - 기타,승용,남,55세,상해없음,승용,남,37세,경상
2020122400100644,2020년 12월 24일 22시,목요일,충청북도 청주시 흥덕구 봉명동,경상사고,0,0,1,0,차대차 - 추돌,안전운전불이행,건조,맑음,교차로 - 교차로부근,승용,여,32세,상해없음,승용,남,53세,경상
2020122500100059,2020년 12월 25일 09시,금요일,충청북도 청주시 흥덕구 오송읍,경상사고,0,0,1,0,차대차 - 후진중충돌,안전운전불이행,건조,맑음,단일로 - 기타,화물,남,66세,상해없음,승용,여,58세,경상
2020122500100065,2020년 12월 25일 10시,금요일,충청북도 청주시 상당구 대성동,중상사고,0,1,0,0,차대차 - 후진중충돌,안전운전불이행,건조,맑음,교차로 - 교차로안,화물,남,40세,상해없음,화물,남,41세,중상
2020122500100080,2020년 12월 25일 11시,금요일,충청북도 진천군 진천읍,중상사고,0,1,0,0,차대차 - 추돌,안전거리미확보,건조,맑음,단일로 - 기타,승용,여,47세,상해없음,승용,남,63세,중상
2020122500100104,2020년 12월 25일 12시,금요일,충청북도 보은군 보은읍,부상신고사고,0,0,0,1,차대차 - 측면충돌,교차로운행방법위반,건조,맑음,교차로 - 교차로안,자전거,남,12세,부상신고,승용,남,29세,상해없음
2020122500100154,2020년 12월 25일 14시,금요일,충청북도 충주시 목행동,경상사고,0,0,1,1,차대차 - 기타,안전운전불이행,건조,맑음,단일로 - 기타,승용,남,52세,부상신고,승용,남,35세,경상
2020122500100155,2020년 12월 25일 14시,금요일,충청북도 증평군 증평읍,경상사고,0,0,2,0,차대차 - 측면충돌,안전운전불이행,건조,맑음,단일로 - 기타,건설기계,남,65세,상해없음,승용,남,29세,경상
2020122500100207,2020년 12월 25일 16시,금요일,충청북도 청주시 상당구 용암동,경상사고,0,0,2,0,차대차 - 측면충돌,불법유턴,건조,맑음,단일로 - 기타,승용,남,46세,경상,건설기계,남,53세,경상
2020122500100233,2020년 12월 25일 17시,금요일,충청북도 청주시 청원구 주중동,중상사고,0,1,0,0,차대차 - 기타,중앙선침범,건조,맑음,단일로 - 기타,승용,남,39세,상해없음,이륜,남,41세,중상
2020122500100234,2020년 12월 25일 17시,금요일,충청북도 청주시 상당구 금천동,중상사고,0,1,0,0,차대차 - 측면충돌,안전운전불이행,건조,맑음,교차로 - 교차로안,승용,남,45세,상해없음,이륜,남,29세,중상
2020122500100298,2020년 12월 25일 19시,금요일,충청북도 음성군 맹동면,중상사고,0,1,0,0,차대차 - 기타,안전운전불이행,기타,흐림,교차로 - 교차로부근,이륜,남,31세,상해없음,이륜,남,34세,중상
2020122500100324,2020년 12월 25일 20시,금요일,충청북도 청주시 상당구 문의면,경상사고,0,0,2,0,차대차 - 정면충돌,신호위반,건조,맑음,교차로 - 교차로안,승용,남,37세,상해없음,승용,남,47세,경상
2020122500100325,2020년 12월 25일 20시,금요일,충청북도 청주시 상당구 남일면,경상사고,0,0,2,0,차대차 - 추돌,안전운전불이행,건조,맑음,단일로 - 기타,화물,남,56세,상해없음,승용,남,35세,경상
2020122500100356,2020년 12월 25일 21시,금요일,충청북도 청주시 청원구 내수읍,중상사고,0,2,1,0,차대차 - 기타,안전운전불이행,건조,맑음,교차로 - 교차로부근,화물,남,62세,상해없음,승용,남,27세,경상
2020122500100357,2020년 12월 25일 21시,금요일,충청북도 충주시 목행동,중상사고,0,1,0,0,차대차 - 기타,직진우회전진행방해,건조,맑음,교차로 - 교차로부근,승합,남,51세,상해없음,자전거,남,32세,중상
2020122500100358,2020년 12월 25일 21시,금요일,충청북도 진천군 덕산읍,경상사고,0,0,1,0,차대차 - 추돌,기타,건조,맑음,단일로 - 기타,승용,남,38세,상해없음,승용,남,39세,경상
2020122600100007,2020년 12월 26일 00시,토요일,충청북도 청주시 상당구 영동,경상사고,0,0,2,0,차대차 - 측면충돌,안전운전불이행,건조,맑음,단일로 - 지하차도(도로)내,승용,남,43세,상해없음,승용,남,63세,경상
2020122600100016,2020년 12월 26일 02시,토요일,충청북도 충주시 연수동,중상사고,0,1,1,0,차대차 - 기타,신호위반,건조,맑음,교차로 - 교차로안,승용,남,55세,상해없음,원동기,남,29세,중상
2020122600100049,2020년 12월 26일 08시,토요일,충청북도 음성군 음성읍,중상사고,0,1,0,0,차량단독 - 공작물충돌,안전운전불이행,서리/결빙,맑음,단일로 - 기타,승용,여,67세,중상,,,,
2020122600100108,2020년 12월 26일 11시,토요일,충청북도 청주시 흥덕구 비하동,경상사고,0,0,4,0,차대차 - 추돌,안전운전불이행,건조,흐림,교차로 - 교차로부근,승용,남,22세,상해없음,승용,여,38세,경상
2020122600100124,2020년 12월 26일 12시,토요일,충청북도 충주시 연수동,경상사고,0,0,1,0,차대차 - 기타,안전운전불이행,건조,맑음,교차로 - 교차로안,승용,여,46세,상해없음,이륜,남,26세,경상
2020122600100148,2020년 12월 26일 13시,토요일,충청북도 청주시 상당구 북문로3가동,중상사고,0,1,0,0,차대차 - 기타,신호위반,건조,맑음,교차로 - 교차로안,이륜,남,37세,중상,승용,남,62세,기타불명
2020122600100177,2020년 12월 26일 14시,토요일,충청북도 청주시 흥덕구 비하동,경상사고,0,0,1,0,차대차 - 기타,안전운전불이행,건조,맑음,단일로 - 기타,승용,남,23세,경상,승용,남,50세,상해없음
2020122600100203,2020년 12월 26일 15시,토요일,충청북도 충주시 교현동,부상신고사고,0,0,0,1,차대사람 - 기타,안전운전불이행,건조,맑음,단일로 - 기타,자전거,남,48세,상해없음,보행자,남,59세,부상신고
2020122600100226,2020년 12월 26일 16시,토요일,충청북도 청주시 상당구 탑동,경상사고,0,0,1,0,차대차 - 측면충돌,차로위반,건조,맑음,교차로 - 교차로안,승용,남,47세,상해없음,승용,남,56세,경상
2020122600100258,2020년 12월 26일 17시,토요일,충청북도 청주시 흥덕구 강서동,경상사고,0,0,2,0,차대차 - 측면충돌,직진우회전진행방해,건조,맑음,교차로 - 교차로안,승용,남,53세,상해없음,승용,남,27세,경상
2020122600100301,2020년 12월 26일 18시,토요일,충청북도 충주시 용산동,경상사고,0,0,1,0,차대차 - 측면충돌,직진우회전진행방해,건조,흐림,교차로 - 교차로안,이륜,남,26세,경상,승용,남,52세,상해없음
2020122600100336,2020년 12월 26일 19시,토요일,충청북도 청주시 청원구 율량동,사망사고,1,0,0,0,차대사람 - 횡단중,안전운전불이행,건조,맑음,교차로 - 교차로횡단보도내,승용,남,28세,상해없음,보행자,남,69세,사망
2020122600100337,2020년 12월 26일 19시,토요일,충청북도 제천시 장락동,경상사고,0,0,1,0,차대차 - 후진중충돌,안전운전불이행,건조,맑음,교차로 - 교차로안,승용,여,26세,상해없음,승용,남,40세,경상
2020122600100338,2020년 12월 26일 19시,토요일,충청북도 진천군 덕산면,경상사고,0,0,1,0,차대차 - 측면충돌,안전거리미확보,건조,맑음,단일로 - 기타,승용,남,36세,상해없음,원동기,남,36세,경상
2020122600100364,2020년 12월 26일 20시,토요일,충청북도 단양군 단양읍,중상사고,0,1,1,0,차대사람 - 횡단중,기타,건조,맑음,교차로 - 교차로부근,이륜,남,18세,상해없음,보행자,남,61세,중상
2020122600100365,2020년 12월 26일 20시,토요일,충청북도 청주시 서원구 분평동,경상사고,0,0,3,0,차대차 - 추돌,안전거리미확보,건조,맑음,단일로 - 지하차도(도로)내,승용,남,42세,상해없음,승용,남,48세,경상
2020122600100391,2020년 12월 26일 21시,토요일,충청북도 청주시 청원구 오창읍,중상사고,0,1,0,0,차대차 - 기타,안전거리미확보,건조,맑음,단일로 - 기타,승용,남,31세,상해없음,이륜,남,64세,중상
2020122600100392,2020년 12월 26일 21시,토요일,충청북도 청주시 청원구 오창읍,중상사고,0,1,0,0,차대차 - 기타,직진우회전진행방해,건조,맑음,교차로 - 교차로안,승용,여,36세,기타불명,승용,여,46세,중상
2020122700100102,2020년 12월 27일 14시,일요일,충청북도 제천시 하소동,중상사고,0,1,0,0,차대사람 - 횡단중,보행자보호의무위반,건조,맑음,교차로 - 교차로횡단보도내,승용,남,32세,상해없음,보행자,여,77세,중상
2020122700100119,2020년 12월 27일 15시,일요일,충청북도 청주시 흥덕구 봉명동,경상사고,0,0,1,0,차대차 - 측면충돌,안전운전불이행,건조,맑음,단일로 - 기타,승용,남,51세,상해없음,이륜,남,45세,경상
2020122700100145,2020년 12월 27일 16시,일요일,충청북도 청주시 흥덕구 강내면,경상사고,0,0,1,0,차대사람 - 횡단중,안전운전불이행,건조,맑음,교차로 - 교차로부근,승용,남,60세,상해없음,보행자,여,21세,경상
2020122700100233,2020년 12월 27일 19시,일요일,충청북도 청주시 청원구 오창읍,경상사고,0,0,2,0,차대차 - 측면충돌,차로위반,건조,맑음,교차로 - 교차로부근,특수,남,55세,상해없음,승용,남,30세,경상
2020122700100234,2020년 12월 27일 19시,일요일,충청북도 청주시 흥덕구 송정동,경상사고,0,0,1,0,차대차 - 추돌,안전운전불이행,건조,맑음,단일로 - 기타,이륜,남,47세,상해없음,승용,남,48세,경상
2020122700100252,2020년 12월 27일 20시,일요일,충청북도 청주시 흥덕구 가경동,중상사고,0,1,0,0,차대사람 - 기타,보행자보호의무위반,건조,맑음,교차로 - 교차로안,승용,남,18세,상해없음,보행자,여,60세,중상
2020122700100253,2020년 12월 27일 20시,일요일,충청북도 청주시 서원구 장암동,중상사고,0,1,0,0,차대차 - 기타,안전운전불이행,건조,맑음,단일로 - 기타,기타불명,기타불명,미분류,기타불명,이륜,남,54세,중상
2020122700100280,2020년 12월 27일 21시,일요일,충청북도 청주시 서원구 남이면,부상신고사고,0,0,0,1,차대차 - 기타,기타,건조,맑음,단일로 - 기타,승용,남,34세,상해없음,승용,남,48세,부상신고
2020122800100059,2020년 12월 28일 07시,월요일,충청북도 청주시 상당구 남일면,경상사고,0,0,1,0,차대차 - 추돌,안전운전불이행,건조,맑음,단일로 - 기타,승용,남,60세,상해없음,승용,남,27세,경상
2020122800100084,2020년 12월 28일 08시,월요일,충청북도 증평군 증평읍,경상사고,0,0,3,0,차대차 - 정면충돌,중앙선침범,젖음/습기,흐림,교차로 - 교차로부근,화물,남,51세,상해없음,승용,남,28세,경상
2020122800100085,2020년 12월 28일 08시,월요일,충청북도 옥천군 옥천읍,경상사고,0,0,1,0,차대차 - 측면충돌,기타,건조,맑음,교차로 - 교차로부근,화물,남,49세,경상,화물,남,60세,상해없음
2020122800100118,2020년 12월 28일 09시,월요일,충청북도 청주시 서원구 모충동,경상사고,0,0,1,0,차대차 - 정면충돌,안전운전불이행,건조,맑음,교차로 - 교차로안,승용,여,56세,상해없음,승용,남,24세,경상
2020122800100150,2020년 12월 28일 10시,월요일,충청북도 제천시 신동,경상사고,0,0,1,0,차대차 - 추돌,안전거리미확보,건조,맑음,단일로 - 기타,승용,남,78세,상해없음,화물,남,77세,경상
2020122800100151,2020년 12월 28일 10시,월요일,충청북도 청주시 흥덕구 봉명동,경상사고,0,0,1,0,차대차 - 추돌,안전운전불이행,건조,맑음,단일로 - 기타,화물,남,43세,상해없음,화물,남,40세,경상
2020122800100152,2020년 12월 28일 10시,월요일,충청북도 청주시 흥덕구 송정동,경상사고,0,0,2,0,차대차 - 기타,안전거리미확보,건조,맑음,교차로 - 교차로안,승용,남,41세,상해없음,승용,남,34세,경상
2020122800100181,2020년 12월 28일 11시,월요일,충청북도 청주시 상당구 금천동,중상사고,0,1,0,0,차대차 - 기타,안전운전불이행,건조,맑음,교차로 - 교차로안,승용,남,60세,상해없음,원동기,남,33세,중상
2020122800100182,2020년 12월 28일 11시,월요일,충청북도 청주시 상당구 탑동,경상사고,0,0,2,0,차대차 - 측면충돌,안전운전불이행,건조,맑음,교차로 - 교차로안,승용,여,60세,상해없음,승용,여,72세,경상
2020122800100208,2020년 12월 28일 12시,월요일,충청북도 충주시 교현동,경상사고,0,0,3,0,차대차 - 기타,안전운전불이행,건조,맑음,교차로 - 교차로안,승용,여,50세,상해없음,승용,남,49세,경상
2020122800100243,2020년 12월 28일 13시,월요일,충청북도 충주시 호암동,경상사고,0,0,8,0,차대차 - 측면충돌,안전거리미확보,건조,맑음,교차로 - 교차로안,승용,여,58세,상해없음,승합,남,41세,경상
2020122800100244,2020년 12월 28일 13시,월요일,충청북도 청주시 흥덕구 봉명동,경상사고,0,0,1,0,차대차 - 기타,안전운전불이행,건조,맑음,교차로 - 교차로안,승용,남,66세,상해없음,승용,남,52세,경상
2020122800100283,2020년 12월 28일 14시,월요일,충청북도 청주시 청원구 율량동,경상사고,0,0,1,0,차대사람 - 차도통행중,안전운전불이행,건조,맑음,교차로 - 교차로안,승용,남,39세,상해없음,보행자,여,59세,경상
2020122800100284,2020년 12월 28일 14시,월요일,충청북도 제천시 청전동,경상사고,0,0,2,0,차대차 - 측면충돌,교차로운행방법위반,젖음/습기,흐림,교차로 - 교차로안,승용,여,64세,상해없음,승용,여,32세,경상
2020122800100285,2020년 12월 28일 14시,월요일,충청북도 영동군 영동읍,경상사고,0,0,1,0,차대사람 - 횡단중,보행자보호의무위반,건조,맑음,교차로 - 교차로안,건설기계,남,50세,상해없음,보행자,여,79세,경상
2020122800100327,2020년 12월 28일 15시,월요일,충청북도 청주시 청원구 우암동,경상사고,0,0,1,0,차대차 - 기타,신호위반,건조,맑음,교차로 - 교차로안,승용,여,53세,상해없음,자전거,남,69세,경상
2020122800100328,2020년 12월 28일 15시,월요일,충청북도 청주시 청원구 율량동,경상사고,0,0,3,0,차대차 - 기타,안전거리미확보,건조,맑음,교차로 - 교차로부근,승용,여,35세,경상,승용,남,39세,경상
2020122800100329,2020년 12월 28일 15시,월요일,충청북도 청주시 서원구 남이면,중상사고,0,1,2,0,차대차 - 기타,안전운전불이행,건조,맑음,교차로 - 교차로안,건설기계,남,55세,상해없음,승용,남,51세,경상
2020122800100330,2020년 12월 28일 15시,월요일,충청북도 청주시 흥덕구 가경동,중상사고,0,2,1,0,차대차 - 측면충돌,안전운전불이행,건조,맑음,교차로 - 교차로안,승용,남,73세,중상,특수,남,39세,경상
2020122800100455,2020년 12월 28일 18시,월요일,충청북도 보은군 수한면,중상사고,0,1,0,0,차대사람 - 차도통행중,안전운전불이행,건조,맑음,단일로 - 기타,승용,여,30세,상해없음,보행자,여,85세,중상
2020122800100456,2020년 12월 28일 18시,월요일,충청북도 청주시 흥덕구 가경동,경상사고,0,0,1,0,차대차 - 추돌,안전거리미확보,건조,맑음,교차로 - 교차로부근,승용,남,49세,상해없음,승용,여,21세,경상
2020122800100457,2020년 12월 28일 18시,월요일,충청북도 청주시 상당구 용암동,경상사고,0,0,1,0,차대차 - 측면충돌,안전운전불이행,건조,맑음,교차로 - 교차로안,화물,남,59세,상해없음,승용,여,39세,경상
2020122800100515,2020년 12월 28일 20시,월요일,충청북도 청주시 청원구 오창읍,중상사고,0,1,0,0,차대차 - 측면충돌,안전거리미확보,건조,맑음,단일로 - 기타,승용,남,22세,상해없음,이륜,남,41세,중상
2020122800100516,2020년 12월 28일 20시,월요일,충청북도 청주시 상당구 용암동,경상사고,0,0,1,0,차대차 - 기타,교차로운행방법위반,건조,맑음,교차로 - 교차로안,승용,남,57세,상해없음,이륜,남,22세,경상
2020122900100023,2020년 12월 29일 06시,화요일,충청북도 청주시 흥덕구 휴암동,중상사고,0,1,0,0,차대차 - 기타,안전운전불이행,건조,맑음,단일로 - 기타,승용,남,31세,중상,건설기계,남,68세,상해없음
2020122900100059,2020년 12월 29일 08시,화요일,충청북도 청주시 흥덕구 옥산면,중상사고,0,1,2,0,차대차 - 기타,과속,건조,흐림,교차로 - 교차로안,승합,남,26세,경상,화물,남,39세,경상
2020122900100109,2020년 12월 29일 11시,화요일,충청북도 괴산군 괴산읍,경상사고,0,0,3,0,차대차 - 기타,안전운전불이행,건조,맑음,단일로 - 기타,화물,남,74세,상해없음,건설기계,남,31세,경상
2020122900100155,2020년 12월 29일 13시,화요일,충청북도 충주시 문화동,사망사고,1,0,0,1,차대차 - 기타,신호위반,건조,맑음,교차로 - 교차로안,원동기,남,78세,사망,승용,남,57세,부상신고
2020122900100204,2020년 12월 29일 15시,화요일,충청북도 음성군 음성읍,중상사고,0,1,0,0,차대차 - 측면충돌,교차로운행방법위반,건조,맑음,교차로 - 교차로안,화물,남,63세,상해없음,승용,여,39세,중상
2020122900100231,2020년 12월 29일 16시,화요일,충청북도 청주시 흥덕구 비하동,경상사고,0,0,2,0,차대차 - 추돌,안전운전불이행,건조,맑음,단일로 - 기타,승용,남,50세,상해없음,승용,여,58세,경상
2020122900100315,2020년 12월 29일 18시,화요일,충청북도 청주시 흥덕구 향정동,경상사고,0,0,1,0,차대사람 - 횡단중,보행자보호의무위반,건조,맑음,단일로 - 기타,승용,남,63세,상해없음,보행자,남,27세,경상
2020122900100368,2020년 12월 29일 19시,화요일,충청북도 제천시 하소동,경상사고,0,0,2,0,차대사람 - 횡단중,보행자보호의무위반,젖음/습기,눈,교차로 - 교차로횡단보도내,승합,남,70세,상해없음,보행자,남,60세,경상
2020122900100369,2020년 12월 29일 19시,화요일,충청북도 옥천군 군서면,중상사고,0,1,0,0,차대차 - 추돌,안전거리미확보,서리/결빙,눈,단일로 - 기타,화물,남,55세,상해없음,승용,남,47세,중상
2020122900100370,2020년 12월 29일 19시,화요일,충청북도 청주시 서원구 수곡동,중상사고,0,1,0,0,차대차 - 측면충돌,안전운전불이행,젖음/습기,비,교차로 - 교차로안,이륜,남,44세,중상,승용,여,34세,상해없음
2020122900100437,2020년 12월 29일 21시,화요일,충청북도 청주시 상당구 금천동,경상사고,0,0,1,0,차대차 - 추돌,안전운전불이행,젖음/습기,눈,교차로 - 교차로안,승용,남,32세,상해없음,승용,남,35세,경상
2020123000100005,2020년 12월 30일 00시,수요일,충청북도 진천군 덕산면,경상사고,0,0,1,0,차대차 - 측면충돌,안전운전불이행,건조,맑음,교차로 - 교차로안,승용,남,27세,상해없음,승용,남,35세,경상
2020123000100010,2020년 12월 30일 01시,수요일,충청북도 진천군 광혜원면,부상신고사고,0,0,0,2,차대차 - 추돌,안전운전불이행,젖음/습기,눈,단일로 - 터널,화물,남,32세,부상신고,승용,남,57세,부상신고
2020123000100032,2020년 12월 30일 06시,수요일,충청북도 충주시 주덕읍,사망사고,1,0,0,0,차대사람 - 기타,안전운전불이행,건조,맑음,단일로 - 기타,특수,남,55세,상해없음,보행자,여,64세,사망
2020123000100074,2020년 12월 30일 08시,수요일,충청북도 청주시 청원구 오창읍,중상사고,0,1,0,0,차량단독 - 도로외이탈 - 추락,안전운전불이행,서리/결빙,맑음,단일로 - 기타,화물,남,61세,중상,,,,
2020123000100075,2020년 12월 30일 08시,수요일,충청북도 청주시 흥덕구 송절동,중상사고,0,1,0,0,차대차 - 기타,안전운전불이행,서리/결빙,눈,교차로 - 교차로안,승용,남,30세,상해없음,승용,여,28세,중상
2020123000100100,2020년 12월 30일 09시,수요일,충청북도 충주시 목행동,경상사고,0,0,1,0,차대차 - 측면충돌,교차로운행방법위반,건조,맑음,교차로 - 교차로안,승용,남,61세,상해없음,승용,남,57세,경상
2020123000100123,2020년 12월 30일 10시,수요일,충청북도 충주시 교현동,경상사고,0,0,1,0,차대차 - 측면충돌,안전거리미확보,건조,맑음,교차로 - 교차로부근,자전거,여,63세,경상,승용,여,53세,상해없음
2020123000100147,2020년 12월 30일 11시,수요일,충청북도 청주시 서원구 분평동,경상사고,0,0,1,0,차대사람 - 보도통행중,안전운전불이행,적설,눈,단일로 - 기타,승용,남,47세,상해없음,보행자,여,39세,경상
2020123000100181,2020년 12월 30일 12시,수요일,충청북도 청주시 서원구 남이면,경상사고,0,0,1,0,차대차 - 측면충돌,신호위반,건조,맑음,교차로 - 교차로안,승용,남,54세,상해없음,화물,남,37세,경상
2020123000100216,2020년 12월 30일 13시,수요일,충청북도 충주시 산척면,부상신고사고,0,0,0,4,차량단독 - 전도전복 - 전도,안전운전불이행,적설,눈,단일로 - 기타,승용,남,38세,부상신고,,,,
2020123000100239,2020년 12월 30일 14시,수요일,충청북도 청주시 상당구 용암동,부상신고사고,0,0,0,1,차대사람 - 기타,안전운전불이행,서리/결빙,맑음,기타 - 기타,승용,남,58세,상해없음,보행자,여,81세,부상신고
2020123000100270,2020년 12월 30일 15시,수요일,충청북도 충주시 안림동,중상사고,0,1,0,0,차대차 - 측면충돌,안전거리미확보,건조,맑음,단일로 - 기타,원동기,여,76세,중상,승용,남,61세,상해없음
2020123000100309,2020년 12월 30일 16시,수요일,충청북도 진천군 진천읍,경상사고,0,0,1,0,차대차 - 추돌,안전운전불이행,건조,맑음,단일로 - 기타,승용,남,44세,상해없음,승용,남,37세,경상
2020123000100394,2020년 12월 30일 18시,수요일,충청북도 청주시 청원구 오창읍,경상사고,0,0,2,0,차대차 - 기타,신호위반,젖음/습기,흐림,교차로 - 교차로부근,승용,남,42세,경상,승용,여,24세,경상
2020123000100395,2020년 12월 30일 18시,수요일,충청북도 청주시 청원구 오창읍,경상사고,0,0,1,0,차대차 - 기타,안전운전불이행,건조,맑음,교차로 - 교차로부근,승용,남,60세,상해없음,승용,남,29세,경상
2020123000100442,2020년 12월 30일 19시,수요일,충청북도 청주시 서원구 사창동,경상사고,0,0,1,0,차대차 - 추돌,안전운전불이행,젖음/습기,흐림,교차로 - 교차로부근,승용,남,23세,상해없음,승용,남,52세,경상
2020123000100465,2020년 12월 30일 20시,수요일,충청북도 청주시 서원구 산남동,경상사고,0,0,1,0,차대차 - 추돌,안전운전불이행,젖음/습기,맑음,교차로 - 교차로부근,승용,남,25세,상해없음,승용,남,42세,경상
2020123000100503,2020년 12월 30일 21시,수요일,충청북도 청주시 흥덕구 봉명동,경상사고,0,0,2,0,차대차 - 추돌,안전운전불이행,건조,맑음,교차로 - 교차로부근,승용,남,43세,상해없음,승용,남,48세,경상
2020123100100004,2020년 12월 31일 01시,목요일,충청북도 제천시 중앙로1가,중상사고,0,2,0,0,차대차 - 측면충돌,신호위반,건조,맑음,교차로 - 교차로안,승용,남,22세,상해없음,승용,남,29세,중상
2020123100100009,2020년 12월 31일 02시,목요일,충청북도 제천시 명동,경상사고,0,0,1,0,차대차 - 추돌,안전운전불이행,건조,흐림,교차로 - 교차로부근,승용,남,38세,경상,승용,여,33세,기타불명
2020123100100024,2020년 12월 31일 06시,목요일,충청북도 음성군 대소면,중상사고,0,1,0,0,차량단독 - 공작물충돌,안전운전불이행,젖음/습기,맑음,단일로 - 기타,승용,여,59세,중상,,,,
2020123100100058,2020년 12월 31일 08시,목요일,충청북도 괴산군 감물면,중상사고,0,1,0,0,차대차 - 측면충돌,안전운전불이행,젖음/습기,흐림,단일로 - 기타,승합,남,61세,상해없음,승용,여,49세,중상
2020123100100092,2020년 12월 31일 10시,목요일,충청북도 청주시 흥덕구 복대동,중상사고,0,2,0,0,차대차 - 기타,중앙선침범,서리/결빙,맑음,단일로 - 기타,화물,남,62세,상해없음,승용,여,53세,중상
2020123100100125,2020년 12월 31일 11시,목요일,충청북도 음성군 맹동면,중상사고,0,1,0,0,차대차 - 측면충돌,교차로운행방법위반,건조,맑음,교차로 - 교차로안,승용,남,30세,상해없음,특수,남,48세,중상
2020123100100126,2020년 12월 31일 11시,목요일,충청북도 음성군 대소면,경상사고,0,0,3,0,차대차 - 측면충돌,안전운전불이행,건조,맑음,교차로 - 교차로안,화물,남,60세,상해없음,승용,남,51세,경상
2020123100100196,2020년 12월 31일 13시,목요일,충청북도 청주시 흥덕구 복대동,경상사고,0,0,1,0,차대사람 - 기타,안전운전불이행,건조,맑음,교차로 - 교차로부근,화물,남,50세,상해없음,보행자,남,48세,경상
2020123100100228,2020년 12월 31일 14시,목요일,충청북도 충주시 달천동,경상사고,0,0,1,1,차대차 - 기타,신호위반,건조,흐림,단일로 - 기타,승용,남,39세,부상신고,승용,여,55세,경상
2020123100100229,2020년 12월 31일 14시,목요일,충청북도 진천군 진천읍,경상사고,0,0,1,0,차대차 - 기타,교차로운행방법위반,건조,맑음,교차로 - 교차로안,승용,여,62세,상해없음,이륜,남,47세,경상
2020123100100254,2020년 12월 31일 15시,목요일,충청북도 청주시 흥덕구 옥산면,경상사고,0,0,2,0,차대차 - 기타,안전운전불이행,젖음/습기,눈,단일로 - 기타,승용,남,50세,상해없음,승용,여,38세,경상
2020123100100340,2020년 12월 31일 17시,목요일,충청북도 제천시 청전동,중상사고,0,3,0,0,차대차 - 정면충돌,중앙선침범,건조,맑음,단일로 - 기타,승용,남,45세,상해없음,승용,여,41세,중상
2020123100100341,2020년 12월 31일 17시,목요일,충청북도 청주시 상당구 영운동,경상사고,0,0,3,0,차대차 - 측면충돌,교차로운행방법위반,건조,맑음,교차로 - 교차로안,승용,남,33세,경상,화물,남,42세,경상
2020123100100469,2020년 12월 31일 19시,목요일,충청북도 제천시 봉양읍,경상사고,0,0,1,0,차량단독 - 공작물충돌,안전운전불이행,건조,흐림,교차로 - 교차로부근,승용,여,41세,경상,,,,
2020123100100470,2020년 12월 31일 19시,목요일,충청북도 청주시 서원구 분평동,경상사고,0,0,1,0,차대사람 - 횡단중,보행자보호의무위반,건조,맑음,교차로 - 교차로횡단보도내,승용,남,56세,상해없음,보행자,남,52세,경상
2020123100100549,2020년 12월 31일 21시,목요일,충청북도 청주시 흥덕구 복대동,경상사고,0,0,1,0,차대차 - 추돌,기타,건조,맑음,단일로 - 기타,승용,남,55세,기타불명,승용,남,35세,경상
2020123100100550,2020년 12월 31일 21시,목요일,충청북도 청주시 상당구 영운동,경상사고,0,0,1,0,차대차 - 측면충돌,안전운전불이행,서리/결빙,눈,단일로 - 지하차도(도로)내,승용,남,59세,상해없음,승용,남,56세,경상
2020123100100579,2020년 12월 31일 22시,목요일,충청북도 청주시 청원구 오창읍,경상사고,0,0,1,0,차대차 - 기타,차로위반,건조,맑음,교차로 - 교차로안,승용,남,55세,상해없음,승용,여,36세,경상
2020123100100598,2020년 12월 31일 23시,목요일,충청북도 청주시 청원구 오동동,중상사고,0,1,1,0,차대차 - 정면충돌,신호위반,건조,맑음,교차로 - 교차로안,승용,남,26세,경상,승용,남,36세,중상
2020123100100599,2020년 12월 31일 23시,목요일,충청북도 충주시 칠금동,경상사고,0,0,1,0,차대차 - 정면충돌,신호위반,건조,맑음,교차로 - 교차로안,승용,남,33세,상해없음,승용,여,47세,경상